"Player";"Short Name";"Player ID";"Birthdate";"Team";"Team ID";"Competition";"Competition ID";"Season";"Season ID";"Position Group";"Minutes";"Minutes BIP";"Minutes TIP";"Minutes OTIP";"Count Performances (Physical Check passed)";"Count Performances (Physical Check failed)";"Distance";"M/min";"Running Distance";"HSR Distance";"HSR Count";"Sprint Distance";"Sprint Count";"HI Distance";"HI Count";"PSV-99";"TOP 5 PSV-99";"Medium Acceleration Count";"High Acceleration Count";"Medium Deceleration Count";"High Deceleration Count";"Explosive Acceleration to HSR Count";"TOP 3 Time to HSR";"TOP 3 Time to HSR post-COD";"Explosive Acceleration to Sprint Count";"TOP 3 Time to Sprint";"TOP 3 Time to Sprint post-COD";"Change of Direction Count";"TOP 3 Time to 505 around 90";"TOP 3 Time to 505 around 180";"Distance P90";"M/min P90";"Running Distance P90";"HSR Distance P90";"HSR Count P90";"Sprint Distance P90";"Sprint Count P90";"HI Distance P90";"HI Count P90";"Medium Acceleration Count P90";"High Acceleration Count P90";"Medium Deceleration Count P90";"High Deceleration Count P90";"Explosive Acceleration to HSR Count P90";"Explosive Acceleration to Sprint Count P90";"Change of Direction Count P90";"Distance P60BIP";"M/min BIP P60BIP";"Running Distance P60BIP";"HSR Distance P60BIP";"HSR Count P60BIP";"Sprint Distance P60BIP";"Sprint Count P60BIP";"HI Distance BIP P60BIP";"HI Count BIP P60BIP";"Medium Acceleration Count P60BIP";"High Acceleration Count P60BIP";"Medium Deceleration Count P60BIP";"High Deceleration Count P60BIP";"Distance TIP";"M/min TIP";"Running Distance TIP";"HSR Distance TIP";"HSR Count TIP";"Sprint Distance TIP";"Sprint Count TIP";"HI Distance TIP";"HI Count TIP";"Medium Acceleration Count TIP";"High Acceleration Count TIP";"Medium Deceleration Count TIP";"High Deceleration Count TIP";"Explosive Acceleration to HSR Count TIP";"Explosive Acceleration to Sprint Count TIP";"Change of Direction Count TIP";"Distance OTIP";"M/min OTIP";"Running Distance OTIP";"HSR Distance OTIP";"HSR Count OTIP";"Sprint Distance OTIP";"Sprint Count OTIP";"HI Distance OTIP";"HI Count OTIP";"Medium Acceleration Count OTIP";"High Acceleration Count OTIP";"Medium Deceleration Count OTIP";"High Deceleration Count OTIP";"Explosive Acceleration to HSR Count OTIP";"Explosive Acceleration to Sprint Count OTIP";"Change of Direction Count OTIP";"Distance TIP P30TIP";"M/min TIP P30TIP";"Running Distance TIP P30TIP";"HSR Distance TIP P30TIP";"HSR Count TIP P30TIP";"Sprint Distance TIP P30TIP";"Sprint Count TIP P30TIP";"HI Distance TIP P30TIP";"HI Count TIP P30TIP";"Medium Acceleration Count TIP P30TIP";"High Acceleration Count TIP P30TIP";"Medium Deceleration Count TIP P30TIP";"High Deceleration Count TIP P30TIP";"Explosive Acceleration to HSR Count TIP P30TIP";"Explosive Acceleration to Sprint Count TIP P30TIP";"Change of Direction Count TIP P30TIP";"Distance OTIP P30OTIP";"M/min OTIP P30OTIP";"Running Distance OTIP P30OTIP";"HSR Distance OTIP P30OTIP";"HSR Count OTIP P30OTIP";"Sprint Distance OTIP P30OTIP";"Sprint Count OTIP P30OTIP";"HI Distance OTIP P30OTIP";"HI Count OTIP P30OTIP";"Medium Acceleration Count OTIP P30OTIP";"High Acceleration Count OTIP P30OTIP";"Medium Deceleration Count OTIP P30OTIP";"High Deceleration Count OTIP P30OTIP";"Explosive Acceleration to HSR Count OTIP P30OTIP";"Explosive Acceleration to Sprint Count OTIP P30OTIP";"Change of Direction Count OTIP P30OTIP";"Explosive Acceleration to Sprint Count P60BIP";"Explosive Acceleration to HSR Count P60BIP";"Change of Direction Count P60BIP"
"Albin Ekdal";"A. Ekdal";"392";"1989-07-28";"Djurgardens IF";"522";"SWE - Allsvenskan";"90";"2025/2025";"128";"Midfield";"49,92";"27,01";"12,71";"14,29";"9";"0";"5961,0";"119,41";"1025,56";"271,56";"22,89";"38,78";"2,33";"310,33";"25,22";"26,04";"26,84";"59,67";"2,67";"49,44";"8,56";"1,44";"0,83";"0,86";"0,33";"1,62";"null";"20,22";"2,17";"2,84";"10747,31";"119,41";"1849,01";"489,6";"41,27";"69,91";"4,21";"559,51";"45,47";"107,58";"4,81";"89,15";"15,43";"2,6";"0,6";"36,46";"9588,48";"159,81";"2124,36";"576,63";"45,17";"78,5";"3,7";"655,13";"48,88";"89,85";"4,2";"68,38";"9,87";"1972,78";"155,16";"372,67";"67,56";"6,44";"11,22";"0,44";"78,78";"6,89";"16,67";"0,89";"12,44";"1,44";"0,11";"0,0";"6,67";"2343,22";"163,95";"583,56";"192,0";"13,89";"24,11";"1,22";"216,11";"15,11";"23,78";"1,0";"18,33";"3,0";"0,67";"0,22";"11,89";"4654,68";"155,16";"879,29";"159,39";"15,21";"26,48";"1,05";"185,87";"16,25";"39,32";"2,1";"29,36";"3,41";"0,26";"0,0";"15,73";"4918,4";"163,95";"1224,88";"403,01";"29,15";"50,61";"2,57";"453,61";"31,72";"49,91";"2,1";"38,48";"6,3";"1,4";"0,47";"24,95";"0,49";"1,73";"41,22"
"Alexander Fransson";"A. Fransson";"531";"1994-04-02";"IFK Norrköping";"1484";"SWE - Allsvenskan";"90";"2025/2025";"128";"Midfield";"78,15";"41,43";"18,78";"22,65";"21";"0";"9251,43";"118,37";"1579,1";"546,95";"41,33";"90,29";"5,14";"637,24";"46,48";"27,02";"29,22";"97,24";"3,81";"84,05";"11,95";"2,62";"0,62";"0,65";"0,52";"1,51";"1,51";"29,48";"1,97";"2,74";"10653,7";"118,37";"1818,44";"629,86";"47,6";"103,97";"5,92";"733,83";"53,52";"111,98";"4,39";"96,79";"13,76";"3,02";"0,6";"33,94";"9539,26";"158,99";"2090,01";"743,55";"54,83";"121,18";"5,52";"864,72";"60,35";"101,93";"3,31";"77,31";"10,9";"2755,33";"146,72";"493,05";"111,24";"9,29";"17,43";"0,81";"128,67";"10,1";"23,71";"0,86";"19,0";"2,19";"0,48";"0,05";"7,24";"3831,05";"169,16";"950,0";"402,14";"28,57";"66,24";"3,0";"468,38";"31,57";"46,67";"1,43";"34,38";"5,33";"0,81";"0,19";"20,38";"4401,45";"146,72";"787,61";"177,7";"14,83";"27,84";"1,29";"205,54";"16,13";"37,88";"1,37";"30,35";"3,5";"0,76";"0,08";"11,56";"5074,95";"169,16";"1258,45";"532,71";"37,85";"87,74";"3,97";"620,46";"41,82";"61,82";"1,89";"45,54";"7,07";"1,07";"0,25";"27,0";"0,34";"1,86";"40,0"
"Anders Bleg Christiansen";"A. Christiansen";"691";"1990-06-08";"Malmo FF";"426";"SWE - Allsvenskan";"90";"2025/2025";"128";"Center Forward";"56,19";"29,41";"16,53";"12,88";"3";"0";"6647,67";"118,31";"1077,33";"371,33";"30,0";"89,0";"4,67";"460,33";"34,67";"28,0";"28,0";"72,0";"4,67";"57,0";"9,33";"4,0";"0,91";"null";"0,33";"null";"null";"29,0";"2,4";"3,18";"10647,83";"118,31";"1725,61";"594,78";"48,05";"142,55";"7,47";"737,33";"55,53";"115,33";"7,47";"91,3";"14,95";"6,41";"0,53";"46,45";"9555,57";"159,26";"1984,96";"701,1";"57,8";"167,28";"6,8";"868,38";"64,6";"102,0";"6,12";"74,8";"11,56";"2599,0";"157,2";"551,0";"174,33";"15,0";"58,67";"2,33";"233,0";"17,33";"29,67";"1,67";"21,0";"2,67";"1,33";"0,0";"13,33";"2085,0";"161,91";"422,0";"169,33";"13,33";"23,33";"1,0";"192,67";"14,33";"20,33";"1,33";"15,67";"3,0";"0,67";"0,0";"13,33";"4715,93";"157,2";"999,8";"316,33";"27,22";"106,45";"4,23";"422,78";"31,45";"53,83";"3,02";"38,1";"4,84";"2,42";"0,0";"24,19";"4857,2";"161,91";"983,09";"394,48";"31,06";"54,36";"2,33";"448,84";"33,39";"47,37";"3,11";"36,5";"6,99";"1,55";"0,0";"31,06";"0,0";"4,08";"54,4"
"Anders Bleg Christiansen";"A. Christiansen";"691";"1990-06-08";"Malmo FF";"426";"SWE - Allsvenskan";"90";"2025/2025";"128";"Wide Attacker";"49,86";"27,32";"18,24";"9,07";"4";"0";"6200,5";"124,35";"1095,0";"433,25";"31,5";"79,0";"4,0";"512,25";"35,5";"27,3";"27,3";"65,75";"3,5";"51,75";"8,5";"2,25";"0,97";"null";"0,25";"null";"null";"19,75";"2,36";"null";"11191,68";"124,35";"1976,44";"782,0";"56,86";"142,59";"7,22";"924,59";"64,08";"118,68";"6,32";"93,41";"15,34";"4,06";"0,45";"35,65";"9646,31";"160,77";"2115,19";"884,08";"63,7";"154,85";"6,04";"1038,93";"69,74";"107,63";"4,94";"72,48";"12,63";"2877,25";"157,73";"633,75";"236,5";"17,25";"47,5";"1,5";"284,0";"18,75";"33,5";"1,5";"23,5";"2,5";"1,0";"0,25";"10,25";"1514,5";"166,89";"329,25";"166,0";"11,75";"23,0";"1,25";"189,0";"13,0";"15,5";"0,75";"9,5";"3,25";"0,25";"0,0";"7,75";"4731,89";"157,73";"1042,26";"388,94";"28,37";"78,12";"2,47";"467,06";"30,84";"55,09";"2,47";"38,65";"4,11";"1,64";"0,41";"16,86";"5006,61";"166,89";"1088,43";"548,76";"38,84";"76,03";"4,13";"624,79";"42,98";"51,24";"2,48";"31,4";"10,74";"0,83";"0,0";"25,62";"0,55";"2,75";"39,54"
"Arbër Zeneli";"A. Zeneli";"1011";"1995-02-25";"IF Elfsborg";"1483";"SWE - Allsvenskan";"90";"2025/2025";"128";"Wide Attacker";"55,67";"31,66";"15,22";"16,44";"12";"0";"6196,25";"111,29";"871,92";"450,08";"47,92";"201,5";"10,92";"651,58";"58,83";"29,7";"31,06";"72,42";"7,25";"57,75";"13,42";"5,58";"0,61";"0,62";"1,92";"1,14";"1,15";"30,42";"1,93";"2,95";"10016,39";"111,29";"1409,47";"727,57";"77,46";"325,73";"17,65";"1053,3";"95,11";"117,06";"11,72";"93,35";"21,69";"9,03";"3,1";"49,17";"8351,15";"139,19";"1485,45";"789,39";"82,11";"352,61";"18,16";"1141,99";"100,27";"98,22";"8,53";"68,69";"15,32";"2103,75";"138,2";"358,92";"216,42";"22,83";"106,08";"5,67";"322,5";"28,5";"25,25";"2,17";"16,17";"3,25";"1,67";"0,75";"13,5";"2303,42";"140,1";"425,0";"200,17";"20,5";"80,0";"3,92";"280,17";"24,42";"26,58";"2,33";"20,08";"4,83";"1,75";"0,42";"14,58";"4146,08";"138,2";"707,35";"426,51";"45,0";"209,07";"11,17";"635,58";"56,17";"49,76";"4,27";"31,86";"6,41";"3,28";"1,48";"26,61";"4202,89";"140,1";"775,47";"365,23";"37,4";"145,97";"7,15";"511,2";"44,55";"48,5";"4,26";"36,64";"8,82";"3,19";"0,76";"26,61";"2,21";"6,47";"53,22"
"Filip Helander";"F. Helander";"3438";"1993-04-22";"BK Hacken";"523";"SWE - Allsvenskan";"90";"2025/2025";"128";"Central Defender";"98,46";"59,0";"30,86";"28,14";"6";"0";"11110,33";"112,84";"1365,17";"417,33";"39,0";"125,17";"7,33";"542,5";"46,33";"28,82";"29,32";"119,0";"5,17";"101,17";"8,0";"2,5";"0,85";"0,85";"0,5";"null";"null";"22,83";"2,29";"null";"10155,58";"112,84";"1247,85";"381,47";"35,65";"114,41";"6,7";"495,88";"42,35";"108,77";"4,72";"92,47";"7,31";"2,29";"0,46";"20,87";"8432,94";"140,55";"1241,24";"381,37";"34,07";"111,53";"6,27";"492,9";"40,34";"86,61";"3,22";"69,83";"4,75";"4238,67";"137,35";"553,5";"90,5";"9,67";"22,33";"1,17";"112,83";"10,83";"35,0";"1,5";"32,33";"1,83";"0,33";"0,17";"7,0";"4053,33";"144,06";"667,0";"284,5";"23,83";"87,33";"5,0";"371,83";"28,83";"50,17";"1,67";"36,33";"2,83";"0,67";"0,17";"13,33";"4120,4";"137,35";"538,06";"87,97";"9,4";"21,71";"1,13";"109,68";"10,53";"34,02";"1,46";"31,43";"1,78";"0,32";"0,16";"6,8";"4321,85";"144,06";"711,19";"303,35";"25,41";"93,12";"5,33";"396,47";"30,74";"53,49";"1,78";"38,74";"3,02";"0,71";"0,18";"14,22";"0,34";"1,02";"20,68"
"Isaac Kiese Thelin";"I. Kiese Thelin";"4479";"1992-06-24";"Malmo FF";"426";"SWE - Allsvenskan";"90";"2025/2025";"128";"Center Forward";"68,02";"38,37";"21,05";"17,32";"10";"0";"7868,5";"115,69";"1233,8";"490,4";"43,4";"83,1";"5,4";"573,5";"48,8";"26,63";"27,24";"85,0";"6,4";"73,1";"11,7";"4,6";"0,77";"0,86";"0,5";"2,3";"null";"31,7";"2,05";"2,77";"10411,89";"115,69";"1632,61";"648,92";"57,43";"109,96";"7,15";"758,88";"64,57";"112,48";"8,47";"96,73";"15,48";"6,09";"0,66";"41,95";"8811,02";"146,85";"1720,95";"709,49";"60,21";"120,26";"6,1";"829,75";"66,3";"91,17";"6,26";"71,0";"10,32";"2902,9";"137,92";"493,7";"237,3";"20,7";"48,9";"2,7";"286,2";"23,4";"32,4";"2,3";"23,2";"2,7";"1,7";"0,3";"13,7";"2731,5";"157,71";"606,8";"216,4";"17,8";"28,0";"1,2";"244,4";"19,0";"25,9";"1,7";"22,2";"3,9";"0,9";"0,1";"15,4";"4137,48";"137,92";"703,67";"338,22";"29,5";"69,7";"3,85";"407,92";"33,35";"46,18";"3,28";"33,07";"3,85";"2,42";"0,43";"19,53";"4731,24";"157,71";"1051,04";"374,83";"30,83";"48,5";"2,08";"423,33";"32,91";"44,86";"2,94";"38,45";"6,76";"1,56";"0,17";"26,67";"0,63";"4,07";"45,51"
"Isak Ssewankambo";"I. Ssewankambo";"4485";"1996-02-27";"IF Brommapojkarna";"2941";"SWE - Allsvenskan";"90";"2025/2025";"128";"Central Defender";"77,67";"44,48";"19,17";"25,31";"6";"1";"7830,5";"100,81";"894,33";"276,67";"26,5";"65,67";"4,17";"342,33";"30,67";"27,98";"28,5";"88,17";"4,67";"70,33";"8,17";"2,83";"0,68";"0,81";"1,17";"1,69";"null";"18,17";"2,32";"null";"9073,0";"100,81";"1036,24";"320,57";"30,7";"76,09";"4,83";"396,65";"35,53";"102,16";"5,41";"81,49";"9,46";"3,28";"1,35";"21,05";"7629,68";"127,16";"1050,48";"335,69";"30,58";"81,84";"3,6";"417,54";"34,18";"82,29";"3,82";"62,28";"6,07";"2353,83";"122,81";"298,83";"72,17";"7,17";"19,17";"0,83";"91,33";"8,0";"19,83";"1,17";"15,0";"1,67";"0,5";"0,33";"4,0";"3301,67";"130,46";"479,83";"176,67";"15,5";"41,5";"1,83";"218,17";"17,33";"41,17";"1,67";"31,17";"2,83";"1,0";"0,17";"12,0";"3684,26";"122,81";"467,74";"112,96";"11,22";"30,0";"1,3";"142,96";"12,52";"31,04";"1,83";"23,48";"2,61";"0,78";"0,52";"6,26";"3913,73";"130,46";"568,78";"209,42";"18,37";"49,19";"2,17";"258,61";"20,55";"48,8";"1,98";"36,94";"3,36";"1,19";"0,2";"14,22";"0,67";"2,02";"21,59"
"Jere Uronen";"J. Uronen";"4916";"1994-07-13";"AIK";"524";"SWE - Allsvenskan";"90";"2025/2025";"128";"Full Back";"69,52";"35,14";"15,75";"19,39";"5";"0";"7615,0";"109,54";"1154,4";"567,4";"50,8";"168,2";"10,0";"735,6";"60,8";"27,3";"27,3";"92,2";"6,6";"73,6";"19,0";"4,2";"0,78";"0,95";"2,0";"1,5";"null";"29,8";"2,25";"3,04";"9858,31";"109,54";"1494,48";"734,55";"65,77";"217,75";"12,95";"952,3";"78,71";"119,36";"8,54";"95,28";"24,6";"5,44";"2,59";"38,58";"8763,01";"146,05";"1695,16";"880,71";"77,52";"260,22";"15,37";"1140,92";"92,89";"108,59";"7,51";"75,13";"17,42";"2160,4";"137,17";"387,2";"174,8";"17,0";"57,2";"3,4";"232,0";"20,4";"25,0";"1,8";"16,2";"4,4";"1,0";"0,8";"9,2";"2971,8";"153,26";"605,6";"341,0";"28,4";"95,2";"5,6";"436,2";"34,0";"38,6";"2,6";"27,8";"5,8";"1,8";"0,4";"18,2";"4115,05";"137,17";"737,52";"332,95";"32,38";"108,95";"6,48";"441,9";"38,86";"47,62";"3,43";"30,86";"8,38";"1,9";"1,52";"17,52";"4597,94";"153,26";"936,98";"527,59";"43,94";"147,29";"8,66";"674,88";"52,6";"59,72";"4,02";"43,01";"8,97";"2,78";"0,62";"28,16";"2,05";"4,78";"46,78"
"John Guidetti";"J. Guidetti";"5176";"1992-04-15";"AIK";"524";"SWE - Allsvenskan";"90";"2025/2025";"128";"Center Forward";"68,14";"33,51";"14,71";"18,8";"14";"0";"7444,5";"109,25";"1102,86";"499,71";"44,43";"106,0";"6,21";"605,71";"50,64";"27,53";"29,3";"82,14";"5,93";"63,64";"13,14";"4,07";"0,67";"0,74";"0,57";"1,79";"null";"41,0";"1,78";"2,83";"9832,87";"109,25";"1456,68";"660,03";"58,68";"140,01";"8,21";"800,04";"66,89";"108,5";"7,83";"84,06";"17,36";"5,38";"0,75";"54,15";"8995,78";"149,93";"1732,73";"814,25";"71,36";"172,52";"9,46";"986,77";"80,82";"100,26";"5,88";"69,44";"13,56";"2124,93";"144,42";"397,79";"207,21";"18,36";"50,07";"2,64";"257,29";"21,0";"27,71";"1,64";"16,64";"2,79";"1,21";"0,21";"15,36";"2899,5";"154,24";"570,0";"247,57";"21,5";"46,29";"2,64";"293,86";"24,14";"28,29";"1,64";"22,14";"4,79";"1,0";"0,07";"21,86";"4332,73";"144,42";"811,09";"422,51";"37,43";"102,1";"5,39";"524,61";"42,82";"56,51";"3,35";"33,93";"5,68";"2,48";"0,44";"31,31";"4627,15";"154,24";"909,63";"395,09";"34,31";"73,86";"4,22";"468,95";"38,53";"45,14";"2,62";"35,34";"7,64";"1,6";"0,11";"34,88";"0,51";"3,96";"66,63"
"Marcus Olsson";"M. Olsson";"6845";"1988-05-17";"Halmstads BK";"1735";"SWE - Allsvenskan";"90";"2025/2025";"128";"Central Defender";"80,94";"46,18";"18,69";"27,49";"13";"0";"8784,15";"108,53";"1080,08";"320,92";"27,15";"51,15";"3,15";"372,08";"30,31";"26,49";"27,96";"95,0";"3,08";"83,23";"8,62";"1,62";"0,76";"null";"0,15";"null";"null";"12,08";"2,3";"2,91";"9767,59";"108,53";"1201,0";"356,85";"30,19";"56,88";"3,51";"413,73";"33,7";"105,64";"3,42";"92,55";"9,58";"1,8";"0,17";"13,43";"8193,52";"136,56";"1200,9";"377,48";"31,18";"59,67";"2,4";"437,14";"33,58";"86,65";"2,1";"71,36";"6,1";"2415,85";"129,24";"304,54";"74,77";"6,31";"11,23";"0,46";"86,0";"6,77";"20,31";"0,38";"17,62";"1,69";"0,15";"0,0";"3,0";"3890,54";"141,53";"619,77";"215,77";"17,69";"34,69";"1,38";"250,46";"19,08";"46,38";"1,23";"37,31";"3,0";"0,62";"0,08";"7,85";"3877,28";"129,24";"488,77";"120,0";"10,12";"18,02";"0,74";"138,02";"10,86";"32,59";"0,62";"28,27";"2,72";"0,25";"0,0";"4,81";"4246,01";"141,53";"676,4";"235,48";"19,31";"37,86";"1,51";"273,35";"20,82";"50,62";"1,34";"40,72";"3,27";"0,67";"0,08";"8,56";"0,1";"1,0";"14,09"
"Niklas Hult";"N. Hult";"8063";"1990-02-13";"IF Elfsborg";"1483";"SWE - Allsvenskan";"90";"2025/2025";"128";"Full Back";"92,16";"52,08";"25,05";"27,02";"24";"0";"10746,12";"116,6";"1617,29";"756,04";"71,29";"276,12";"15,67";"1032,17";"86,96";"29,3";"30,92";"126,96";"8,0";"106,21";"22,96";"5,67";"0,69";"0,7";"2,0";"1,19";"1,28";"40,29";"1,85";"2,54";"10494,14";"116,6";"1579,37";"738,31";"69,62";"269,65";"15,3";"1007,96";"84,92";"123,98";"7,81";"103,72";"22,42";"5,53";"1,95";"39,35";"8804,61";"146,74";"1645,46";"804,99";"73,74";"301,15";"16,37";"1106,14";"90,11";"107,01";"6,39";"78,01";"15,12";"3669,54";"146,48";"671,58";"340,83";"32,75";"155,54";"8,29";"496,38";"41,04";"42,46";"3,25";"29,79";"6,71";"2,38";"0,96";"14,33";"3972,12";"146,99";"756,54";"357,83";"31,25";"105,83";"5,92";"463,67";"37,17";"50,42";"2,29";"37,92";"6,42";"1,67";"0,5";"22,5";"4394,3";"146,48";"804,22";"408,15";"39,22";"186,26";"9,93";"594,41";"49,15";"50,84";"3,89";"35,68";"8,03";"2,84";"1,15";"17,16";"4409,73";"146,99";"839,89";"397,26";"34,69";"117,49";"6,57";"514,75";"41,26";"55,97";"2,54";"42,09";"7,12";"1,85";"0,56";"24,98";"1,68";"4,66";"42,44"
"Pontus Jansson";"P. Jansson";"8732";"1991-02-13";"Malmo FF";"426";"SWE - Allsvenskan";"90";"2025/2025";"128";"Central Defender";"96,19";"53,53";"29,93";"23,6";"17";"0";"10346,47";"107,56";"1385,18";"464,06";"43,06";"136,94";"7,76";"601,0";"50,82";"28,76";"31,16";"108,82";"5,0";"85,71";"9,76";"2,82";"0,71";"0,88";"0,53";"1,57";"1,97";"21,12";"2,05";"2,74";"9680,74";"107,56";"1296,05";"434,2";"40,29";"128,13";"7,27";"562,33";"47,55";"101,82";"4,68";"80,19";"9,14";"2,64";"0,5";"19,76";"8263,43";"137,72";"1328,68";"455,6";"42,33";"135,29";"6,33";"590,89";"48,66";"82,75";"3,36";"61,05";"6,13";"3832,53";"128,03";"534,59";"136,41";"12,53";"31,18";"1,76";"167,59";"14,29";"29,76";"1,06";"24,29";"2,35";"0,53";"0,06";"5,18";"3539,88";"150,02";"650,82";"270,06";"25,24";"89,53";"3,88";"359,59";"29,12";"44,06";"1,94";"30,18";"3,12";"1,06";"0,29";"13,94";"3840,94";"128,03";"535,76";"136,71";"12,56";"31,24";"1,77";"167,96";"14,33";"29,83";"1,06";"24,35";"2,36";"0,53";"0,06";"5,19";"4500,6";"150,02";"827,46";"343,35";"32,08";"113,83";"4,94";"457,18";"37,02";"56,02";"2,47";"38,37";"3,96";"1,35";"0,37";"17,72";"0,4";"1,78";"21,43"
"Simon Gustafson";"S. Gustafson";"9863";"1995-01-11";"BK Hacken";"523";"SWE - Allsvenskan";"90";"2025/2025";"128";"Midfield";"92,05";"53,84";"29,47";"24,37";"20";"1";"11561,35";"125,6";"2051,2";"662,95";"61,45";"177,6";"10,25";"840,55";"71,7";"28,0";"29,26";"136,65";"5,4";"115,35";"17,6";"3,0";"0,63";"0,67";"0,65";"1,34";"1,45";"45,55";"1,74";"2,69";"11303,98";"125,6";"2005,54";"648,19";"60,08";"173,65";"10,02";"821,84";"70,1";"133,61";"5,28";"112,78";"17,21";"2,93";"0,64";"44,54";"9737,93";"162,3";"2126,92";"707,56";"64,08";"189,57";"10,09";"897,13";"74,17";"117,91";"4,18";"86,2";"12,59";"4645,95";"157,67";"968,15";"275,7";"26,55";"81,75";"4,25";"357,45";"30,8";"54,25";"1,85";"39,5";"4,95";"1,15";"0,2";"18,1";"4091,95";"167,9";"940,35";"359,2";"30,95";"88,35";"4,8";"447,55";"35,75";"51,55";"1,9";"37,85";"6,35";"0,95";"0,2";"25,25";"4730,04";"157,67";"985,67";"280,69";"27,03";"83,23";"4,33";"363,92";"31,36";"55,23";"1,88";"40,21";"5,04";"1,17";"0,2";"18,43";"5036,93";"167,9";"1157,51";"442,15";"38,1";"108,75";"5,91";"550,91";"44,01";"63,45";"2,34";"46,59";"7,82";"1,17";"0,25";"31,08";"0,45";"2,34";"48,31"
"Jens Stryger Larsen";"J. Stryger Larsen";"11191";"1991-02-21";"Malmo FF";"426";"SWE - Allsvenskan";"90";"2025/2025";"128";"Central Defender";"90,47";"52,02";"27,06";"24,96";"5";"0";"9650,8";"106,67";"1207,0";"359,6";"37,8";"133,8";"7,8";"493,4";"45,6";"29,16";"29,16";"103,8";"6,6";"85,2";"10,2";"3,6";"0,75";"0,84";"1,0";"1,42";"null";"24,0";"2,08";"null";"9600,31";"106,67";"1200,69";"357,72";"37,6";"133,1";"7,76";"490,82";"45,36";"103,26";"6,57";"84,75";"10,15";"3,58";"0,99";"23,87";"7988,24";"133,14";"1194,69";"363,32";"38,52";"134,72";"6,69";"498,04";"45,21";"84,89";"4,61";"65,97";"7,38";"3391,8";"125,33";"443,8";"133,8";"13,6";"59,6";"2,8";"193,4";"16,4";"28,4";"1,8";"24,6";"2,2";"0,8";"0,2";"6,0";"3534,0";"141,61";"592,0";"181,2";"19,8";"57,2";"3,0";"238,4";"22,8";"45,2";"2,2";"32,6";"4,2";"1,2";"0,2";"15,8";"3759,85";"125,33";"491,96";"148,32";"15,08";"66,07";"3,1";"214,39";"18,18";"31,48";"2,0";"27,27";"2,44";"0,89";"0,22";"6,65";"4248,16";"141,61";"711,63";"217,82";"23,8";"68,76";"3,61";"286,58";"27,41";"54,33";"2,64";"39,19";"5,05";"1,44";"0,24";"18,99";"0,46";"2,31";"25,14"
"Jens Stryger Larsen";"J. Stryger Larsen";"11191";"1991-02-21";"Malmo FF";"426";"SWE - Allsvenskan";"90";"2025/2025";"128";"Full Back";"94,72";"52,95";"29,67";"23,28";"21";"0";"10547,33";"111,35";"1476,81";"676,38";"64,81";"300,9";"15,0";"977,29";"79,81";"29,93";"31,78";"116,24";"7,29";"99,0";"16,24";"5,86";"0,59";"0,69";"2,1";"1,08";"1,5";"31,33";"1,82";"2,62";"10021,85";"111,35";"1403,23";"642,68";"61,58";"285,91";"14,25";"928,6";"75,83";"110,45";"6,92";"94,07";"15,43";"5,57";"1,99";"29,77";"8525,4";"142,09";"1476,91";"706,08";"66,26";"316,35";"14,84";"1022,43";"81,1";"95,13";"5,61";"70,58";"10,09";"4089,52";"137,81";"676,29";"333,38";"31,57";"160,48";"7,57";"493,86";"39,14";"42,81";"2,9";"32,95";"4,62";"2,29";"0,81";"13,9";"3434,48";"147,54";"627,14";"289,76";"26,9";"118,71";"5,52";"408,48";"32,43";"41,14";"2,05";"29,33";"4,29";"1,62";"0,62";"14,62";"4134,37";"137,81";"683,7";"337,04";"31,92";"162,24";"7,65";"499,27";"39,57";"43,28";"2,94";"33,31";"4,67";"2,31";"0,82";"14,06";"4426,29";"147,54";"808,25";"373,44";"34,67";"153,0";"7,12";"526,44";"41,79";"53,02";"2,64";"37,8";"5,52";"2,09";"0,8";"18,84";"1,62";"4,42";"32,32"
"Timo Stavitski";"T. Stavitski";"11674";"1999-07-17";"Mjällby AIF";"1486";"SWE - Allsvenskan";"90";"2025/2025";"128";"Full Back";"53,85";"31,32";"16,47";"14,85";"13";"2";"7006,08";"130,1";"1059,31";"588,54";"53,85";"284,31";"14,08";"872,85";"67,92";"31,45";"32,58";"74,85";"5,85";"62,85";"15,69";"4,54";"0,59";"0,62";"1,38";"1,21";"1,47";"22,69";"2,22";"2,72";"11708,76";"130,1";"1770,35";"983,58";"89,99";"475,14";"23,53";"1458,73";"113,52";"125,09";"9,77";"105,03";"26,23";"7,58";"2,31";"37,92";"9589,93";"159,83";"1737,15";"1041,64";"91,8";"509,25";"25,05";"1550,9";"116,85";"101,82";"7,22";"72,2";"17,39";"2614,77";"158,73";"463,0";"298,92";"26,31";"164,0";"7,92";"462,92";"34,23";"26,92";"2,08";"18,92";"4,38";"1,38";"0,46";"8,62";"2391,46";"161,06";"443,85";"244,85";"21,62";"101,85";"5,15";"346,69";"26,77";"26,23";"1,69";"18,77";"4,69";"1,15";"0,23";"11,62";"4761,9";"158,73";"843,19";"544,38";"47,91";"298,67";"14,43";"843,05";"62,34";"49,03";"3,78";"34,46";"7,99";"2,52";"0,84";"15,69";"4831,65";"161,06";"896,74";"494,68";"43,67";"205,77";"10,41";"700,45";"54,08";"53,0";"3,42";"37,92";"9,48";"2,33";"0,47";"23,47";"1,33";"4,86";"38,75"
"Gustav Svensson";"G. Svensson";"11795";"1987-02-07";"IFK Göteborg";"1480";"SWE - Allsvenskan";"90";"2025/2025";"128";"Central Defender";"97,15";"53,75";"28,15";"25,6";"19";"1";"10255,26";"105,56";"1227,0";"408,05";"37,42";"134,11";"6,63";"542,16";"44,05";"29,08";"30,34";"109,21";"4,89";"85,74";"10,11";"3,42";"0,69";"0,75";"1,11";"1,3";"1,49";"21,58";"2,0";"2,8";"9500,67";"105,56";"1136,72";"378,03";"34,67";"124,24";"6,14";"502,27";"40,81";"101,17";"4,53";"79,43";"9,36";"3,17";"1,02";"19,99";"7947,86";"132,46";"1154,57";"401,07";"36,72";"134,12";"5,99";"535,19";"42,71";"83,89";"3,41";"61,57";"6,23";"3423,37";"121,6";"382,0";"83,47";"8,11";"25,84";"1,05";"109,32";"9,16";"28,74";"1,0";"22,68";"2,37";"0,42";"0,05";"5,05";"3697,05";"144,42";"652,37";"275,84";"24,79";"94,32";"4,32";"370,16";"29,11";"46,42";"2,05";"32,47";"3,21";"1,26";"0,47";"14,37";"3647,9";"121,6";"407,05";"88,95";"8,64";"27,54";"1,12";"116,49";"9,76";"30,62";"1,07";"24,17";"2,52";"0,45";"0,06";"5,38";"4332,48";"144,42";"764,49";"323,25";"29,05";"110,53";"5,06";"433,78";"34,11";"54,4";"2,41";"38,06";"3,76";"1,48";"0,56";"16,84";"0,59";"1,88";"21,68"
"Arnór Ingvi Traustason";"A. Traustason";"11964";"1993-04-30";"IFK Norrköping";"1484";"SWE - Allsvenskan";"90";"2025/2025";"128";"Midfield";"87,01";"46,67";"21,51";"25,17";"25";"0";"10932,4";"125,65";"1934,56";"640,24";"55,68";"169,0";"8,64";"809,24";"64,32";"28,36";"30,24";"112,24";"4,88";"96,44";"13,48";"3,12";"0,59";"0,61";"1,08";"1,31";"1,55";"38,08";"1,85";"2,67";"11308,34";"125,65";"2001,08";"662,26";"57,59";"174,81";"8,94";"837,07";"66,53";"116,1";"5,05";"99,76";"13,94";"3,23";"1,12";"39,39";"10045,82";"167,43";"2242,88";"764,0";"66,7";"203,12";"9,46";"967,12";"76,16";"104,75";"3,96";"79,29";"10,34";"3478,16";"161,73";"719,92";"258,8";"22,6";"61,12";"3,24";"319,92";"25,84";"34,6";"1,56";"24,56";"2,76";"0,92";"0,12";"12,88";"4336,04";"172,3";"1024,72";"335,48";"29,28";"96,88";"4,12";"432,36";"33,4";"46,88";"1,52";"37,12";"5,28";"0,84";"0,36";"22,2";"4851,89";"161,73";"1004,26";"361,02";"31,53";"85,26";"4,52";"446,28";"36,05";"48,27";"2,18";"34,26";"3,85";"1,28";"0,17";"17,97";"5169,06";"172,3";"1221,59";"399,93";"34,91";"115,49";"4,91";"515,42";"39,82";"55,89";"1,81";"44,25";"6,29";"1,0";"0,43";"26,46";"0,62";"2,26";"45,1"
"Ramon Pascal Lundqvist";"R. Lundqvist";"12650";"1997-05-10";"IFK Göteborg";"1480";"SWE - Allsvenskan";"90";"2025/2025";"128";"Midfield";"88,1";"49,05";"23,68";"25,37";"4";"0";"11394,25";"129,34";"1862,0";"683,25";"60,5";"192,25";"10,0";"875,5";"70,5";"28,45";"28,45";"111,0";"6,0";"94,75";"15,25";"2,75";"0,67";"null";"1,25";"null";"null";"45,25";"2,06";"2,9";"11640,53";"129,34";"1902,25";"698,02";"61,81";"196,41";"10,22";"894,42";"72,02";"113,4";"6,13";"96,8";"15,58";"2,81";"1,28";"46,23";"9902,68";"165,04";"2048,49";"777,74";"69,42";"225,4";"11,32";"1003,14";"80,74";"99,09";"4,59";"74,01";"11,01";"3892,25";"164,37";"763,5";"330,0";"28,75";"115,0";"5,5";"445,0";"34,25";"35,5";"2,0";"26,25";"3,25";"1,0";"0,25";"16,5";"4202,5";"165,67";"911,0";"305,75";"28,0";"69,25";"3,75";"375,0";"31,75";"45,5";"1,75";"34,25";"5,75";"0,5";"0,25";"25,25";"4931,23";"164,37";"967,31";"418,09";"36,42";"145,7";"6,97";"563,79";"43,39";"44,98";"2,53";"33,26";"4,12";"1,27";"0,32";"20,9";"4970,11";"165,67";"1077,4";"361,6";"33,11";"81,9";"4,43";"443,5";"37,55";"53,81";"2,07";"40,51";"6,8";"0,59";"0,3";"29,86";"0,61";"1,84";"51,07"
"Ramon Pascal Lundqvist";"R. Lundqvist";"12650";"1997-05-10";"IFK Göteborg";"1480";"SWE - Allsvenskan";"90";"2025/2025";"128";"Wide Attacker";"45,02";"19,52";"10,86";"8,66";"3";"1";"4906,33";"108,98";"775,0";"383,67";"32,33";"106,0";"5,0";"489,67";"37,33";"28,27";"28,27";"52,0";"3,67";"41,67";"10,0";"3,33";"0,91";"0,85";"0,33";"null";"null";"23,33";"2,5";"3,1";"9807,82";"108,98";"1549,23";"766,95";"64,63";"211,9";"10,0";"978,85";"74,63";"103,95";"7,33";"83,29";"19,99";"6,66";"0,67";"46,64";"9733,52";"162,23";"2024,36";"1045,99";"86,06";"299,15";"13,32";"1345,13";"99,37";"106,55";"6,15";"73,76";"18,44";"1687,0";"155,32";"318,0";"172,0";"14,0";"49,0";"2,0";"221,0";"16,0";"20,33";"1,33";"13,0";"3,0";"1,0";"0,0";"9,67";"1480,0";"170,88";"340,67";"168,33";"14,0";"48,33";"2,33";"216,67";"16,33";"14,33";"0,67";"11,0";"3,0";"0,67";"0,0";"11,33";"4659,74";"155,32";"878,36";"475,09";"38,67";"135,35";"5,52";"610,43";"44,19";"56,16";"3,68";"35,91";"8,29";"2,76";"0,0";"26,7";"5126,36";"170,88";"1179,99";"583,07";"48,49";"167,42";"8,08";"750,48";"56,57";"49,65";"2,31";"38,1";"10,39";"2,31";"0,0";"39,26";"0,0";"5,12";"64,54"
"Arnór Sigurdsson";"A. Sigurdsson";"12829";"1999-05-15";"Malmo FF";"426";"SWE - Allsvenskan";"90";"2025/2025";"128";"Wide Attacker";"70,15";"38,23";"20,87";"17,36";"3";"0";"8580,0";"122,31";"1583,0";"697,33";"58,67";"174,0";"9,33";"871,33";"68,0";"28,2";"28,2";"98,67";"5,33";"73,33";"17,67";"4,0";"0,84";"null";"0,67";"null";"null";"42,0";"2,0";"2,79";"11007,84";"122,31";"2030,93";"894,65";"75,27";"223,24";"11,97";"1117,89";"87,24";"126,59";"6,84";"94,08";"22,67";"5,13";"0,86";"53,88";"9588,49";"159,81";"2213,78";"1004,88";"85,79";"254,23";"12,55";"1259,11";"98,34";"111,94";"5,75";"70,62";"16,22";"3240,0";"155,23";"727,0";"310,0";"26,33";"76,67";"4,33";"386,67";"30,67";"38,67";"2,0";"21,33";"3,33";"1,33";"0,0";"19,67";"2870,0";"165,31";"683,67";"330,33";"28,33";"85,33";"3,67";"415,67";"32,0";"32,67";"1,67";"23,67";"7,0";"1,33";"0,33";"17,0";"4656,91";"155,23";"1044,93";"445,57";"37,85";"110,19";"6,23";"555,76";"44,08";"55,58";"2,87";"30,66";"4,79";"1,92";"0,0";"28,27";"4959,36";"165,31";"1181,38";"570,82";"48,96";"147,46";"6,34";"718,27";"55,3";"56,45";"2,88";"40,9";"12,1";"2,3";"0,58";"29,38";"0,52";"4,18";"57,54"
"Sotirios Papagiannopoulos";"S. Papagiannopoulos";"12878";"1990-09-05";"AIK";"524";"SWE - Allsvenskan";"90";"2025/2025";"128";"Central Defender";"97,05";"49,65";"22,94";"26,71";"28";"0";"9285,43";"95,68";"943,82";"351,36";"34,57";"119,54";"6,57";"470,89";"41,14";"29,29";"31,9";"93,43";"3,79";"77,57";"10,79";"2,54";"0,67";"0,71";"0,61";"1,26";"1,37";"15,57";"2,22";"2,87";"8610,96";"95,68";"875,26";"325,84";"32,06";"110,85";"6,09";"436,69";"38,15";"86,64";"3,51";"71,94";"10,0";"2,35";"0,56";"14,44";"7548,92";"125,82";"966,01";"380,82";"37,29";"130,69";"6,82";"511,51";"44,11";"76,31";"2,72";"60,86";"6,3";"2626,25";"114,49";"251,18";"66,96";"7,36";"24,11";"1,25";"91,07";"8,61";"21,93";"0,75";"19,11";"1,93";"0,21";"0,04";"3,14";"3620,11";"135,54";"548,14";"248,14";"23,5";"84,04";"4,39";"332,18";"27,89";"41,21";"1,5";"31,25";"3,29";"1,0";"0,29";"10,68";"3434,79";"114,49";"328,51";"87,58";"9,62";"31,53";"1,63";"119,11";"11,26";"28,68";"0,98";"24,99";"2,52";"0,28";"0,05";"4,11";"4066,18";"135,54";"615,68";"278,72";"26,4";"94,39";"4,93";"373,11";"31,33";"46,29";"1,68";"35,1";"3,69";"1,12";"0,32";"11,99";"0,39";"1,47";"16,7"
"Even Hovland";"E. Hovland";"13031";"1989-02-14";"IF Brommapojkarna";"2941";"SWE - Allsvenskan";"90";"2025/2025";"128";"Central Defender";"97,63";"56,16";"25,58";"30,58";"28";"2";"9818,96";"100,57";"1031,25";"289,79";"27,89";"87,11";"4,32";"376,89";"32,21";"28,12";"30,46";"104,18";"4,18";"85,11";"7,71";"1,86";"0,68";"0,81";"0,36";"1,43";"1,65";"13,89";"2,32";"2,89";"9051,67";"100,57";"950,66";"267,14";"25,71";"80,3";"3,98";"347,44";"29,7";"96,04";"3,85";"78,46";"7,11";"1,71";"0,33";"12,81";"7558,68";"125,98";"947,55";"274,02";"25,41";"86,11";"3,09";"360,13";"28,5";"79,28";"2,79";"62,0";"4,65";"3120,86";"122,0";"346,86";"72,25";"6,64";"19,89";"0,71";"92,14";"7,36";"25,79";"1,07";"22,14";"1,71";"0,43";"0,04";"3,75";"3954,54";"129,31";"540,11";"184,25";"17,14";"60,71";"2,18";"244,96";"19,32";"48,43";"1,54";"35,89";"2,64";"0,43";"0,14";"8,64";"3659,89";"122,0";"406,77";"84,73";"7,79";"23,33";"0,84";"108,06";"8,63";"30,24";"1,26";"25,97";"2,01";"0,5";"0,04";"4,4";"3879,26";"129,31";"529,83";"180,74";"16,82";"59,56";"2,14";"240,3";"18,95";"47,51";"1,51";"35,21";"2,59";"0,42";"0,14";"8,48";"0,19";"0,92";"13,24"
"Erik Botheim";"E. Botheim";"13251";"2000-01-10";"Malmo FF";"426";"SWE - Allsvenskan";"90";"2025/2025";"128";"Center Forward";"67,14";"37,74";"21,13";"16,61";"6";"0";"7835,33";"116,71";"1230,17";"489,67";"45,67";"127,33";"7,83";"617,0";"53,5";"27,65";"27,92";"88,17";"6,17";"71,17";"12,33";"3,5";"0,74";"0,74";"0,5";"null";"null";"38,33";"2,09";"2,79";"10503,74";"116,71";"1649,11";"656,43";"61,22";"170,7";"10,5";"827,13";"71,72";"118,19";"8,27";"95,4";"16,53";"4,69";"0,67";"51,39";"9017,09";"150,28";"1773,11";"725,99";"65,44";"188,65";"10,07";"914,64";"75,51";"98,03";"6,36";"70,48";"12,19";"2937,17";"139,02";"501,17";"229,33";"21,67";"70,0";"3,67";"299,33";"25,33";"34,67";"2,17";"23,17";"4,17";"1,17";"0,17";"19,67";"2734,83";"164,61";"614,17";"227,33";"19,5";"48,67";"2,67";"276,0";"22,17";"27,0";"1,83";"21,17";"3,5";"0,67";"0,17";"16,5";"4170,58";"139,02";"711,62";"325,64";"30,77";"99,4";"5,21";"425,03";"35,97";"49,22";"3,08";"32,9";"5,92";"1,66";"0,24";"27,93";"4938,34";"164,61";"1109,01";"410,5";"35,21";"87,88";"4,82";"498,38";"40,03";"48,75";"3,31";"38,22";"6,32";"1,2";"0,3";"29,79";"0,53";"2,91";"57,5"
"Anders Trondsen";"A. Trondsen";"13289";"1995-03-30";"IFK Göteborg";"1480";"SWE - Allsvenskan";"90";"2025/2025";"128";"Full Back";"44,04";"23,73";"11,06";"12,67";"4";"0";"4877,75";"110,75";"658,0";"267,25";"25,25";"78,5";"4,75";"345,75";"30,0";"28,2";"28,2";"53,25";"3,25";"46,5";"7,75";"2,75";"0,76";"0,81";"1,0";"1,91";"null";"14,75";"null";"null";"9967,78";"110,75";"1344,64";"546,13";"51,6";"160,42";"9,71";"706,55";"61,31";"108,82";"6,64";"95,02";"15,84";"5,62";"2,04";"30,14";"8540,12";"142,34";"1498,16";"628,34";"58,16";"183,32";"10,75";"811,66";"68,9";"94,19";"6,95";"69,53";"12,64";"1544,0";"139,57";"266,0";"106,5";"9,75";"30,75";"2,0";"137,25";"11,75";"16,75";"1,25";"12,5";"2,5";"1,25";"0,5";"6,0";"1833,5";"144,75";"326,5";"142,0";"13,25";"41,75";"2,25";"183,75";"15,5";"20,5";"1,5";"15,0";"2,5";"1,25";"0,0";"7,25";"4187,12";"139,57";"721,36";"288,81";"26,44";"83,39";"5,42";"372,2";"31,86";"45,42";"3,39";"33,9";"6,78";"3,39";"1,36";"16,27";"4342,5";"144,75";"773,29";"336,32";"31,38";"98,88";"5,33";"435,2";"36,71";"48,55";"3,55";"35,53";"5,92";"2,96";"0,0";"17,17";"1,26";"6,32";"33,5"
"Mads Døhr Thychosen";"M. Thychosen";"13545";"1997-06-27";"AIK";"524";"SWE - Allsvenskan";"90";"2025/2025";"128";"Full Back";"91,98";"47,47";"21,06";"26,41";"24";"0";"10385,33";"112,91";"1569,58";"649,88";"60,04";"263,96";"13,04";"913,83";"73,08";"29,58";"31,58";"117,17";"8,17";"96,04";"19,33";"5,75";"0,58";"0,62";"2,04";"1,12";"1,17";"32,92";"1,93";"2,68";"10161,64";"112,91";"1535,77";"635,88";"58,75";"258,27";"12,76";"894,15";"71,51";"114,64";"7,99";"93,97";"18,92";"5,63";"2,0";"32,21";"8683,75";"144,73";"1635,12";"718,62";"66,1";"297,95";"14,48";"1016,57";"80,58";"103,34";"6,32";"75,9";"13,38";"2976,71";"141,35";"539,0";"231,29";"22,08";"109,54";"5,0";"340,83";"27,08";"31,92";"2,29";"22,83";"4,58";"1,5";"0,5";"9,38";"3893,0";"147,43";"754,54";"337,21";"30,21";"126,17";"6,46";"463,38";"36,67";"49,83";"2,71";"37,21";"6,0";"2,08";"0,75";"19,96";"4240,38";"141,35";"767,82";"329,48";"31,46";"156,04";"7,12";"485,52";"38,58";"45,47";"3,26";"32,53";"6,53";"2,14";"0,71";"13,35";"4422,82";"147,43";"857,23";"383,1";"34,32";"143,34";"7,34";"526,44";"41,66";"56,62";"3,08";"42,27";"6,82";"2,37";"0,85";"22,67";"1,58";"4,53";"37,08"
"Marcus Antonsson";"M. Antonsson";"13567";"1991-05-08";"IFK Värnamo";"2394";"SWE - Allsvenskan";"90";"2025/2025";"128";"Center Forward";"90,25";"51,22";"22,33";"28,89";"11";"0";"10042,64";"111,28";"1095,27";"552,45";"57,82";"266,09";"14,45";"818,55";"72,27";"29,97";"30,9";"105,64";"8,18";"84,64";"13,73";"5,55";"0,63";"0,79";"1,55";"1,45";"null";"39,82";"1,83";"2,67";"10015,15";"111,28";"1092,28";"550,94";"57,66";"265,36";"14,41";"816,31";"72,07";"105,35";"8,16";"84,4";"13,69";"5,53";"1,54";"39,71";"8354,99";"139,25";"1156,37";"600,23";"63,37";"295,32";"15,23";"895,55";"78,6";"87,44";"5,32";"66,46";"9,27";"3227,73";"144,56";"505,73";"272,91";"27,91";"139,91";"7,27";"412,82";"35,18";"38,09";"2,09";"24,55";"3,55";"1,45";"0,55";"18,91";"3904,18";"135,14";"481,36";"239,45";"26,18";"112,18";"5,73";"351,64";"31,91";"36,55";"2,45";"32,18";"4,36";"1,73";"0,36";"17,73";"4336,93";"144,56";"679,52";"366,69";"37,5";"187,99";"9,77";"554,68";"47,27";"51,18";"2,81";"32,98";"4,76";"1,95";"0,73";"25,41";"4054,27";"135,14";"499,87";"248,66";"27,19";"116,49";"5,95";"365,15";"33,14";"37,95";"2,55";"33,42";"4,53";"1,79";"0,38";"18,41";"1,06";"3,73";"42,92"
"Hugo Andersson";"H. Andersson";"13576";"1999-01-01";"IFK Värnamo";"2394";"SWE - Allsvenskan";"90";"2025/2025";"128";"Central Defender";"89,77";"50,17";"23,31";"26,86";"17";"0";"9428,0";"105,02";"1056,71";"393,59";"33,94";"116,35";"5,59";"509,94";"39,53";"29,12";"31,56";"96,18";"5,06";"76,24";"8,59";"3,18";"0,63";"0,72";"0,65";"1,53";"1,98";"20,53";"2,23";"2,89";"9451,89";"105,02";"1059,38";"394,59";"34,03";"116,65";"5,6";"511,23";"39,63";"96,42";"5,07";"76,43";"8,61";"3,18";"0,65";"20,58";"7915,4";"131,92";"1056,74";"408,39";"36,58";"112,98";"4,85";"521,37";"41,44";"81,75";"3,87";"60,01";"5,7";"3030,71";"130,03";"363,29";"82,29";"8,47";"20,0";"1,0";"102,29";"9,47";"25,41";"1,29";"19,24";"2,18";"0,71";"0,12";"5,53";"3587,71";"133,57";"520,29";"259,18";"22,12";"74,47";"3,06";"333,65";"25,18";"42,94";"1,94";"30,94";"2,59";"1,29";"0,29";"12,59";"3900,88";"130,03";"467,6";"105,92";"10,9";"25,74";"1,29";"131,66";"12,19";"32,71";"1,67";"24,76";"2,8";"0,91";"0,15";"7,12";"4007,0";"133,57";"581,1";"289,47";"24,7";"83,17";"3,42";"372,64";"28,12";"47,96";"2,17";"34,56";"2,89";"1,45";"0,33";"14,06";"0,49";"2,39";"21,67"
"Filip Benković";"F. Benković";"13664";"1997-07-13";"AIK";"524";"SWE - Allsvenskan";"90";"2025/2025";"128";"Central Defender";"93,93";"48,12";"21,78";"26,34";"26";"0";"9689,88";"103,16";"1204,46";"403,62";"34,08";"121,35";"5,46";"524,96";"39,54";"28,75";"30,7";"102,42";"4,5";"81,73";"9,96";"3,35";"0,65";"0,66";"0,81";"1,27";"1,52";"19,85";"2,0";"2,68";"9284,2";"103,16";"1154,03";"386,72";"32,65";"116,27";"5,23";"502,98";"37,88";"98,13";"4,31";"78,31";"9,54";"3,21";"0,77";"19,02";"8035,96";"133,93";"1237,9";"427,11";"37,64";"121,66";"5,13";"548,77";"42,77";"87,51";"3,31";"67,66";"6,86";"2750,96";"126,31";"350,5";"87,46";"8,27";"25,81";"1,04";"113,27";"9,31";"25,58";"0,85";"20,62";"1,96";"0,35";"0,04";"4,19";"3694,46";"140,23";"642,38";"255,12";"21,92";"71,77";"3,08";"326,88";"25,0";"44,62";"1,81";"33,65";"3,54";"1,35";"0,27";"13,54";"3789,29";"126,31";"482,79";"120,47";"11,39";"35,55";"1,43";"156,02";"12,82";"35,23";"1,17";"28,4";"2,7";"0,48";"0,05";"5,77";"4207,04";"140,23";"731,51";"290,51";"24,96";"81,73";"3,5";"372,24";"28,47";"50,81";"2,06";"38,32";"4,03";"1,53";"0,31";"15,42";"0,38";"2,11";"22,11"
"Shaquille Pinas";"S. Pinas";"14445";"1998-03-19";"Hammarby IF";"1478";"SWE - Allsvenskan";"90";"2025/2025";"128";"Full Back";"96,47";"55,37";"34,13";"21,24";"17";"1";"10230,24";"106,05";"1451,82";"662,35";"62,71";"282,71";"14,18";"945,06";"76,88";"29,72";"30,82";"109,0";"6,06";"94,76";"17,24";"4,35";"0,64";"0,79";"1,59";"1,39";"1,61";"29,41";"1,86";"2,81";"9544,35";"106,05";"1354,49";"617,95";"58,5";"263,75";"13,23";"881,7";"71,73";"101,69";"5,65";"88,41";"16,08";"4,06";"1,48";"27,44";"8032,23";"133,87";"1408,91";"671,34";"61,32";"289,58";"13,39";"960,92";"74,71";"87,46";"4,91";"64,64";"11,03";"4253,82";"124,64";"682,18";"303,41";"27,47";"133,71";"6,0";"437,12";"33,47";"43,41";"2,53";"35,47";"5,71";"1,71";"0,59";"12,24";"3158,53";"148,7";"618,0";"316,12";"29,12";"133,53";"6,35";"449,65";"35,47";"37,29";"2,0";"24,18";"4,47";"1,29";"0,65";"14,41";"3739,25";"124,64";"599,66";"266,71";"24,15";"117,53";"5,27";"384,24";"29,42";"38,16";"2,22";"31,18";"5,02";"1,5";"0,52";"10,76";"4460,95";"148,7";"872,83";"446,47";"41,12";"188,59";"8,97";"635,06";"50,1";"52,67";"2,82";"34,15";"6,31";"1,83";"0,91";"20,35";"1,34";"3,25";"28,88"
"Anton Jönsson Salétros";"A. Salétros";"15740";"1996-04-12";"AIK";"524";"SWE - Allsvenskan";"90";"2025/2025";"128";"Midfield";"98,73";"50,94";"23,51";"27,42";"26";"0";"11982,19";"121,37";"2211,81";"927,38";"77,77";"270,42";"13,92";"1197,81";"91,69";"28,84";"30,62";"130,77";"5,73";"107,96";"22,27";"4,04";"0,7";"0,78";"1,0";"1,28";"1,39";"50,04";"1,78";"2,64";"10922,96";"121,37";"2016,28";"845,4";"70,89";"246,52";"12,69";"1091,92";"83,59";"119,21";"5,22";"98,42";"20,3";"3,68";"0,91";"45,62";"9926,27";"165,44";"2336,27";"1004,35";"83,14";"299,48";"14,36";"1303,83";"97,5";"110,82";"4,58";"79,6";"15,36";"3635,73";"154,61";"769,23";"340,31";"28,15";"107,88";"5,0";"448,19";"33,15";"40,77";"2,0";"29,23";"4,27";"1,27";"0,27";"15,15";"4790,88";"174,72";"1214,08";"512,31";"42,42";"146,35";"7,19";"658,65";"49,62";"53,31";"1,88";"38,35";"8,77";"1,35";"0,27";"30,81";"4638,45";"154,61";"981,38";"434,16";"35,92";"137,64";"6,38";"571,8";"42,3";"52,01";"2,55";"37,29";"5,45";"1,62";"0,34";"19,33";"5241,57";"174,72";"1328,29";"560,5";"46,41";"160,11";"7,87";"720,61";"54,28";"58,32";"2,06";"41,95";"9,59";"1,47";"0,29";"33,71";"0,63";"3,08";"54,14"
"Sebastian Holmén";"S. Holmén";"15786";"1992-04-29";"IF Elfsborg";"1483";"SWE - Allsvenskan";"90";"2025/2025";"128";"Central Defender";"83,92";"46,94";"21,03";"25,91";"15";"0";"8861,07";"105,59";"1148,67";"377,07";"30,73";"73,33";"4,2";"450,4";"34,93";"27,07";"28,96";"96,2";"4,07";"79,73";"8,2";"2,53";"0,69";"0,91";"0,4";"1,69";"null";"18,07";"2,05";"2,72";"9503,3";"105,59";"1231,92";"404,4";"32,96";"78,65";"4,5";"483,04";"37,47";"103,17";"4,36";"85,51";"8,79";"2,72";"0,43";"19,38";"7910,8";"131,85";"1229,09";"413,22";"34,43";"81,47";"3,66";"494,69";"38,09";"86,84";"2,81";"67,58";"6,22";"2622,6";"124,73";"360,07";"75,0";"6,13";"9,8";"0,53";"84,8";"6,67";"23,0";"0,6";"19,8";"1,87";"0,47";"0,07";"4,07";"3566,13";"137,62";"601,47";"248,27";"20,8";"53,93";"2,33";"302,2";"23,13";"44,93";"1,6";"33,07";"3,0";"0,67";"0,07";"12,27";"3741,82";"124,73";"513,73";"107,01";"8,75";"13,98";"0,76";"120,99";"9,51";"32,82";"0,86";"28,25";"2,66";"0,67";"0,1";"5,8";"4128,71";"137,62";"696,35";"287,43";"24,08";"62,44";"2,7";"349,87";"26,78";"52,02";"1,85";"38,28";"3,47";"0,77";"0,08";"14,2";"0,17";"1,45";"20,88"
"Tobias Heintz";"T. Heintz";"16368";"1998-07-13";"IFK Göteborg";"1480";"SWE - Allsvenskan";"90";"2025/2025";"128";"Midfield";"95,68";"52,3";"26,1";"26,2";"12";"1";"11684,0";"122,11";"1892,67";"746,58";"61,17";"146,5";"9,0";"893,08";"70,17";"26,96";"28,02";"118,17";"4,58";"99,0";"10,67";"3,25";"0,71";"0,84";"0,75";"1,96";"2,22";"47,83";"1,9";"2,78";"10990,32";"122,11";"1780,3";"702,26";"57,54";"137,8";"8,47";"840,06";"66,0";"111,15";"4,31";"93,12";"10,03";"3,06";"0,71";"44,99";"9466,23";"157,77";"1922,94";"790,11";"64,81";"157,26";"8,51";"947,37";"73,32";"97,32";"3,92";"73,8";"7,74";"4067,25";"155,83";"821,92";"353,58";"29,67";"76,08";"4,17";"429,67";"33,83";"45,92";"2,0";"31,5";"3,33";"1,42";"0,33";"19,92";"4184,58";"159,71";"854,33";"335,17";"26,83";"61,0";"3,25";"396,17";"30,08";"38,92";"1,42";"32,83";"3,42";"0,67";"0,0";"24,33";"4674,75";"155,83";"944,68";"406,4";"34,1";"87,45";"4,79";"493,84";"38,89";"52,77";"2,3";"36,2";"3,83";"1,63";"0,38";"22,89";"4791,25";"159,71";"978,19";"383,76";"30,72";"69,84";"3,72";"453,6";"34,44";"44,56";"1,62";"37,59";"3,91";"0,76";"0,0";"27,86";"0,38";"2,39";"50,76"
"Tobias Heintz";"T. Heintz";"16368";"1998-07-13";"IFK Göteborg";"1480";"SWE - Allsvenskan";"90";"2025/2025";"128";"Wide Attacker";"95,8";"53,31";"27,39";"25,92";"16";"0";"11737,31";"122,52";"1845,94";"771,38";"65,38";"187,38";"10,25";"958,75";"75,62";"27,78";"28,78";"126,94";"5,62";"101,44";"13,62";"3,25";"0,72";"0,8";"0,38";"1,72";"null";"47,0";"1,9";"2,63";"11026,94";"122,52";"1734,22";"724,69";"61,42";"176,03";"9,63";"900,72";"71,05";"119,25";"5,28";"95,3";"12,8";"3,05";"0,35";"44,16";"9309,71";"155,16";"1830,32";"791,4";"67,03";"194,35";"9,78";"985,74";"76,81";"105,93";"4,43";"74,98";"9,36";"4100,75";"149,72";"773,81";"350,69";"30,56";"99,81";"5,12";"450,5";"35,69";"52,69";"2,25";"34,5";"3,44";"1,44";"0,19";"22,06";"4171,31";"160,91";"852,5";"352,5";"29,0";"72,88";"3,56";"425,38";"32,56";"41,44";"1,69";"32,12";"4,88";"0,75";"0,12";"21,06";"4491,58";"149,72";"847,56";"384,11";"33,48";"109,33";"5,61";"493,44";"39,09";"57,71";"2,46";"37,79";"3,77";"1,57";"0,21";"24,17";"4827,36";"160,91";"986,58";"407,94";"33,56";"84,34";"4,12";"492,28";"37,68";"47,95";"1,95";"37,18";"5,64";"0,87";"0,14";"24,38";"0,35";"2,46";"48,53"
"Pawel Cibicki";"P. Cibicki";"16403";"1994-01-09";"IFK Värnamo";"2394";"SWE - Allsvenskan";"90";"2025/2025";"128";"Center Forward";"61,08";"33,65";"13,28";"20,37";"4";"0";"6695,0";"109,62";"894,25";"405,5";"44,0";"191,0";"9,5";"596,5";"53,5";"30,77";"30,77";"73,25";"6,25";"55,5";"13,5";"5,25";"0,73";"0,73";"2,5";"1,3";"1,55";"31,0";"2,09";"null";"9865,74";"109,62";"1317,77";"597,54";"64,84";"281,46";"14,0";"879,0";"78,84";"107,94";"9,21";"81,78";"19,89";"7,74";"3,68";"45,68";"8554,23";"142,57";"1472,36";"685,14";"73,11";"324,07";"13,82";"1009,21";"86,92";"93,61";"6,69";"66,42";"14,26";"1938,5";"145,93";"360,5";"168,5";"17,0";"79,75";"3,5";"248,25";"20,5";"23,5";"1,75";"14,0";"2,25";"1,75";"1,0";"11,5";"2859,0";"140,38";"465,25";"215,75";"24,0";"102,0";"4,25";"317,75";"28,25";"29,0";"2,0";"23,25";"5,75";"1,5";"0,5";"17,25";"4378,04";"145,93";"814,18";"380,55";"38,39";"180,11";"7,9";"560,66";"46,3";"53,07";"3,95";"31,62";"5,08";"3,95";"2,26";"25,97";"4211,29";"140,38";"685,31";"317,8";"35,35";"150,25";"6,26";"468,04";"41,61";"42,72";"2,95";"34,25";"8,47";"2,21";"0,74";"25,41";"2,67";"5,79";"51,26"
"Johan Larsson";"J. Larsson";"16442";"1990-05-05";"IF Elfsborg";"1483";"SWE - Allsvenskan";"90";"2025/2025";"128";"Full Back";"74,04";"39,33";"20,45";"18,88";"7";"0";"8549,57";"115,48";"1362,0";"580,29";"44,57";"167,71";"7,29";"748,0";"51,86";"28,73";"29,36";"92,14";"4,57";"77,43";"11,43";"2,29";"0,81";"null";"0,43";"null";"null";"25,29";"2,2";"2,71";"10392,78";"115,48";"1655,63";"705,39";"54,18";"203,87";"8,86";"909,26";"63,04";"112,01";"5,56";"94,12";"13,89";"2,78";"0,52";"30,74";"8959,03";"149,32";"1790,41";"807,82";"59,49";"233,39";"10,02";"1041,21";"69,52";"98,06";"4,58";"71,04";"9,15";"2930,86";"143,32";"559,57";"200,71";"15,43";"72,71";"2,86";"273,43";"18,29";"29,43";"1,29";"21,0";"2,43";"0,0";"0,0";"6,86";"2942,29";"155,81";"614,14";"328,86";"23,57";"80,29";"3,71";"409,14";"27,29";"34,86";"1,71";"25,57";"3,57";"0,71";"0,14";"15,14";"4299,55";"143,32";"820,89";"294,45";"22,63";"106,67";"4,19";"401,12";"26,83";"43,17";"1,89";"30,81";"3,56";"0,0";"0,0";"10,06";"4674,42";"155,81";"975,69";"522,46";"37,45";"127,55";"5,9";"650,01";"43,35";"55,38";"2,72";"40,63";"5,67";"1,13";"0,23";"24,06";"0,22";"1,09";"33,56"
"Mikkel Rygaard Jensen";"M. Rygaard";"16460";"1990-12-25";"BK Hacken";"523";"SWE - Allsvenskan";"90";"2025/2025";"128";"Center Forward";"89,48";"48,29";"23,37";"24,92";"3";"0";"11195,67";"125,11";"2173,33";"616,33";"50,33";"55,33";"4,0";"671,67";"54,33";"25,6";"25,6";"126,33";"4,0";"100,33";"11,67";"0,67";"null";"null";"0,0";"null";"null";"47,67";"2,0";"3,18";"11260,31";"125,11";"2185,88";"619,89";"50,62";"55,65";"4,02";"675,54";"54,65";"127,06";"4,02";"100,91";"11,73";"0,67";"0,0";"47,94";"10050,85";"167,51";"2483,52";"723,89";"57,56";"66,26";"3,31";"790,15";"60,88";"121,34";"2,9";"87,38";"10,77";"3847,33";"164,61";"924,33";"292,33";"21,67";"38,33";"1,33";"330,67";"23,0";"48,0";"1,0";"30,33";"3,33";"0,0";"0,0";"20,67";"4242,67";"170,24";"1074,67";"290,33";"24,67";"15,0";"1,33";"305,33";"26,0";"49,67";"1,33";"40,0";"5,33";"0,67";"0,0";"23,0";"4938,34";"164,61";"1186,45";"375,23";"27,81";"49,2";"1,71";"424,44";"29,52";"61,61";"1,28";"38,94";"4,28";"0,0";"0,0";"26,53";"5107,09";"170,24";"1293,62";"349,49";"29,69";"18,06";"1,6";"367,54";"31,3";"59,79";"1,6";"48,15";"6,42";"0,8";"0,0";"27,69";"0,0";"0,83";"54,25"
"Mikkel Rygaard Jensen";"M. Rygaard";"16460";"1990-12-25";"BK Hacken";"523";"SWE - Allsvenskan";"90";"2025/2025";"128";"Midfield";"82,38";"49,01";"28,1";"20,91";"16";"1";"10722,06";"130,15";"2169,0";"550,12";"43,56";"96,75";"4,5";"646,88";"48,06";"26,73";"28,56";"117,94";"3,5";"96,88";"10,06";"2,12";"0,66";"0,91";"0,5";"1,61";"null";"40,62";"1,92";"2,84";"11713,66";"130,15";"2369,59";"601,0";"47,59";"105,7";"4,92";"706,7";"52,51";"128,84";"3,82";"105,83";"10,99";"2,32";"0,55";"44,38";"10016,51";"166,94";"2460,11";"645,31";"49,58";"106,96";"4,06";"752,27";"53,64";"114,31";"2,91";"83,78";"7,5";"4609,75";"164,06";"1114,25";"268,75";"20,12";"40,56";"1,56";"309,31";"21,69";"52,69";"1,38";"37,75";"2,94";"0,44";"0,12";"16,12";"3572,31";"170,81";"895,31";"258,38";"20,38";"46,81";"1,75";"305,19";"22,12";"40,69";"1,0";"30,69";"3,19";"0,62";"0,12";"22,5";"4921,81";"164,06";"1189,68";"286,94";"21,49";"43,31";"1,67";"330,25";"23,16";"56,25";"1,47";"40,31";"3,14";"0,47";"0,13";"17,22";"5124,4";"170,81";"1284,31";"370,63";"29,23";"67,15";"2,51";"437,78";"31,74";"58,37";"1,43";"44,02";"4,57";"0,9";"0,18";"32,28";"0,31";"1,3";"47,28"
"Benjamin Tiedemann Hansen";"B. Tiedemann Hansen";"16464";"1994-02-07";"AIK";"524";"SWE - Allsvenskan";"90";"2025/2025";"128";"Central Defender";"74,26";"35,03";"18,14";"16,88";"3";"0";"7814,33";"105,24";"998,67";"384,0";"31,0";"167,0";"6,33";"551,0";"37,33";"29,57";"29,57";"80,67";"3,67";"57,0";"9,67";"1,67";"null";"null";"1,67";"null";"null";"17,0";"null";"null";"9471,21";"105,24";"1210,41";"465,42";"37,57";"202,41";"7,68";"667,83";"45,25";"97,77";"4,44";"69,09";"11,72";"2,02";"2,02";"20,6";"8570,91";"142,85";"1413,74";"584,11";"49,1";"256,94";"7,99";"841,05";"57,1";"89,64";"3,43";"60,52";"8,56";"2373,0";"130,78";"317,0";"76,0";"8,0";"27,67";"0,67";"103,67";"8,67";"20,67";"0,67";"16,33";"2,0";"0,0";"0,0";"4,0";"2630,67";"155,81";"508,33";"265,0";"20,67";"122,33";"4,0";"387,33";"24,67";"31,67";"1,33";"19,0";"3,0";"1,0";"1,0";"11,0";"3923,52";"130,78";"524,13";"125,66";"13,23";"45,74";"1,1";"171,4";"14,33";"34,17";"1,1";"27,01";"3,31";"0,0";"0,0";"6,61";"4674,43";"155,81";"903,26";"470,88";"36,72";"217,37";"7,11";"688,25";"43,83";"56,27";"2,37";"33,76";"5,33";"1,78";"1,78";"19,55";"1,71";"1,71";"25,69"
"Marcus Danielson";"M. Danielson";"16486";"1989-04-08";"Djurgardens IF";"522";"SWE - Allsvenskan";"90";"2025/2025";"128";"Central Defender";"97,96";"52,62";"27,88";"24,75";"26";"2";"9903,73";"101,1";"1133,73";"306,69";"27,5";"76,81";"3,73";"383,5";"31,23";"27,9";"29,86";"104,69";"4,38";"84,96";"8,31";"2,31";"0,63";"0,77";"0,5";"1,39";"1,48";"16,42";"1,87";"3,02";"9099,31";"101,1";"1041,64";"281,78";"25,27";"70,57";"3,43";"352,35";"28,69";"96,19";"4,03";"78,06";"7,63";"2,12";"0,46";"15,09";"7774,98";"129,58";"1091,16";"314,9";"27,8";"81,61";"2,67";"396,51";"30,48";"82,48";"3,25";"63,72";"5,31";"3424,38";"122,84";"383,15";"61,08";"5,85";"14,19";"0,31";"75,27";"6,15";"30,54";"1,12";"25,58";"2,04";"0,27";"0,08";"4,15";"3394,92";"137,18";"573,88";"215,12";"18,54";"57,38";"2,04";"272,5";"20,58";"41,81";"1,73";"30,31";"2,62";"0,81";"0,19";"10,42";"3685,18";"122,84";"412,33";"65,73";"6,29";"15,27";"0,33";"81,0";"6,62";"32,86";"1,2";"27,52";"2,19";"0,29";"0,08";"4,47";"4115,38";"137,18";"695,67";"260,77";"22,47";"69,56";"2,47";"330,33";"24,94";"50,68";"2,1";"36,74";"3,17";"0,98";"0,23";"12,64";"0,31";"1,23";"16,62"
"Jacob Une-Larsson";"J. Une-Larsson";"16487";"1994-04-08";"Djurgardens IF";"522";"SWE - Allsvenskan";"90";"2025/2025";"128";"Central Defender";"93,82";"50,64";"26,41";"24,23";"13";"0";"9578,46";"102,09";"1131,15";"349,15";"32,54";"81,46";"4,69";"430,62";"37,23";"27,05";"27,74";"108,0";"5,15";"86,08";"11,69";"2,92";"0,69";"0,76";"0,92";"1,37";"1,63";"18,31";"2,3";"2,78";"9188,04";"102,09";"1085,05";"334,92";"31,21";"78,14";"4,5";"413,06";"35,71";"103,6";"4,94";"82,57";"11,22";"2,8";"0,89";"17,56";"7914,04";"131,9";"1151,94";"375,38";"33,81";"91,68";"4,19";"467,06";"38,0";"89,04";"4,01";"65,8";"7,38";"3310,54";"125,34";"393,46";"81,92";"7,77";"15,62";"0,69";"97,54";"8,46";"31,69";"1,62";"24,46";"2,38";"0,62";"0,08";"5,15";"3369,38";"139,05";"578,85";"234,92";"20,77";"61,77";"2,85";"296,69";"23,62";"43,46";"1,77";"31,08";"3,85";"1,0";"0,38";"11,31";"3760,15";"125,34";"446,9";"93,05";"8,82";"17,74";"0,79";"110,79";"9,61";"36,0";"1,83";"27,78";"2,71";"0,7";"0,09";"5,85";"4171,62";"139,05";"716,67";"290,86";"25,71";"76,48";"3,52";"367,33";"29,24";"53,81";"2,19";"38,48";"4,76";"1,24";"0,48";"14,0";"0,55";"1,91";"19,5"
"Hampus Finndell";"H. Finndell";"16498";"2000-06-06";"Djurgardens IF";"522";"SWE - Allsvenskan";"90";"2025/2025";"128";"Midfield";"61,1";"35,29";"19,21";"16,08";"5";"1";"7967,8";"130,41";"1508,2";"532,8";"42,0";"98,8";"4,8";"631,6";"46,8";"26,9";"26,9";"94,6";"2,8";"78,0";"10,0";"2,2";"0,67";"0,86";"0,4";"null";"null";"35,2";"2,06";"3,29";"11737,17";"130,41";"2221,69";"784,85";"61,87";"145,54";"7,07";"930,39";"68,94";"139,35";"4,12";"114,9";"14,73";"3,24";"0,59";"51,85";"10141,34";"169,02";"2331,31";"857,92";"67,67";"163,22";"6,46";"1021,14";"74,13";"121,39";"3,06";"88,07";"11,56";"3093,6";"161,04";"598,6";"250,4";"21,6";"68,2";"2,4";"318,6";"24,0";"33,4";"0,6";"26,2";"2,8";"0,4";"0,0";"11,6";"2871,2";"178,56";"772,6";"254,2";"18,2";"27,8";"1,4";"282,0";"19,6";"38,0";"1,2";"25,6";"4,0";"1,0";"0,0";"22,2";"4831,23";"161,04";"934,83";"391,05";"33,73";"106,51";"3,75";"497,55";"37,48";"52,16";"0,94";"40,92";"4,37";"0,62";"0,0";"18,12";"5356,72";"178,56";"1441,42";"474,25";"33,96";"51,87";"2,61";"526,12";"36,57";"70,9";"2,24";"47,76";"7,46";"1,87";"0,0";"41,42";"0,0";"2,38";"57,47"
"Daleho Irandust";"D. Irandust";"16520";"1998-06-04";"IF Brommapojkarna";"2941";"SWE - Allsvenskan";"90";"2025/2025";"128";"Wide Attacker";"78,49";"46,54";"20,75";"25,79";"18";"2";"9885,06";"125,95";"1698,44";"758,89";"71,39";"240,89";"12,94";"999,78";"84,33";"29,18";"29,98";"104,56";"5,33";"85,44";"14,83";"4,28";"0,55";"0,63";"1,17";"1,13";"1,42";"49,61";"1,97";"2,7";"11335,19";"125,95";"1947,61";"870,22";"81,86";"276,23";"14,84";"1146,44";"96,71";"119,89";"6,12";"97,98";"17,01";"4,91";"1,34";"56,89";"9477,39";"157,96";"1985,46";"910,73";"84,94";"299,87";"15,04";"1210,6";"99,98";"103,71";"4,8";"74,91";"11,32";"3408,39";"164,28";"725,39";"392,22";"35,06";"153,61";"7,72";"545,83";"42,78";"38,33";"1,94";"24,5";"3,56";"1,33";"0,56";"21,44";"3943,17";"152,87";"814,72";"314,22";"30,83";"79,0";"3,94";"393,22";"34,78";"42,11";"1,78";"33,61";"5,22";"1,33";"0,17";"25,28";"4928,45";"164,28";"1048,9";"567,14";"50,69";"222,12";"11,17";"789,26";"61,86";"55,43";"2,81";"35,43";"5,14";"1,93";"0,8";"31,01";"4586,07";"152,87";"947,56";"365,45";"35,86";"91,88";"4,59";"457,33";"40,45";"48,98";"2,07";"39,09";"6,07";"1,55";"0,19";"29,4";"0,93";"3,44";"60,23"
"Lucas Hedlund";"L. Hedlund";"16521";"1998-08-18";"GAIS";"3534";"SWE - Allsvenskan";"90";"2025/2025";"128";"Center Forward";"74,21";"42,72";"22,35";"20,37";"4";"0";"7985,25";"107,61";"1095,75";"374,0";"39,25";"115,0";"6,0";"489,0";"45,25";"29,27";"29,28";"90,75";"6,25";"78,75";"15,5";"4,0";"0,67";"0,67";"1,25";"null";"null";"35,25";"2,23";"3,01";"9684,53";"107,61";"1328,93";"453,59";"47,6";"139,47";"7,28";"593,06";"54,88";"110,06";"7,58";"95,51";"18,8";"4,85";"1,52";"42,75";"7973,86";"132,9";"1400,96";"470,5";"50,91";"147,12";"7,02";"617,61";"57,93";"92,69";"5,62";"70,22";"14,04";"2627,0";"117,52";"373,25";"191,25";"19,0";"70,5";"3,0";"261,75";"22,0";"34,25";"2,0";"24,0";"3,75";"1,75";"0,25";"14,5";"3050,5";"149,78";"624,25";"143,75";"17,25";"34,25";"2,0";"178,0";"19,25";"31,75";"2,0";"26,0";"6,25";"1,0";"0,25";"17,75";"3525,52";"117,52";"500,91";"256,66";"25,5";"94,61";"4,03";"351,28";"29,52";"45,96";"2,68";"32,21";"5,03";"2,35";"0,34";"19,46";"4493,37";"149,78";"919,52";"211,74";"25,41";"50,45";"2,95";"262,19";"28,36";"46,77";"2,95";"38,3";"9,21";"1,47";"0,37";"26,15";"0,7";"3,86";"45,29"
"Kevin Ackermann";"K. Ackermann";"16524";"2001-05-24";"IF Brommapojkarna";"2941";"SWE - Allsvenskan";"90";"2025/2025";"128";"Midfield";"90,41";"52,85";"23,31";"29,54";"25";"1";"11119,72";"122,99";"2001,4";"593,96";"55,24";"132,52";"8,08";"726,48";"63,32";"27,92";"30,14";"131,52";"5,4";"111,4";"15,92";"3,4";"0,63";"0,64";"0,96";"1,29";"1,42";"42,52";"1,83";"2,69";"11068,89";"122,99";"1992,25";"591,24";"54,99";"131,91";"8,04";"723,16";"63,03";"130,92";"5,38";"110,89";"15,85";"3,38";"0,96";"42,33";"9454,4";"157,57";"2090,57";"638,26";"58,53";"142,08";"7,58";"780,35";"66,12";"111,93";"3,54";"84,19";"10,31";"3590,0";"154,01";"798,84";"187,64";"17,92";"31,64";"1,88";"219,28";"19,8";"40,24";"1,4";"29,16";"3,32";"0,56";"0,2";"14,2";"4738,28";"160,38";"1042,72";"374,6";"33,64";"93,52";"4,8";"468,12";"38,44";"58,36";"1,72";"45,0";"5,76";"1,28";"0,36";"26,2";"4620,33";"154,01";"1028,11";"241,49";"23,06";"40,72";"2,42";"282,21";"25,48";"51,79";"1,8";"37,53";"4,27";"0,72";"0,26";"18,28";"4811,52";"160,38";"1058,84";"380,39";"34,16";"94,97";"4,87";"475,36";"39,03";"59,26";"1,75";"45,7";"5,85";"1,3";"0,37";"26,6";"0,64";"2,09";"45,86"
"Daniel Sundgren";"D. Sundgren";"16539";"1990-11-22";"Degerfors IF";"1736";"SWE - Allsvenskan";"90";"2025/2025";"128";"Central Defender";"94,98";"52,23";"21,74";"30,49";"4";"0";"10423,25";"109,74";"1196,25";"450,0";"44,5";"235,0";"9,0";"685,0";"53,5";"30,8";"30,8";"103,75";"5,0";"86,75";"15,0";"3,25";"0,81";"0,81";"0,75";"1,55";"1,55";"25,75";"2,0";"null";"9876,39";"109,74";"1133,49";"426,39";"42,17";"222,67";"8,53";"649,06";"50,69";"98,31";"4,74";"82,2";"14,21";"3,08";"0,71";"24,4";"8404,4";"140,07";"1208,71";"476,13";"45,66";"248,98";"8,62";"725,11";"54,28";"86,15";"4,31";"64,9";"9,76";"2874,5";"132,21";"374,25";"90,5";"9,0";"41,25";"1,75";"131,75";"10,75";"24,5";"1,5";"20,5";"2,5";"0,75";"0,0";"7,0";"4442,0";"145,68";"678,0";"324,0";"30,75";"175,5";"5,75";"499,5";"36,5";"50,5";"2,25";"36,0";"6,0";"1,5";"0,5";"17,0";"3966,35";"132,21";"516,4";"124,88";"12,42";"56,92";"2,41";"181,79";"14,83";"33,81";"2,07";"28,29";"3,45";"1,03";"0,0";"9,66";"4370,37";"145,68";"667,07";"318,78";"30,25";"172,67";"5,66";"491,45";"35,91";"49,69";"2,21";"35,42";"5,9";"1,48";"0,49";"16,73";"0,57";"2,58";"27,57"
"Daniel Sundgren";"D. Sundgren";"16539";"1990-11-22";"Degerfors IF";"1736";"SWE - Allsvenskan";"90";"2025/2025";"128";"Full Back";"98,68";"50,79";"23,34";"27,45";"11";"0";"10498,27";"106,39";"1312,27";"504,18";"53,27";"190,91";"11,09";"695,09";"64,36";"29,9";"31,8";"111,55";"6,18";"91,64";"19,73";"4,27";"0,72";"0,72";"1,09";"1,63";"1,71";"33,27";"1,91";"2,86";"9575,24";"106,39";"1196,9";"459,85";"48,59";"174,12";"10,12";"633,98";"58,7";"101,74";"5,64";"83,58";"17,99";"3,9";"0,99";"30,35";"8357,58";"139,29";"1337,57";"530,62";"55,09";"201,79";"11,28";"732,41";"66,37";"94,83";"4,62";"68,41";"12,03";"3206,45";"137,4";"494,0";"174,0";"18,18";"64,82";"3,73";"238,82";"21,91";"31,0";"1,64";"22,82";"4,27";"0,91";"0,27";"10,18";"3868,36";"140,9";"638,27";"275,18";"28,45";"106,0";"5,82";"381,18";"34,27";"49,27";"2,27";"35,09";"5,91";"1,55";"0,36";"20,55";"4122,05";"137,4";"635,06";"223,69";"23,37";"83,33";"4,79";"307,01";"28,17";"39,85";"2,1";"29,33";"5,49";"1,17";"0,35";"13,09";"4227,02";"140,9";"697,45";"300,7";"31,09";"115,83";"6,36";"416,52";"37,45";"53,84";"2,48";"38,34";"6,46";"1,69";"0,4";"22,45";"0,75";"2,9";"36,3"
"Dino Beširović";"D. Beširović";"16560";"1994-01-31";"AIK";"524";"SWE - Allsvenskan";"90";"2025/2025";"128";"Full Back";"89,38";"45,38";"19,67";"25,71";"12";"0";"10412,67";"116,5";"1734,42";"743,42";"64,5";"235,5";"13,25";"978,92";"77,75";"29,19";"30,38";"115,25";"8,83";"96,67";"19,58";"6,17";"0,65";"0,69";"1,5";"1,28";"1,76";"36,83";"1,88";"2,63";"10484,99";"116,5";"1746,46";"748,58";"64,95";"237,14";"13,34";"985,72";"78,29";"116,05";"8,89";"97,34";"19,72";"6,21";"1,51";"37,09";"9200,36";"153,34";"1979,09";"895,84";"75,47";"278,41";"15,2";"1174,26";"90,67";"109,4";"7,16";"80,1";"14,76";"2897,67";"147,33";"588,58";"246,92";"22,17";"83,83";"4,17";"330,75";"26,33";"33,17";"2,5";"24,33";"3,83";"1,92";"0,17";"10,0";"4061,17";"157,94";"908,33";"430,67";"34,92";"126,75";"7,33";"557,42";"42,25";"49,58";"2,92";"36,25";"7,33";"2,0";"0,67";"22,92";"4419,86";"147,33";"897,78";"376,63";"33,81";"127,87";"6,36";"504,5";"40,17";"50,59";"3,81";"37,12";"5,85";"2,92";"0,25";"15,25";"4738,1";"157,94";"1059,74";"502,45";"40,74";"147,88";"8,56";"650,33";"49,29";"57,85";"3,4";"42,29";"8,56";"2,33";"0,78";"26,74";"1,1";"5,18";"43,52"
"Dino Beširović";"D. Beširović";"16560";"1994-01-31";"AIK";"524";"SWE - Allsvenskan";"90";"2025/2025";"128";"Midfield";"89,83";"47,37";"22,94";"24,43";"8";"0";"10617,88";"118,2";"1889,38";"650,25";"56,0";"193,75";"9,12";"844,0";"65,12";"28,89";"29,8";"114,0";"6,75";"96,0";"17,5";"5,0";"0,64";"0,66";"1,5";"1,51";"1,53";"37,75";"1,84";"2,85";"10638,31";"118,2";"1893,01";"651,5";"56,11";"194,12";"9,14";"845,62";"65,25";"114,22";"6,76";"96,18";"17,53";"5,01";"1,5";"37,82";"9444,58";"157,41";"2124,41";"754,42";"63,81";"222,13";"9,34";"976,55";"73,15";"103,54";"4,59";"77,58";"11,87";"3513,12";"153,13";"721,5";"251,75";"21,75";"111,75";"3,75";"363,5";"25,5";"38,38";"1,75";"29,25";"4,12";"1,12";"0,25";"13,12";"3943,5";"161,43";"955,75";"343,88";"28,62";"63,62";"3,62";"407,5";"32,25";"43,38";"1,88";"32,0";"5,25";"1,62";"0,38";"20,5";"4593,99";"153,13";"943,48";"329,2";"28,44";"146,13";"4,9";"475,34";"33,35";"50,18";"2,29";"38,25";"5,39";"1,47";"0,33";"17,16";"4842,78";"161,43";"1173,7";"422,29";"35,15";"78,13";"4,45";"500,43";"39,6";"53,27";"2,3";"39,3";"6,45";"2,0";"0,46";"25,17";"0,79";"3,48";"42,59"
"Santeri Haarala";"S. Haarala";"17289";"1999-12-17";"Djurgardens IF";"522";"SWE - Allsvenskan";"90";"2025/2025";"128";"Midfield";"59,67";"36,05";"17,75";"18,3";"3";"0";"7689,33";"128,86";"1541,33";"771,0";"58,67";"295,33";"10,67";"1066,33";"69,33";"28,13";"28,13";"85,0";"4,67";"77,67";"13,0";"4,33";"0,76";"0,8";"1,67";"null";"null";"38,33";"2,36";"2,98";"11597,36";"128,86";"2324,7";"1162,85";"88,48";"445,43";"16,09";"1608,29";"104,57";"128,2";"7,04";"117,14";"19,61";"6,54";"2,51";"57,82";"9629,96";"160,5";"2117,06";"969,21";"89,32";"287,38";"14,98";"1256,59";"104,3";"94,31";"5,55";"79,89";"11,65";"2921,33";"164,58";"598,67";"311,33";"32,0";"146,67";"7,33";"458,0";"39,33";"29,0";"1,67";"24,33";"3,33";"1,33";"0,67";"15,0";"2864,67";"156,54";"673,33";"271,0";"21,67";"26,0";"1,67";"297,0";"23,33";"27,67";"1,67";"23,67";"3,67";"1,33";"0,33";"19,67";"4937,46";"164,58";"1011,83";"526,2";"54,08";"247,89";"12,39";"774,08";"66,48";"49,01";"2,82";"41,13";"5,63";"2,25";"1,13";"25,35";"4696,17";"156,54";"1103,83";"444,26";"35,52";"42,62";"2,73";"486,89";"38,25";"45,36";"2,73";"38,8";"6,01";"2,19";"0,55";"32,24";"1,66";"4,44";"57,7"
"Santeri Haarala";"S. Haarala";"17289";"1999-12-17";"Djurgardens IF";"522";"SWE - Allsvenskan";"90";"2025/2025";"128";"Wide Attacker";"71,5";"40,16";"22,07";"18,08";"6";"1";"9169,83";"128,25";"1572,0";"600,83";"56,17";"244,17";"11,67";"845,0";"67,83";"29,47";"30,06";"99,0";"5,83";"78,33";"19,33";"4,0";"0,79";"0,8";"1,17";"1,89";"null";"40,33";"2,0";"2,86";"11542,9";"128,25";"1978,82";"756,32";"70,7";"307,35";"14,69";"1063,68";"85,39";"124,62";"7,34";"98,61";"24,34";"5,04";"1,47";"50,77";"9824,05";"163,73";"2106,31";"826,04";"78,2";"332,21";"15,19";"1158,25";"93,39";"108,58";"5,48";"76,45";"18,43";"3493,67";"158,26";"663,33";"321,0";"32,0";"161,67";"7,5";"482,67";"39,5";"41,0";"2,17";"27,83";"5,67";"1,33";"0,83";"18,5";"3081,17";"170,41";"746,33";"231,83";"20,33";"60,67";"2,67";"292,5";"23,0";"31,67";"1,5";"23,33";"6,67";"1,17";"0,17";"18,83";"4747,9";"158,26";"901,47";"436,24";"43,49";"219,71";"10,19";"655,95";"53,68";"55,72";"2,94";"37,83";"7,7";"1,81";"1,13";"25,14";"5112,4";"170,41";"1238,35";"384,67";"33,74";"100,66";"4,42";"485,33";"38,16";"52,54";"2,49";"38,72";"11,06";"1,94";"0,28";"31,25";"1,49";"3,74";"55,78"
"Santeri Haarala";"S. Haarala";"17289";"1999-12-17";"Degerfors IF";"1736";"SWE - Allsvenskan";"90";"2025/2025";"128";"Wide Attacker";"86,43";"46,22";"21,05";"25,17";"4";"0";"10891,25";"126,01";"1779,25";"832,75";"78,25";"285,75";"15,75";"1118,5";"94,0";"29,5";"29,5";"123,75";"7,25";"98,25";"19,0";"6,25";"0,72";"0,77";"2,5";"1,62";"null";"39,0";"2,05";"2,87";"11340,68";"126,01";"1852,67";"867,11";"81,48";"297,54";"16,4";"1164,65";"97,88";"128,86";"7,55";"102,3";"19,78";"6,51";"2,6";"40,61";"9840,69";"164,01";"2010,78";"993,71";"90,87";"344,97";"18,17";"1338,68";"109,04";"111,31";"6,49";"76,26";"12,66";"3582,75";"170,2";"741,75";"387,25";"39,5";"200,0";"9,75";"587,25";"49,25";"46,5";"3,0";"27,25";"3,75";"3,0";"1,25";"21,0";"3998,0";"158,83";"807,25";"378,25";"30,5";"65,75";"4,25";"444,0";"34,75";"39,25";"2,0";"31,5";"6,0";"1,0";"0,25";"14,75";"5106,06";"170,2";"1057,13";"551,9";"56,29";"285,04";"13,9";"836,94";"70,19";"66,27";"4,28";"38,84";"5,34";"4,28";"1,78";"29,93";"4765,04";"158,83";"962,13";"450,82";"36,35";"78,36";"5,07";"529,18";"41,42";"46,78";"2,38";"37,54";"7,15";"1,19";"0,3";"17,58";"1,95";"5,19";"46,41"
"Rasmus Schüller";"R. Schüller";"17496";"1991-06-18";"Djurgardens IF";"522";"SWE - Allsvenskan";"90";"2025/2025";"128";"Midfield";"68,23";"36,65";"19,54";"17,11";"16";"1";"8267,56";"121,17";"1651,38";"543,12";"43,12";"84,25";"4,75";"627,38";"47,88";"26,46";"27,9";"103,75";"3,69";"86,0";"12,06";"2,0";"0,73";"0,78";"0,31";"1,79";"null";"32,5";"1,89";"2,73";"10905,28";"121,17";"2178,24";"716,41";"56,88";"111,13";"6,27";"827,54";"63,15";"136,85";"4,86";"113,44";"15,91";"2,64";"0,41";"42,87";"9722,81";"162,05";"2448,43";"827,84";"64,46";"129,12";"5,73";"956,96";"70,19";"120,43";"3,38";"88,3";"11,97";"3066,81";"156,92";"748,75";"187,06";"14,56";"24,25";"1,25";"211,31";"15,81";"37,19";"0,81";"27,88";"2,81";"0,31";"0,06";"11,38";"2872,38";"167,9";"746,88";"318,62";"24,81";"54,62";"2,25";"373,25";"27,06";"36,38";"1,25";"26,06";"4,5";"0,62";"0,12";"18,62";"4707,61";"156,92";"1149,34";"287,14";"22,35";"37,22";"1,92";"324,37";"24,27";"57,08";"1,25";"42,79";"4,32";"0,48";"0,1";"17,46";"5037,11";"167,9";"1309,75";"558,75";"43,51";"95,79";"3,95";"654,55";"47,46";"63,79";"2,19";"45,7";"7,89";"1,1";"0,22";"32,66";"0,31";"1,53";"49,11"
"Bersant Celina";"B. Celina";"17714";"1996-09-09";"AIK";"524";"SWE - Allsvenskan";"90";"2025/2025";"128";"Center Forward";"96,82";"48,11";"21,86";"26,25";"4";"0";"10999,0";"113,6";"1772,25";"735,5";"74,0";"323,5";"16,0";"1059,0";"90,0";"29,18";"29,18";"129,5";"9,0";"105,75";"19,5";"7,0";"0,72";"null";"2,25";"1,45";"null";"49,0";"2,22";"2,84";"10224,14";"113,6";"1647,4";"683,69";"68,79";"300,71";"14,87";"984,4";"83,66";"120,38";"8,37";"98,3";"18,13";"6,51";"2,09";"45,55";"9300,7";"155,01";"1985,66";"834,61";"84,49";"381,29";"18,39";"1215,9";"102,88";"115,35";"7,17";"84,8";"14,34";"3273,75";"149,74";"594,5";"267,75";"30,75";"173,5";"7,75";"441,25";"38,5";"45,25";"2,75";"28,5";"5,25";"2,0";"1,0";"17,25";"4184,25";"159,4";"997,75";"401,5";"37,0";"132,25";"7,0";"533,75";"44,0";"47,25";"3,0";"39,5";"6,25";"2,25";"0,75";"26,75";"4492,28";"149,74";"815,78";"367,41";"42,2";"238,08";"10,63";"605,49";"52,83";"62,09";"3,77";"39,11";"7,2";"2,74";"1,37";"23,67";"4782,0";"159,4";"1140,29";"458,86";"42,29";"151,14";"8,0";"610,0";"50,29";"54,0";"3,43";"45,14";"7,14";"2,57";"0,86";"30,57";"2,18";"5,3";"54,87"
"Bersant Celina";"B. Celina";"17714";"1996-09-09";"AIK";"524";"SWE - Allsvenskan";"90";"2025/2025";"128";"Full Back";"91,81";"48,96";"25,84";"23,12";"3";"0";"10434,67";"113,66";"1553,67";"600,67";"58,0";"262,33";"12,33";"863,0";"70,33";"29,67";"29,67";"113,33";"4,67";"91,0";"18,67";"3,33";"0,78";"null";"1,0";"null";"null";"32,0";"null";"2,89";"10229,45";"113,66";"1523,11";"588,85";"56,86";"257,17";"12,09";"846,03";"68,95";"111,1";"4,57";"89,21";"18,3";"3,27";"0,98";"31,37";"8799,0";"146,65";"1705,63";"681,03";"63,32";"297,41";"12,66";"978,44";"75,99";"97,64";"3,68";"70,68";"13,89";"3625,33";"140,31";"686,67";"236,0";"23,67";"105,0";"5,0";"341,0";"28,67";"37,33";"1,33";"28,0";"5,0";"1,33";"0,0";"13,0";"3554,0";"153,74";"705,0";"319,67";"28,0";"137,67";"5,33";"457,33";"33,33";"42,33";"1,67";"29,67";"6,33";"1,0";"0,33";"15,67";"4209,16";"140,31";"797,25";"274,01";"27,48";"121,91";"5,81";"395,91";"33,28";"43,35";"1,55";"32,51";"5,81";"1,55";"0,0";"15,09";"4612,26";"153,74";"914,92";"414,85";"36,34";"178,66";"6,92";"593,51";"43,26";"54,94";"2,16";"38,5";"8,22";"1,3";"0,43";"20,33";"0,41";"2,86";"35,13"
"Bersant Celina";"B. Celina";"17714";"1996-09-09";"AIK";"524";"SWE - Allsvenskan";"90";"2025/2025";"128";"Wide Attacker";"88,11";"45,77";"21,18";"24,59";"18";"0";"10232,33";"116,13";"1644,78";"763,5";"71,39";"304,94";"15,22";"1068,44";"86,61";"29,79";"31,6";"115,78";"7,67";"95,83";"17,28";"5,72";"0,57";"0,63";"2,17";"1,27";"1,38";"43,28";"1,93";"2,81";"10451,8";"116,13";"1680,06";"779,88";"72,92";"311,48";"15,55";"1091,36";"88,47";"118,26";"7,83";"97,89";"17,65";"5,84";"2,21";"44,21";"9302,0";"155,03";"1928,17";"919,55";"85,28";"368,86";"18,06";"1288,41";"103,34";"110,62";"6,48";"82,0";"13,69";"3191,39";"150,65";"611,17";"312,61";"30,83";"165,17";"7,67";"477,78";"38,5";"40,0";"2,83";"26,83";"4,56";"2,17";"1,06";"17,94";"3904,83";"158,81";"859,78";"388,89";"34,22";"116,22";"6,11";"505,11";"40,33";"44,39";"2,11";"35,72";"5,89";"1,33";"0,33";"21,22";"4519,47";"150,65";"865,5";"442,7";"43,66";"233,9";"10,86";"676,6";"54,52";"56,65";"4,01";"38,0";"6,45";"3,07";"1,49";"25,41";"4764,32";"158,81";"1049,02";"474,49";"41,75";"141,8";"7,46";"616,29";"49,21";"54,16";"2,58";"43,59";"7,19";"1,63";"0,41";"25,89";"1,82";"4,59";"51,34"
"Mikael Neville Anderson";"M. Anderson";"19027";"1998-07-01";"Djurgardens IF";"522";"SWE - Allsvenskan";"90";"2025/2025";"128";"Midfield";"85,22";"44,95";"24,79";"20,17";"9";"1";"10294,11";"120,8";"1599,33";"610,78";"63,0";"291,33";"15,0";"902,11";"78,0";"29,99";"30,74";"103,0";"5,67";"84,67";"15,44";"4,22";"0,58";"0,65";"1,11";"1,17";"1,65";"33,33";"1,97";"2,78";"10871,7";"120,8";"1689,07";"645,05";"66,53";"307,68";"15,84";"952,73";"82,38";"108,78";"5,98";"89,42";"16,31";"4,46";"1,17";"35,2";"9590,61";"159,84";"1888,61";"746,84";"78,15";"355,77";"17,65";"1102,62";"95,8";"100,25";"4,75";"71,93";"10,68";"3945,56";"159,19";"746,78";"337,89";"35,11";"199,78";"9,33";"537,67";"44,44";"40,56";"1,78";"28,22";"4,11";"1,56";"0,56";"15,78";"3240,0";"160,65";"668,22";"221,67";"23,44";"66,78";"3,89";"288,44";"27,33";"34,56";"1,78";"25,67";"3,89";"0,89";"0,11";"14,44";"4775,7";"159,19";"903,9";"408,98";"42,5";"241,81";"11,3";"650,79";"53,8";"49,09";"2,15";"34,16";"4,98";"1,88";"0,67";"19,1";"4819,39";"160,65";"993,96";"329,72";"34,87";"99,33";"5,78";"429,05";"40,66";"51,4";"2,64";"38,18";"5,78";"1,32";"0,17";"21,49";"0,89";"3,26";"40,34"
"Mikael Neville Anderson";"M. Anderson";"19027";"1998-07-01";"Djurgardens IF";"522";"SWE - Allsvenskan";"90";"2025/2025";"128";"Wide Attacker";"93,05";"48,05";"24,63";"23,42";"3";"0";"11137,0";"119,69";"1831,33";"696,33";"72,0";"315,0";"17,33";"1011,33";"89,33";"29,8";"29,8";"115,0";"7,67";"88,67";"20,33";"6,0";"0,75";"0,87";"2,67";"1,44";"null";"42,67";"2,41";"null";"10771,95";"119,69";"1771,31";"673,51";"69,64";"304,67";"16,77";"978,18";"86,41";"111,23";"7,42";"85,76";"19,67";"5,8";"2,58";"41,27";"9558,79";"159,31";"2029,14";"797,92";"82,41";"367,53";"19,98";"1165,45";"102,39";"105,72";"7,49";"71,59";"12,49";"3842,67";"156,03";"746,67";"368,0";"35,67";"192,33";"9,67";"560,33";"45,33";"45,0";"3,67";"27,0";"5,67";"3,33";"1,33";"17,67";"3812,33";"162,77";"878,33";"271,0";"30,33";"102,0";"6,33";"373,0";"36,67";"39,67";"2,33";"30,33";"4,33";"1,67";"1,0";"21,33";"4680,89";"156,03";"909,54";"448,27";"43,45";"234,29";"11,78";"682,56";"55,22";"54,82";"4,47";"32,89";"6,9";"4,06";"1,62";"21,52";"4882,97";"162,77";"1125,0";"347,11";"38,85";"130,65";"8,11";"477,75";"46,96";"50,81";"2,99";"38,85";"5,55";"2,13";"1,28";"27,32";"2,91";"6,24";"48,7"
"Simon Hedlund";"S. Hedlund";"19289";"1993-03-11";"IF Elfsborg";"1483";"SWE - Allsvenskan";"90";"2025/2025";"128";"Full Back";"97,79";"55,2";"27,28";"27,92";"18";"0";"11412,33";"116,7";"1822,72";"855,72";"77,89";"309,22";"17,56";"1164,94";"95,44";"29,69";"31,38";"126,83";"9,33";"109,44";"21,28";"6,56";"0,6";"0,62";"2,39";"1,16";"1,31";"38,89";"1,76";"2,73";"10503,44";"116,7";"1677,56";"787,57";"71,69";"284,6";"16,16";"1072,17";"87,84";"116,73";"8,59";"100,73";"19,58";"6,03";"2,2";"35,79";"8782,6";"146,38";"1727,65";"850,57";"75,0";"308,22";"16,79";"1158,79";"91,79";"101,21";"6,82";"75,12";"13,65";"3864,17";"141,64";"739,22";"322,72";"29,94";"113,11";"6,72";"435,83";"36,67";"40,72";"2,94";"30,44";"5,0";"1,94";"0,83";"12,83";"4215,56";"151,01";"850,17";"459,78";"39,06";"170,44";"8,72";"630,22";"47,78";"52,39";"3,33";"38,67";"7,56";"2,33";"0,89";"23,17";"4249,08";"141,64";"812,86";"354,87";"32,93";"124,38";"7,39";"479,25";"40,32";"44,78";"3,24";"33,48";"5,5";"2,14";"0,92";"14,11";"4530,3";"151,01";"913,64";"494,11";"41,97";"183,17";"9,37";"677,28";"51,34";"56,3";"3,58";"41,55";"8,12";"2,51";"0,96";"24,9";"1,87";"4,65";"39,13"
"Simon Hedlund";"S. Hedlund";"19289";"1993-03-11";"IF Elfsborg";"1483";"SWE - Allsvenskan";"90";"2025/2025";"128";"Wide Attacker";"95,95";"52,06";"24,86";"27,2";"8";"0";"10879,75";"113,39";"1664,12";"788,12";"75,12";"321,62";"16,62";"1109,75";"91,75";"29,8";"30,72";"120,88";"8,38";"98,38";"22,62";"5,75";"0,67";"0,7";"2,12";"1,38";"null";"48,38";"1,8";"2,98";"10205,08";"113,39";"1560,93";"739,25";"70,47";"301,68";"15,59";"1040,93";"86,06";"113,38";"7,86";"92,27";"21,22";"5,39";"1,99";"45,38";"8851,46";"147,52";"1722,35";"843,09";"79,09";"331,65";"16,86";"1174,74";"95,95";"104,88";"6,34";"74,05";"15,13";"3528,25";"141,95";"643,12";"311,5";"29,62";"122,62";"6,88";"434,12";"36,5";"42,38";"2,62";"27,62";"4,88";"1,62";"0,38";"19,62";"4151,62";"152,62";"851,25";"420,0";"39,0";"165,12";"7,75";"585,12";"46,75";"48,62";"2,88";"36,62";"8,25";"2,0";"1,0";"25,75";"4258,39";"141,95";"776,21";"375,96";"35,76";"148,0";"8,3";"523,96";"44,05";"51,14";"3,17";"33,34";"5,88";"1,96";"0,45";"23,69";"4578,65";"152,62";"938,81";"463,2";"43,01";"182,11";"8,55";"645,31";"51,56";"53,63";"3,17";"40,39";"9,1";"2,21";"1,1";"28,4";"1,58";"4,18";"52,3"
"Jonas Bager";"J. Bager";"22895";"1996-07-18";"IFK Göteborg";"1480";"SWE - Allsvenskan";"90";"2025/2025";"128";"Central Defender";"92,22";"48,21";"23,54";"24,67";"12";"0";"9452,25";"102,5";"1153,83";"372,5";"32,5";"87,75";"5,42";"460,25";"37,92";"27,61";"28,76";"104,42";"4,5";"80,5";"10,17";"2,83";"0,73";"0,79";"0,58";"1,51";"1,66";"18,25";"2,2";"2,99";"9225,04";"102,5";"1126,1";"363,55";"31,72";"85,64";"5,29";"449,19";"37,01";"101,91";"4,39";"78,56";"9,92";"2,77";"0,57";"17,81";"8025,25";"133,75";"1199,03";"405,83";"34,74";"101,74";"4,87";"507,57";"39,62";"90,23";"3,11";"65,13";"6,85";"3008,83";"127,83";"378,5";"85,08";"8,17";"23,83";"0,92";"108,92";"9,08";"29,33";"0,92";"21,67";"2,08";"0,33";"0,08";"4,67";"3439,42";"139,4";"584,92";"241,0";"19,75";"57,92";"3,0";"298,92";"22,75";"43,17";"1,58";"30,67";"3,42";"0,92";"0,25";"11,75";"3834,94";"127,83";"482,42";"108,44";"10,41";"30,38";"1,17";"138,82";"11,58";"37,39";"1,17";"27,62";"2,66";"0,42";"0,11";"5,95";"4182,13";"139,4";"711,22";"293,04";"24,01";"70,42";"3,65";"363,47";"27,66";"52,49";"1,93";"37,29";"4,15";"1,11";"0,3";"14,29";"0,41";"1,56";"20,43"
"Magnus Christensen";"M. Christensen";"22897";"1997-08-20";"Östers IF";"4623";"SWE - Allsvenskan";"90";"2025/2025";"128";"Midfield";"75,37";"42,76";"20,84";"21,92";"21";"1";"9136,52";"121,23";"1614,48";"495,38";"43,9";"131,9";"6,57";"627,29";"50,48";"27,47";"29,3";"101,43";"3,14";"85,57";"12,57";"2,14";"0,64";"0,69";"0,57";"1,24";"1,24";"28,9";"2,05";"2,86";"10910,72";"121,23";"1927,99";"591,58";"52,43";"157,52";"7,85";"749,1";"60,28";"121,12";"3,75";"102,19";"15,01";"2,56";"0,68";"34,52";"9531,72";"158,86";"2082,31";"634,11";"56,59";"159,88";"7,55";"793,99";"64,14";"105,83";"3,34";"78,9";"11,29";"3145,95";"150,93";"664,67";"130,43";"11,48";"19,9";"1,14";"150,33";"12,62";"29,52";"1,19";"22,43";"2,14";"0,38";"0,1";"9,0";"3647,67";"166,41";"819,48";"321,52";"28,86";"94,05";"4,24";"415,57";"33,1";"45,9";"1,19";"33,81";"5,9";"0,81";"0,19";"17,95";"4527,76";"150,93";"956,61";"187,72";"16,52";"28,65";"1,64";"216,36";"18,16";"42,49";"1,71";"32,28";"3,08";"0,55";"0,14";"12,95";"4992,28";"166,41";"1121,55";"440,04";"39,49";"128,72";"5,8";"568,76";"45,29";"62,83";"1,63";"46,27";"8,08";"1,11";"0,26";"24,57";"0,4";"1,67";"37,82"
"Sead Hakšabanović";"S. Hakšabanović";"23617";"1999-05-04";"Malmo FF";"426";"SWE - Allsvenskan";"90";"2025/2025";"128";"Center Forward";"78,2";"44,79";"25,83";"18,96";"10";"0";"8859,0";"113,29";"1308,7";"495,7";"48,2";"117,2";"7,1";"612,9";"55,3";"28,29";"29,4";"98,6";"5,8";"79,9";"13,1";"3,6";"0,7";"0,8";"1,4";"1,45";"1,53";"33,2";"2,13";"2,78";"10196,21";"113,29";"1506,24";"570,52";"55,48";"134,89";"8,17";"705,41";"63,65";"113,48";"6,68";"91,96";"15,08";"4,14";"1,61";"38,21";"8596,47";"143,27";"1582,53";"625,56";"58,4";"140,92";"7,5";"766,48";"65,91";"97,92";"5,49";"68,72";"11,39";"3525,6";"136,48";"607,9";"259,0";"23,5";"66,7";"3,2";"325,7";"26,7";"42,2";"2,3";"28,1";"4,3";"1,6";"0,6";"16,6";"2891,9";"152,53";"573,5";"208,0";"20,1";"38,5";"2,4";"246,5";"22,5";"30,9";"1,8";"23,2";"4,2";"0,9";"0,3";"14,8";"4094,51";"136,48";"705,99";"300,79";"27,29";"77,46";"3,72";"378,26";"31,01";"49,01";"2,67";"32,63";"4,99";"1,86";"0,7";"19,28";"4575,79";"152,53";"907,44";"329,11";"31,8";"60,92";"3,8";"390,03";"35,6";"48,89";"2,85";"36,71";"6,65";"1,42";"0,47";"23,42";"1,21";"3,35";"42,06"
"Sead Hakšabanović";"S. Hakšabanović";"23617";"1999-05-04";"Malmo FF";"426";"SWE - Allsvenskan";"90";"2025/2025";"128";"Midfield";"68,04";"40,76";"18,69";"22,07";"3";"0";"8419,67";"123,74";"1394,0";"460,67";"42,33";"128,67";"5,0";"589,33";"47,33";"29,3";"29,3";"109,67";"5,67";"86,33";"11,67";"4,33";"0,79";"null";"1,33";"1,55";"null";"28,67";"2,46";"3,21";"11136,4";"123,74";"1843,79";"609,31";"55,99";"170,18";"6,61";"779,49";"62,61";"145,05";"7,5";"114,19";"15,43";"5,73";"1,76";"37,92";"9011,53";"150,19";"1834,59";"601,55";"56,43";"173,69";"6,38";"775,25";"62,8";"125,61";"6,38";"85,38";"10,79";"2696,67";"144,29";"498,33";"206,0";"18,67";"58,67";"2,67";"264,67";"21,33";"37,0";"3,0";"23,33";"3,0";"2,67";"0,67";"11,0";"3425,33";"155,19";"748,0";"202,67";"19,67";"59,33";"1,67";"262,0";"21,33";"48,33";"1,33";"34,67";"4,33";"0,67";"0,0";"14,67";"4328,78";"144,29";"799,94";"330,68";"29,96";"94,17";"4,28";"424,85";"34,24";"59,39";"4,82";"37,46";"4,82";"4,28";"1,07";"17,66";"4655,63";"155,19";"1016,66";"275,46";"26,73";"80,64";"2,27";"356,1";"29,0";"65,69";"1,81";"47,12";"5,89";"0,91";"0,0";"19,93";"0,98";"4,91";"37,78"
"Sead Hakšabanović";"S. Hakšabanović";"23617";"1999-05-04";"Malmo FF";"426";"SWE - Allsvenskan";"90";"2025/2025";"128";"Wide Attacker";"63,08";"35,87";"19,78";"16,08";"7";"0";"7179,71";"113,81";"1104,43";"400,86";"37,71";"111,14";"5,71";"512,0";"43,43";"29,67";"30,8";"84,71";"5,57";"68,43";"13,43";"4,43";"0,67";"0,75";"0,43";"null";"null";"27,86";"2,21";"2,98";"10243,19";"113,81";"1575,67";"571,9";"53,81";"158,57";"8,15";"730,46";"61,96";"120,86";"7,95";"97,63";"19,16";"6,32";"0,61";"39,74";"8676,42";"144,61";"1671,19";"639,03";"58,31";"174,93";"7,89";"813,97";"66,2";"102,28";"5,26";"72,41";"12,9";"2805,86";"141,83";"531,71";"211,43";"18,29";"49,71";"2,71";"261,14";"21,0";"32,86";"1,71";"22,86";"3,0";"1,29";"0,0";"14,29";"2380,71";"148,02";"467,29";"170,57";"16,57";"54,86";"2,0";"225,43";"18,57";"28,29";"1,43";"20,43";"4,71";"1,14";"0,14";"11,57";"4254,88";"141,83";"806,31";"320,62";"27,73";"75,39";"4,12";"396,0";"31,84";"49,83";"2,6";"34,66";"4,55";"1,95";"0,0";"21,66";"4440,71";"148,02";"871,62";"318,16";"30,91";"102,32";"3,73";"420,49";"34,64";"52,76";"2,66";"38,11";"8,79";"2,13";"0,27";"21,58";"0,24";"4,06";"43,26"
"Tokmac Chol Nguen";"T. Nguen";"24026";"1993-10-20";"Djurgardens IF";"522";"SWE - Allsvenskan";"90";"2025/2025";"128";"Center Forward";"89,42";"50,19";"25,72";"24,46";"10";"1";"9005,4";"100,71";"1214,4";"577,0";"58,0";"204,2";"12,3";"781,2";"70,3";"29,34";"30,08";"118,3";"10,5";"97,5";"21,8";"7,1";"0,6";"0,66";"2,2";"1,33";"1,41";"42,9";"2,11";"2,75";"9064,32";"100,71";"1222,35";"580,78";"58,38";"205,54";"12,38";"786,31";"70,76";"119,07";"10,57";"98,14";"21,94";"7,15";"2,21";"43,18";"7783,78";"129,73";"1314,73";"633,51";"62,53";"223,33";"13,27";"856,84";"75,8";"101,02";"7,29";"75,2";"14,71";"3368,8";"130,96";"556,0";"287,7";"28,4";"123,3";"7,4";"411,0";"35,8";"46,7";"3,7";"29,8";"5,7";"2,5";"1,0";"18,4";"3141,9";"128,43";"543,7";"242,2";"23,9";"63,5";"3,7";"305,7";"27,6";"37,8";"2,4";"33,1";"6,6";"1,5";"0,3";"20,8";"3928,88";"130,96";"648,44";"335,53";"33,12";"143,8";"8,63";"479,33";"41,75";"54,46";"4,32";"34,75";"6,65";"2,92";"1,17";"21,46";"3852,99";"128,43";"666,75";"297,02";"29,31";"77,87";"4,54";"374,89";"33,85";"46,36";"2,94";"40,59";"8,09";"1,84";"0,37";"25,51";"1,55";"4,78";"46,87"
"Tokmac Chol Nguen";"T. Nguen";"24026";"1993-10-20";"Djurgardens IF";"522";"SWE - Allsvenskan";"90";"2025/2025";"128";"Wide Attacker";"86,5";"47,15";"25,65";"21,5";"14";"1";"9001,86";"104,07";"1263,64";"606,86";"59,14";"245,79";"12,29";"852,64";"71,43";"30,07";"31,28";"105,36";"8,57";"86,57";"18,36";"6,14";"0,61";"0,66";"1,79";"1,24";"1,48";"35,07";"1,9";"2,87";"9366,48";"104,07";"1314,83";"631,44";"61,54";"255,74";"12,78";"887,18";"74,32";"109,62";"8,92";"90,08";"19,1";"6,39";"1,86";"36,49";"8049,42";"134,16";"1427,78";"718,25";"68,63";"284,05";"13,73";"1002,3";"82,35";"97,62";"7,36";"68,9";"13,36";"3394,36";"132,35";"568,43";"303,14";"31,07";"147,21";"7,0";"450,36";"38,07";"43,57";"3,71";"29,0";"5,07";"2,86";"1,29";"17,21";"2931,14";"136,31";"553,57";"261,29";"22,86";"76,0";"3,79";"337,29";"26,64";"33,14";"2,07";"25,14";"5,43";"1,36";"0,14";"14,71";"3970,56";"132,35";"664,92";"354,6";"36,35";"172,2";"8,19";"526,81";"44,53";"50,97";"4,34";"33,92";"5,93";"3,34";"1,5";"20,14";"4089,29";"136,31";"772,3";"364,52";"31,89";"106,03";"5,28";"470,55";"37,17";"46,24";"2,89";"35,08";"7,57";"1,89";"0,2";"20,53";"1,82";"5,36";"40,63"
"Sebastian Ohlsson";"S. Ohlsson";"25513";"1993-05-26";"Degerfors IF";"1736";"SWE - Allsvenskan";"90";"2025/2025";"128";"Full Back";"85,94";"46,75";"20,67";"26,08";"12";"1";"9861,0";"114,74";"1461,5";"590,42";"47,83";"125,5";"7,92";"715,92";"55,75";"27,2";"28,22";"100,83";"6,0";"85,58";"15,08";"3,83";"0,67";"0,76";"1,0";"1,61";"2,02";"30,17";"1,94";"2,84";"10326,66";"114,74";"1530,51";"618,3";"50,09";"131,43";"8,29";"749,72";"58,38";"105,59";"6,28";"89,62";"15,8";"4,01";"1,05";"31,59";"8789,75";"146,5";"1654,66";"702,2";"55,18";"151,54";"8,98";"853,75";"64,17";"93,26";"5,78";"69,62";"11,12";"2978,08";"144,06";"555,08";"218,58";"17,58";"49,33";"3,08";"267,92";"20,67";"30,17";"1,92";"21,25";"3,5";"1,0";"0,25";"8,33";"3871,0";"148,42";"734,25";"328,58";"25,42";"68,75";"3,92";"397,33";"29,33";"42,5";"2,58";"33,0";"5,17";"1,58";"0,42";"19,25";"4321,86";"144,06";"805,55";"317,21";"25,52";"71,59";"4,47";"388,81";"29,99";"43,78";"2,78";"30,84";"5,08";"1,45";"0,36";"12,09";"4452,74";"148,42";"844,59";"377,96";"29,24";"79,08";"4,51";"457,05";"33,74";"48,89";"2,97";"37,96";"5,94";"1,82";"0,48";"22,14";"0,86";"3,32";"35,4"
"Sebastian Ohlsson";"S. Ohlsson";"25513";"1993-05-26";"Degerfors IF";"1736";"SWE - Allsvenskan";"90";"2025/2025";"128";"Wide Attacker";"79,64";"41,59";"18,68";"22,91";"6";"1";"9343,33";"117,31";"1511,5";"603,17";"51,33";"131,67";"7,83";"734,83";"59,17";"27,77";"28,08";"103,33";"5,33";"88,67";"14,33";"4,0";"0,77";"0,72";"0,5";"null";"null";"34,17";"2,0";"2,8";"10558,18";"117,31";"1708,03";"681,59";"58,01";"148,79";"8,85";"830,38";"66,86";"116,77";"6,03";"100,2";"16,2";"4,52";"0,57";"38,61";"9218,3";"153,64";"1916,12";"804,19";"67,56";"173,82";"8,9";"978,02";"76,45";"105,3";"5,05";"79,58";"11,78";"2905,0";"155,49";"600,67";"275,17";"21,67";"59,0";"3,17";"334,17";"24,83";"35,0";"1,67";"22,67";"3,83";"1,33";"0,33";"13,5";"3485,5";"152,13";"727,67";"282,33";"25,17";"61,5";"3,0";"343,83";"28,17";"38,0";"1,83";"32,5";"4,33";"1,0";"0,0";"17,5";"4664,59";"155,49";"964,5";"441,84";"34,79";"94,74";"5,08";"536,57";"39,88";"56,2";"2,68";"36,4";"6,16";"2,14";"0,54";"21,68";"4563,94";"152,13";"952,81";"369,69";"32,95";"80,53";"3,93";"450,22";"36,88";"49,76";"2,4";"42,56";"5,67";"1,31";"0,0";"22,91";"0,48";"3,37";"44,72"
"Tesfaldet Tekie";"T. Tekie";"26746";"1997-06-04";"Hammarby IF";"1478";"SWE - Allsvenskan";"90";"2025/2025";"128";"Midfield";"94,85";"54,28";"32,74";"21,54";"21";"2";"11587,05";"122,16";"1867,19";"542,62";"44,9";"81,67";"5,05";"624,29";"49,95";"26,27";"27,58";"108,81";"3,57";"94,95";"10,57";"1,86";"0,65";"0,74";"0,52";"1,55";"1,55";"34,67";"1,86";"2,8";"10994,19";"122,16";"1771,66";"514,86";"42,61";"77,49";"4,79";"592,34";"47,4";"103,24";"3,39";"90,09";"10,03";"1,76";"0,5";"32,89";"9490,98";"158,18";"1921,11";"580,45";"46,58";"84,69";"4,21";"665,14";"50,79";"88,22";"2,74";"70,58";"7,21";"4814,43";"147,04";"801,52";"172,29";"14,9";"16,95";"1,0";"189,24";"15,9";"42,38";"1,19";"36,05";"3,14";"0,43";"0,05";"13,33";"3772,14";"175,11";"936,52";"352,86";"27,24";"59,67";"2,81";"412,52";"30,05";"37,43";"1,29";"27,81";"3,38";"0,76";"0,24";"19,24";"4411,34";"147,04";"734,42";"157,86";"13,66";"15,53";"0,92";"173,39";"14,57";"38,83";"1,09";"33,03";"2,88";"0,39";"0,04";"12,22";"5253,37";"175,11";"1304,27";"491,42";"37,93";"83,1";"3,91";"574,51";"41,85";"52,13";"1,79";"38,73";"4,71";"1,06";"0,33";"26,79";"0,32";"1,32";"36,0"
"Adam Lundkvist";"A. Lundkvist";"27126";"1994-03-20";"BK Hacken";"523";"SWE - Allsvenskan";"90";"2025/2025";"128";"Full Back";"95,38";"55,86";"31,41";"24,46";"21";"2";"10506,43";"110,15";"1484,52";"622,52";"59,9";"225,43";"12,29";"847,95";"72,19";"29,48";"31,54";"116,29";"8,71";"96,62";"17,0";"6,38";"0,61";"0,61";"2,33";"1,12";"1,22";"30,38";"1,78";"2,58";"9913,79";"110,15";"1400,79";"587,41";"56,53";"212,71";"11,59";"800,12";"68,12";"109,73";"8,22";"91,17";"16,04";"6,02";"2,2";"28,67";"8224,52";"137,08";"1404,53";"616,6";"57,54";"226,36";"11,92";"842,96";"69,45";"93,49";"6,65";"68,94";"11,25";"4111,48";"130,91";"666,38";"250,52";"23,43";"87,24";"4,52";"337,76";"27,95";"41,81";"3,43";"33,52";"5,24";"2,48";"1,0";"11,0";"3546,14";"144,99";"641,33";"323,57";"30,14";"123,52";"6,57";"447,1";"36,71";"45,24";"2,76";"30,67";"5,24";"2,1";"0,81";"17,43";"3927,37";"130,91";"636,54";"239,31";"22,38";"83,33";"4,32";"322,64";"26,7";"39,94";"3,28";"32,02";"5,0";"2,37";"0,96";"10,51";"4349,68";"144,99";"786,66";"396,89";"36,97";"151,51";"8,06";"548,41";"45,03";"55,49";"3,39";"37,62";"6,43";"2,57";"0,99";"21,38";"1,94";"4,91";"30,53"
"Nicklas Røjkjær";"N. Røjkjær";"27377";"1998-07-24";"Mjällby AIF";"1486";"SWE - Allsvenskan";"90";"2025/2025";"128";"Midfield";"92,66";"53,45";"28,98";"24,48";"13";"1";"12354,15";"133,33";"2532,23";"1060,23";"85,85";"261,0";"14,08";"1321,23";"99,92";"28,1";"29,34";"128,54";"3,54";"112,08";"16,77";"2,23";"0,65";"0,74";"0,31";"1,65";"null";"56,15";"1,95";"2,84";"11999,8";"133,33";"2459,6";"1029,82";"83,38";"253,51";"13,67";"1283,33";"97,06";"124,85";"3,44";"108,86";"16,29";"2,17";"0,3";"54,54";"10417,84";"173,63";"2592,89";"1118,49";"89,88";"278,63";"13,9";"1397,12";"103,78";"106,89";"2,24";"83,41";"11,57";"4984,31";"172,0";"1221,15";"543,23";"44,15";"151,69";"7,31";"694,92";"51,46";"51,23";"1,0";"39,08";"4,77";"0,54";"0,08";"24,38";"4296,92";"175,56";"1088,85";"453,23";"35,92";"96,54";"5,08";"549,77";"41,0";"44,0";"1,0";"35,23";"5,54";"0,38";"0,08";"29,08";"5160,06";"172,0";"1264,21";"562,39";"45,71";"157,04";"7,57";"719,43";"53,28";"53,04";"1,04";"40,45";"4,94";"0,56";"0,08";"25,24";"5266,77";"175,56";"1334,61";"555,53";"44,03";"118,33";"6,22";"673,86";"50,25";"53,93";"1,23";"43,18";"6,79";"0,47";"0,09";"35,64";"0,17";"1,04";"60,01"
"Pascal Gregor";"P. Gregor";"27413";"1994-02-18";"Halmstads BK";"1735";"SWE - Allsvenskan";"90";"2025/2025";"128";"Central Defender";"94,65";"53,08";"22,6";"30,48";"21";"1";"10447,57";"110,39";"1305,43";"413,1";"36,71";"102,52";"6,14";"515,62";"42,86";"28,18";"29,72";"110,57";"3,9";"90,81";"10,81";"2,43";"0,71";"0,74";"0,62";"1,32";"1,43";"20,57";"2,13";"2,74";"9934,8";"110,39";"1241,36";"392,82";"34,91";"97,49";"5,84";"490,31";"40,75";"105,14";"3,71";"86,35";"10,28";"2,31";"0,59";"19,56";"8388,07";"139,8";"1248,36";"412,76";"36,23";"104,86";"5,17";"517,62";"41,39";"86,02";"2,8";"66,43";"6,46";"3002,33";"132,85";"378,71";"84,24";"8,1";"21,29";"1,05";"105,52";"9,14";"23,95";"0,95";"19,33";"2,1";"0,29";"0,05";"4,19";"4418,0";"144,95";"725,62";"280,9";"23,95";"71,48";"3,52";"352,38";"27,48";"52,14";"1,52";"39,43";"3,62";"1,0";"0,19";"14,38";"3985,54";"132,85";"502,74";"111,82";"10,75";"28,26";"1,39";"140,08";"12,14";"31,8";"1,26";"25,66";"2,78";"0,38";"0,06";"5,56";"4348,63";"144,95";"714,23";"276,49";"23,58";"70,35";"3,47";"346,85";"27,04";"51,32";"1,5";"38,81";"3,56";"0,98";"0,19";"14,16";"0,27";"1,45";"20,99"
"Frederik Winther";"F. Winther";"27426";"2001-01-04";"Hammarby IF";"1478";"SWE - Allsvenskan";"90";"2025/2025";"128";"Full Back";"100,04";"55,93";"31,83";"24,1";"8";"1";"11568,5";"115,64";"1874,75";"728,12";"60,0";"189,12";"10,12";"917,25";"70,12";"28,0";"28,78";"138,5";"8,12";"118,62";"22,75";"6,0";"0,66";"0,8";"2,0";"1,63";"1,63";"39,88";"2,03";"2,75";"10407,31";"115,64";"1686,57";"655,04";"53,98";"170,14";"9,11";"825,18";"63,09";"124,6";"7,31";"106,72";"20,47";"5,4";"1,8";"35,87";"8897,01";"148,28";"1735,1";"716,75";"59,81";"190,82";"9,52";"907,58";"69,33";"108,22";"5,63";"82,6";"14,62";"4536,88";"142,53";"861,62";"271,75";"25,38";"87,0";"4,25";"358,75";"29,62";"52,12";"2,62";"43,38";"7,62";"1,88";"0,75";"13,38";"3756,5";"155,88";"755,75";"396,38";"30,38";"90,88";"4,62";"487,25";"35,0";"48,75";"2,62";"33,62";"6,0";"1,75";"0,5";"23,12";"4275,87";"142,53";"812,06";"256,12";"23,92";"81,99";"4,01";"338,11";"27,92";"49,13";"2,47";"40,88";"7,19";"1,77";"0,71";"12,61";"4676,55";"155,88";"940,85";"493,46";"37,81";"113,13";"5,76";"606,59";"43,57";"60,69";"3,27";"41,86";"7,47";"2,18";"0,62";"28,79";"1,34";"3,89";"39,16"
"Jens Jakob Thomasen";"J. Thomasen";"27446";"1996-06-25";"IF Elfsborg";"1483";"SWE - Allsvenskan";"90";"2025/2025";"128";"Midfield";"51,26";"26,04";"14,34";"11,7";"5";"0";"6608,4";"128,93";"1345,2";"325,4";"27,8";"81,2";"3,8";"406,6";"31,6";"27,58";"27,58";"69,2";"1,2";"60,4";"5,8";"0,4";"null";"null";"0,0";"null";"null";"21,4";"2,13";"3,14";"11603,49";"128,93";"2362,0";"571,36";"48,81";"142,58";"6,67";"713,94";"55,49";"121,51";"2,11";"106,05";"10,18";"0,7";"0,0";"37,58";"10461,71";"174,36";"2827,09";"692,72";"59,92";"172,83";"6,91";"865,55";"66,83";"106,93";"0,46";"79,27";"6,91";"2384,4";"166,28";"608,2";"89,2";"7,2";"4,0";"0,2";"93,2";"7,4";"21,8";"0,2";"17,2";"1,4";"0,0";"0,0";"5,0";"2155,4";"184,27";"618,6";"211,4";"18,8";"71,0";"2,8";"282,4";"21,6";"24,6";"0,0";"17,2";"1,6";"0,0";"0,0";"14,8";"4988,28";"166,28";"1272,38";"186,61";"15,06";"8,37";"0,42";"194,98";"15,48";"45,61";"0,42";"35,98";"2,93";"0,0";"0,0";"10,46";"5528,24";"184,27";"1586,61";"542,21";"48,22";"182,1";"7,18";"724,31";"55,4";"63,09";"0,0";"44,12";"4,1";"0,0";"0,0";"37,96";"0,0";"0,0";"45,63"
"Jeppe Okkels";"J. Okkels";"27474";"1999-07-27";"Djurgardens IF";"522";"SWE - Allsvenskan";"90";"2025/2025";"128";"Wide Attacker";"51,21";"25,57";"13,35";"12,22";"7";"0";"5754,0";"112,36";"854,71";"336,57";"30,71";"114,14";"5,29";"450,71";"36,0";"28,71";"29,22";"57,29";"3,0";"47,0";"7,71";"1,71";"0,69";"null";"0,14";"null";"null";"21,0";"1,98";"2,82";"10112,57";"112,36";"1502,15";"591,52";"53,98";"200,6";"9,29";"792,12";"63,27";"100,68";"5,27";"82,6";"13,56";"3,01";"0,25";"36,91";"9056,82";"150,95";"1770,67";"725,1";"65,7";"246,06";"10,39";"971,15";"76,1";"94,53";"5,7";"67,38";"10,39";"1952,0";"146,27";"365,14";"144,86";"14,14";"59,57";"2,29";"204,43";"16,43";"20,29";"1,43";"13,86";"2,0";"0,71";"0,14";"10,29";"1907,57";"156,05";"389,43";"164,14";"13,86";"45,29";"2,14";"209,43";"16,0";"20,0";"1,0";"14,86";"2,43";"0,29";"0,0";"9,0";"4388,08";"146,27";"820,84";"325,64";"31,79";"133,92";"5,14";"459,55";"36,93";"45,6";"3,21";"31,15";"4,5";"1,61";"0,32";"23,12";"4681,61";"156,05";"955,75";"402,84";"34,01";"111,14";"5,26";"513,99";"39,27";"49,08";"2,45";"36,46";"5,96";"0,7";"0,0";"22,09";"0,34";"2,35";"45,26"
"Bogdan Milovanov";"B. Milovanov";"27533";"1998-04-19";"IK Sirius";"1487";"SWE - Allsvenskan";"90";"2025/2025";"128";"Full Back";"58,09";"31,08";"14,96";"16,12";"10";"0";"6609,8";"113,79";"985,8";"371,7";"37,2";"132,3";"7,7";"504,0";"44,9";"29,6";"30,56";"76,8";"7,5";"64,1";"13,6";"5,3";"0,58";"0,6";"1,0";"1,38";"1,59";"30,0";"2,02";"2,63";"10241,28";"113,79";"1527,41";"575,92";"57,64";"204,99";"11,93";"780,9";"69,57";"118,99";"11,62";"99,32";"21,07";"8,21";"1,55";"46,48";"8894,89";"148,25";"1653,97";"660,58";"62,35";"231,26";"11,58";"891,84";"73,93";"105,4";"9,07";"75,67";"14,48";"2185,8";"146,08";"388,4";"137,2";"13,0";"42,9";"2,2";"180,1";"15,2";"24,7";"2,3";"17,5";"3,7";"1,5";"0,2";"10,5";"2422,0";"150,26";"468,4";"205,0";"19,3";"76,9";"3,8";"281,9";"23,1";"29,9";"2,4";"21,7";"3,8";"1,5";"0,5";"16,7";"4382,31";"146,08";"778,7";"275,07";"26,06";"86,01";"4,41";"361,08";"30,47";"49,52";"4,61";"35,09";"7,42";"3,01";"0,4";"21,05";"4507,91";"150,26";"871,8";"381,55";"35,92";"143,13";"7,07";"524,68";"42,99";"55,65";"4,47";"40,39";"7,07";"2,79";"0,93";"31,08";"1,35";"5,79";"52,51"
"Daniel Granli";"D. Granli";"28089";"1994-05-01";"IF Elfsborg";"1483";"SWE - Allsvenskan";"90";"2025/2025";"128";"Central Defender";"92,62";"53,04";"28,69";"24,35";"9";"0";"10194,0";"110,06";"1320,11";"408,33";"34,78";"78,56";"4,33";"486,89";"39,11";"27,67";"29,12";"108,67";"4,67";"90,0";"9,44";"2,67";"0,73";"0,75";"1,44";"1,44";"1,49";"19,89";"2,06";"null";"9905,6";"110,06";"1282,76";"396,78";"33,79";"76,33";"4,21";"473,11";"38,0";"105,59";"4,53";"87,45";"9,18";"2,59";"1,4";"19,33";"8322,61";"138,71";"1296,83";"425,74";"36,2";"81,08";"3,39";"506,82";"39,59";"87,61";"3,52";"68,88";"6,16";"3829,11";"133,49";"527,89";"91,33";"8,56";"12,0";"0,56";"103,33";"9,11";"34,89";"1,22";"29,67";"2,56";"0,44";"0,22";"5,67";"3527,67";"144,86";"618,44";"285,0";"23,44";"59,67";"2,44";"344,67";"25,89";"42,56";"1,89";"31,22";"2,89";"1,11";"0,67";"11,67";"4004,62";"133,49";"552,09";"95,52";"8,95";"12,55";"0,58";"108,07";"9,53";"36,49";"1,28";"31,03";"2,67";"0,46";"0,23";"5,93";"4345,87";"144,86";"761,89";"351,1";"28,88";"73,51";"3,01";"424,61";"31,89";"52,43";"2,33";"38,46";"3,56";"1,37";"0,82";"14,37";"1,01";"1,76";"19,61"
"Vladimir Rodić";"V. Rodić";"28114";"1993-09-07";"Östers IF";"4623";"SWE - Allsvenskan";"90";"2025/2025";"128";"Wide Attacker";"46,46";"26,05";"11,46";"14,58";"7";"0";"5301,57";"114,11";"811,0";"438,43";"35,71";"180,86";"9,0";"619,29";"44,71";"29,5";"29,92";"59,86";"4,57";"50,71";"9,71";"3,29";"0,69";"0,75";"0,57";"1,49";"null";"22,0";"2,18";"2,84";"10269,52";"114,11";"1570,96";"849,27";"69,18";"350,33";"17,43";"1199,6";"86,61";"115,95";"8,86";"98,24";"18,82";"6,36";"1,11";"42,62";"8797,29";"146,62";"1674,3";"867,75";"75,03";"327,42";"17,11";"1195,17";"92,14";"98,72";"6,25";"75,03";"12,18";"1684,71";"146,95";"334,0";"175,57";"15,43";"66,14";"3,86";"241,71";"19,29";"20,86";"1,14";"13,14";"1,86";"0,57";"0,14";"8,43";"2134,43";"146,36";"392,86";"201,14";"17,14";"76,0";"3,57";"277,14";"20,71";"22,0";"1,57";"19,43";"3,43";"0,86";"0,0";"11,71";"4408,6";"146,95";"874,02";"459,44";"40,37";"173,08";"10,09";"632,52";"50,47";"54,58";"2,99";"34,39";"4,86";"1,5";"0,37";"22,06";"4390,82";"146,36";"808,16";"413,78";"35,27";"156,34";"7,35";"570,12";"42,61";"45,26";"3,23";"39,97";"7,05";"1,76";"0,0";"24,1";"0,33";"3,29";"46,4"
"Dennis Widgren";"D. Widgren";"28115";"1994-03-28";"IK Sirius";"1487";"SWE - Allsvenskan";"90";"2025/2025";"128";"Full Back";"71,53";"40,22";"19,01";"21,21";"9";"0";"8098,33";"113,22";"1213,78";"439,33";"39,44";"127,11";"7,22";"566,44";"46,67";"28,43";"29,26";"98,44";"4,56";"80,11";"14,22";"3,11";"0,75";"0,75";"0,11";"null";"null";"30,78";"2,27";"2,8";"10189,48";"113,22";"1527,2";"552,78";"49,63";"159,93";"9,09";"712,71";"58,72";"123,86";"5,73";"100,8";"17,89";"3,91";"0,14";"38,73";"8580,79";"143,01";"1583,52";"600,22";"52,88";"175,71";"8,45";"775,93";"61,33";"102,77";"4,97";"74,43";"11,27";"2667,33";"140,3";"499,44";"166,22";"14,0";"39,56";"2,33";"205,78";"16,33";"30,67";"1,67";"22,67";"4,0";"0,56";"0,0";"7,22";"3084,44";"145,44";"562,0";"236,11";"21,44";"78,22";"3,33";"314,33";"24,78";"38,22";"1,67";"27,22";"3,56";"0,78";"0,11";"21,11";"4209,12";"140,3";"788,14";"262,3";"22,09";"62,42";"3,68";"324,72";"25,77";"48,39";"2,63";"35,77";"6,31";"0,88";"0,0";"11,4";"4363,26";"145,44";"795,01";"334,0";"30,34";"110,65";"4,72";"444,66";"35,05";"54,07";"2,36";"38,51";"5,03";"1,1";"0,16";"29,86";"0,17";"1,99";"42,27"
"Serge-Junior Martinsson Ngouali";"S. Ngouali";"28119";"1992-01-23";"IF Brommapojkarna";"2941";"SWE - Allsvenskan";"90";"2025/2025";"128";"Central Defender";"77,33";"45,71";"20,08";"25,62";"3";"0";"8673,0";"112,15";"1224,33";"329,33";"33,0";"81,0";"5,67";"410,33";"38,67";"28,4";"28,4";"97,67";"7,33";"77,0";"14,0";"5,0";"0,74";"0,85";"0,67";"null";"null";"26,0";"null";"null";"10093,58";"112,15";"1424,87";"383,28";"38,41";"94,27";"6,59";"477,54";"45,0";"113,66";"8,53";"89,61";"16,29";"5,82";"0,78";"30,26";"8433,55";"140,56";"1460,22";"388,14";"37,19";"104,14";"5,69";"492,28";"42,88";"91,89";"3,94";"69,14";"8,31";"2785,33";"138,69";"465,67";"91,67";"8,33";"9,33";"1,0";"101,0";"9,33";"26,33";"1,0";"20,67";"1,67";"1,0";"0,0";"6,33";"3639,0";"142,03";"646,67";"204,0";"20,0";"70,0";"3,33";"274,0";"23,33";"43,67";"2,0";"32,0";"4,67";"1,0";"0,0";"16,67";"4160,66";"138,69";"695,6";"136,93";"12,45";"13,94";"1,49";"150,87";"13,94";"39,34";"1,49";"30,87";"2,49";"1,49";"0,0";"9,46";"4260,75";"142,03";"757,16";"238,86";"23,42";"81,96";"3,9";"320,82";"27,32";"51,13";"2,34";"37,47";"5,46";"1,17";"0,0";"19,51";"0,0";"2,63";"30,19"
"Serge-Junior Martinsson Ngouali";"S. Ngouali";"28119";"1992-01-23";"IF Brommapojkarna";"2941";"SWE - Allsvenskan";"90";"2025/2025";"128";"Midfield";"91,05";"51,81";"21,69";"30,12";"13";"2";"11106,31";"121,98";"1919,31";"582,38";"51,92";"133,15";"8,85";"715,54";"60,77";"27,26";"28,36";"126,62";"5,85";"112,62";"14,85";"3,62";"0,63";"0,73";"0,92";"1,38";"2,14";"32,38";"1,94";"2,73";"10978,23";"121,98";"1897,17";"575,67";"51,32";"131,62";"8,74";"707,29";"60,07";"125,16";"5,78";"111,32";"14,67";"3,57";"0,91";"32,01";"9483,07";"158,05";"2051,65";"633,52";"55,58";"147,42";"8,82";"780,95";"64,4";"108,32";"4,45";"85,51";"10,51";"3403,15";"156,87";"712,31";"157,31";"13,85";"39,85";"2,23";"197,15";"16,08";"33,62";"1,62";"25,54";"2,85";"0,92";"0,38";"7,69";"4785,92";"158,9";"1059,38";"389,77";"34,15";"87,46";"5,38";"477,23";"39,54";"59,92";"2,23";"48,31";"6,23";"1,46";"0,23";"23,15";"4706,21";"156,87";"985,05";"217,54";"19,15";"55,1";"3,08";"272,64";"22,23";"46,49";"2,23";"35,32";"3,94";"1,28";"0,53";"10,64";"4766,98";"158,9";"1055,19";"388,23";"34,02";"87,12";"5,36";"475,34";"39,38";"59,69";"2,22";"48,12";"6,21";"1,46";"0,23";"23,06";"0,71";"2,76";"35,72"
"Simon Sandberg";"S. Sandberg";"28120";"1994-03-25";"IK Sirius";"1487";"SWE - Allsvenskan";"90";"2025/2025";"128";"Central Defender";"91,7";"52,24";"25,58";"26,66";"22";"0";"9370,82";"102,2";"1097,41";"253,36";"24,23";"64,73";"3,23";"318,09";"27,45";"28,29";"31,06";"101,14";"3,68";"80,82";"7,95";"1,86";"0,62";"0,69";"0,23";"1,68";"1,68";"17,91";"2,4";"2,73";"9197,55";"102,2";"1077,12";"248,68";"23,78";"63,53";"3,17";"312,21";"26,95";"99,27";"3,61";"79,32";"7,81";"1,83";"0,22";"17,58";"7662,09";"127,7";"1076,77";"258,11";"23,65";"65,68";"2,45";"323,79";"26,1";"80,87";"2,35";"62,86";"5,01";"3146,45";"123,02";"380,82";"57,14";"5,64";"12,68";"0,5";"69,82";"6,14";"27,95";"0,64";"23,32";"1,82";"0,23";"0,0";"3,5";"3524,59";"132,19";"556,68";"167,59";"14,95";"44,5";"1,64";"212,09";"16,59";"42,45";"1,41";"31,41";"2,55";"0,68";"0,09";"12,23";"3690,64";"123,02";"446,68";"67,02";"6,61";"14,88";"0,59";"81,89";"7,2";"32,79";"0,75";"27,35";"2,13";"0,27";"0,0";"4,11";"3965,73";"132,19";"626,36";"188,57";"16,83";"50,07";"1,84";"238,64";"18,67";"47,77";"1,59";"35,34";"2,86";"0,77";"0,1";"13,76";"0,1";"1,04";"18,06"
"Per Frick";"P. Frick";"28134";"1992-04-14";"IF Elfsborg";"1483";"SWE - Allsvenskan";"90";"2025/2025";"128";"Center Forward";"49,39";"24,01";"12,58";"11,43";"6";"0";"5049,83";"102,25";"692,0";"317,17";"28,83";"66,33";"3,33";"383,5";"32,17";"27,93";"28,26";"56,5";"4,67";"42,83";"12,33";"2,83";"0,71";"null";"0,0";"null";"null";"20,83";"2,08";"2,9";"9202,17";"102,25";"1261,01";"577,96";"52,54";"120,88";"6,07";"698,84";"58,62";"102,96";"8,5";"78,05";"22,47";"5,16";"0,0";"37,96";"8390,14";"139,84";"1478,31";"725,41";"62,05";"159,49";"6,25";"884,9";"68,29";"92,03";"5,83";"62,46";"14,57";"1702,0";"135,29";"306,0";"145,33";"12,67";"27,17";"1,17";"172,5";"13,83";"20,83";"1,33";"12,67";"2,83";"0,67";"0,0";"9,0";"1656,0";"144,84";"285,67";"145,0";"12,17";"36,67";"1,33";"181,67";"13,5";"16,0";"1,0";"12,33";"3,0";"0,5";"0,0";"9,17";"4058,64";"135,29";"729,7";"346,57";"30,21";"64,78";"2,78";"411,35";"32,99";"49,68";"3,18";"30,21";"6,76";"1,59";"0,0";"21,46";"4345,19";"144,84";"749,56";"380,47";"31,92";"96,21";"3,5";"476,68";"35,42";"41,98";"2,62";"32,36";"7,87";"1,31";"0,0";"24,05";"0,0";"2,91";"45,39"
"Rami Kaib";"R. Kaib";"28138";"1997-05-08";"Halmstads BK";"1735";"SWE - Allsvenskan";"90";"2025/2025";"128";"Full Back";"90,45";"49,93";"22,03";"27,9";"12";"1";"10861,92";"120,09";"1627,25";"607,67";"54,83";"185,58";"10,42";"793,25";"65,25";"28,66";"29,6";"116,5";"5,92";"94,58";"15,58";"4,67";"0,69";"0,75";"1,08";"1,3";"2,02";"39,5";"1,93";"2,63";"10807,71";"120,09";"1619,13";"604,63";"54,56";"184,66";"10,36";"789,29";"64,92";"115,92";"5,89";"94,11";"15,51";"4,64";"1,08";"39,3";"9158,17";"152,64";"1713,93";"673,25";"59,58";"204,59";"10,92";"877,84";"70,5";"101,04";"4,81";"72,8";"10,62";"3402,83";"154,44";"657,0";"262,92";"22,25";"94,25";"4,58";"357,17";"26,83";"35,83";"1,67";"24,67";"3,83";"1,25";"0,42";"12,33";"4218,17";"151,21";"769,25";"297,33";"27,33";"76,0";"4,5";"373,33";"31,83";"48,25";"2,33";"35,92";"5,0";"1,75";"0,58";"24,17";"4633,21";"154,44";"894,55";"357,98";"30,3";"128,33";"6,24";"486,31";"36,54";"48,79";"2,27";"33,59";"5,22";"1,7";"0,57";"16,79";"4536,34";"151,21";"827,27";"319,76";"29,4";"81,73";"4,84";"401,49";"34,23";"51,89";"2,51";"38,63";"5,38";"1,88";"0,63";"25,99";"1,2";"3,61";"43,86"
"Simon Olsson";"S. Olsson";"28139";"1997-09-14";"IF Elfsborg";"1483";"SWE - Allsvenskan";"90";"2025/2025";"128";"Midfield";"91,15";"51,73";"24,37";"27,37";"19";"0";"11292,53";"123,89";"1859,0";"509,74";"39,74";"60,26";"3,63";"570,0";"43,37";"26,15";"28,02";"98,21";"2,74";"89,26";"10,63";"1,63";"0,67";"0,78";"0,42";"1,38";"1,67";"31,89";"1,96";"2,83";"11150,05";"123,89";"1835,55";"503,31";"39,24";"59,5";"3,59";"562,81";"42,82";"96,97";"2,7";"88,14";"10,5";"1,61";"0,42";"31,49";"9591,76";"159,86";"2004,76";"565,6";"43,83";"65,25";"3,11";"630,86";"46,94";"87,78";"1,95";"72,33";"7,75";"3792,05";"155,61";"759,0";"162,63";"13,89";"16,42";"0,84";"179,05";"14,74";"32,05";"0,89";"26,16";"2,63";"0,37";"0,05";"13,68";"4478,32";"163,65";"969,58";"325,05";"23,89";"39,84";"1,84";"364,89";"25,74";"43,63";"0,79";"36,21";"4,05";"0,37";"0,11";"16,26";"4668,4";"155,61";"934,41";"200,22";"17,11";"20,22";"1,04";"220,43";"18,14";"39,46";"1,1";"32,2";"3,24";"0,45";"0,06";"16,85";"4909,4";"163,65";"1062,91";"356,34";"26,19";"43,68";"2,02";"400,02";"28,21";"47,83";"0,87";"39,7";"4,44";"0,4";"0,12";"17,83";"0,18";"0,85";"34,73"
"Simon Strand";"S. Strand";"28141";"1993-05-25";"Hammarby IF";"1478";"SWE - Allsvenskan";"90";"2025/2025";"128";"Full Back";"73,38";"43,59";"28,56";"15,04";"3";"0";"8692,67";"118,46";"1468,0";"753,67";"57,67";"337,0";"14,33";"1090,67";"72,0";"29,63";"29,63";"107,67";"6,33";"82,33";"20,0";"3,67";"0,7";"0,71";"2,33";"null";"null";"33,67";"2,5";"2,92";"10661,81";"118,46";"1800,55";"924,39";"70,73";"413,34";"17,58";"1337,73";"88,31";"132,06";"7,77";"100,98";"24,53";"4,5";"2,86";"41,29";"8805,25";"146,75";"1710,77";"795,97";"73,86";"322,06";"17,89";"1118,03";"91,75";"108,73";"6,42";"72,03";"14,68";"4097,67";"143,5";"752,67";"332,0";"31,33";"129,33";"8,33";"461,33";"39,67";"49,0";"2,33";"35,33";"6,33";"1,0";"0,67";"19,0";"2300,0";"152,94";"490,33";"246,33";"22,33";"104,67";"4,67";"351,0";"27,0";"30,0";"2,33";"17,0";"4,33";"1,33";"1,0";"11,67";"4304,94";"143,5";"790,74";"348,79";"32,92";"135,88";"8,75";"484,67";"41,67";"51,48";"2,45";"37,12";"6,65";"1,05";"0,7";"19,96";"4588,1";"152,94";"978,13";"491,39";"44,55";"208,79";"9,31";"700,18";"53,86";"59,84";"4,65";"33,91";"8,64";"2,66";"1,99";"23,27";"2,29";"3,21";"42,21"
"August Erlingmark";"A. Erlingmark";"28150";"1998-04-22";"IFK Göteborg";"1480";"SWE - Allsvenskan";"90";"2025/2025";"128";"Central Defender";"97,61";"53,25";"27,01";"26,25";"26";"1";"10433,12";"106,88";"1238,23";"419,19";"37,65";"111,92";"6,08";"531,12";"43,73";"27,8";"29,74";"105,85";"4,27";"83,62";"10,96";"2,27";"0,64";"0,69";"0,58";"1,41";"1,41";"20,65";"2,11";"2,79";"9619,44";"106,88";"1141,66";"386,5";"34,72";"103,19";"5,6";"489,69";"40,32";"97,59";"3,94";"77,09";"10,11";"2,09";"0,53";"19,04";"8199,96";"136,67";"1186,51";"426,96";"38,18";"112,97";"5,33";"539,93";"43,51";"83,98";"2,9";"63,01";"6,63";"3570,38";"132,2";"446,23";"118,58";"11,35";"31,81";"1,31";"150,38";"12,65";"32,31";"1,0";"25,04";"2,69";"0,31";"0,15";"5,58";"3707,69";"141,26";"606,88";"260,38";"22,54";"68,46";"3,42";"328,85";"25,96";"42,23";"1,58";"30,88";"3,19";"0,81";"0,27";"12,62";"3965,96";"132,2";"495,67";"131,71";"12,6";"35,33";"1,45";"167,05";"14,06";"35,89";"1,11";"27,81";"2,99";"0,34";"0,17";"6,19";"4237,88";"141,26";"693,67";"297,62";"25,76";"78,25";"3,91";"375,87";"29,67";"48,27";"1,8";"35,3";"3,65";"0,92";"0,31";"14,42";"0,48";"1,26";"20,5"
"Rasmus Wikström";"R. Wikström";"28153";"2001-03-18";"IF Elfsborg";"1483";"SWE - Allsvenskan";"90";"2025/2025";"128";"Central Defender";"95,03";"53,2";"25,67";"27,53";"17";"0";"10371,82";"109,14";"1260,47";"377,76";"34,35";"127,88";"5,53";"505,65";"39,88";"29,75";"32,02";"98,88";"4,71";"79,41";"7,59";"3,06";"0,56";"0,67";"1,06";"1,11";"1,24";"19,29";"2,1";"2,81";"9822,69";"109,14";"1193,74";"357,76";"32,53";"121,11";"5,24";"478,88";"37,77";"93,65";"4,46";"75,21";"7,19";"2,9";"1,0";"18,27";"8242,04";"137,37";"1221,23";"380,67";"34,43";"125,79";"5,11";"506,46";"39,54";"81,73";"3,58";"61,3";"5,11";"3362,0";"130,98";"414,65";"74,88";"7,71";"20,71";"0,88";"95,59";"8,59";"26,41";"1,35";"20,82";"1,82";"0,76";"0,47";"4,18";"3945,94";"143,33";"668,18";"262,65";"22,82";"90,82";"3,65";"353,47";"26,47";"46,06";"1,82";"33,53";"2,71";"0,71";"0,12";"13,24";"3929,31";"130,98";"484,62";"87,52";"9,01";"24,2";"1,03";"111,72";"10,04";"30,87";"1,58";"24,34";"2,13";"0,89";"0,55";"4,88";"4299,76";"143,33";"728,09";"286,2";"24,87";"98,97";"3,97";"385,16";"28,84";"50,19";"1,99";"36,54";"2,95";"0,77";"0,13";"14,42";"0,66";"1,66";"19,64"
"Rasmus Wikström";"R. Wikström";"28153";"2001-03-18";"IF Elfsborg";"1483";"SWE - Allsvenskan";"90";"2025/2025";"128";"Full Back";"93,97";"51,47";"25,13";"26,34";"8";"0";"10518,62";"111,94";"1359,5";"523,12";"48,38";"169,38";"8,88";"692,5";"57,25";"29,12";"30,08";"110,38";"5,12";"94,38";"13,5";"2,25";"0,79";"0,89";"0,75";"1,65";"null";"27,5";"2,26";"3,08";"10074,6";"111,94";"1302,11";"501,04";"46,33";"162,23";"8,5";"663,27";"54,83";"105,72";"4,91";"90,39";"12,93";"2,16";"0,72";"26,34";"8514,43";"141,91";"1364,84";"551,36";"49,25";"175,72";"8,89";"727,08";"58,14";"90,63";"4,08";"69,79";"9,91";"3441,25";"136,92";"486,5";"138,88";"13,88";"37,0";"2,12";"175,88";"16,0";"30,62";"1,62";"24,75";"3,12";"0,62";"0,38";"7,0";"3863,12";"146,67";"684,38";"334,12";"28,38";"113,75";"5,5";"447,88";"33,88";"47,12";"1,88";"35,12";"5,38";"0,62";"0,12";"18,0";"4107,59";"136,92";"580,7";"165,77";"16,56";"44,16";"2,54";"209,93";"19,1";"36,56";"1,94";"29,54";"3,73";"0,75";"0,45";"8,36";"4399,98";"146,67";"779,48";"380,56";"32,32";"129,56";"6,26";"510,12";"38,58";"53,67";"2,14";"40,01";"6,12";"0,71";"0,14";"20,5";"0,58";"1,46";"29,14"
"Tim Prica";"T. Prica";"28172";"2002-04-23";"IFK Norrköping";"1484";"SWE - Allsvenskan";"90";"2025/2025";"128";"Center Forward";"67,82";"36,49";"17,16";"19,33";"7";"0";"7545,57";"111,26";"1078,14";"528,43";"53,14";"159,0";"10,71";"687,43";"63,86";"28,81";"29,32";"88,0";"7,86";"68,86";"17,43";"5,29";"0,73";"0,82";"1,29";"1,68";"null";"32,57";"1,91";"2,93";"10013,78";"111,26";"1430,81";"701,28";"70,53";"211,01";"14,22";"912,29";"84,75";"116,79";"10,43";"91,38";"23,13";"7,01";"1,71";"43,23";"8566,06";"142,77";"1537,52";"788,26";"78,45";"236,76";"14,33";"1025,01";"92,78";"98,18";"5,87";"68,12";"18,09";"2387,86";"139,14";"430,0";"212,0";"22,0";"73,86";"4,57";"285,86";"26,57";"30,57";"2,0";"18,0";"3,71";"1,14";"0,71";"12,57";"2822,14";"145,99";"505,14";"267,43";"25,71";"70,14";"4,14";"337,57";"29,86";"29,14";"1,57";"23,43";"7,29";"1,14";"0,14";"17,0";"4174,11";"139,14";"751,66";"370,59";"38,46";"129,11";"7,99";"499,69";"46,45";"53,44";"3,5";"31,47";"6,49";"2,0";"1,25";"21,98";"4379,73";"145,99";"783,94";"415,03";"39,91";"108,86";"6,43";"523,88";"46,34";"45,23";"2,44";"36,36";"11,31";"1,77";"0,22";"26,38";"1,41";"3,76";"48,62"
"Tim Prica";"T. Prica";"28172";"2002-04-23";"IFK Norrköping";"1484";"SWE - Allsvenskan";"90";"2025/2025";"128";"Wide Attacker";"73,07";"38,57";"15,89";"22,68";"6";"0";"8416,33";"115,18";"1275,67";"611,17";"57,67";"235,83";"11,83";"847,0";"69,5";"30,08";"30,44";"93,33";"6,17";"75,0";"16,0";"4,17";"0,8";"0,95";"0,33";"null";"null";"32,0";"2,07";"2,65";"10366,05";"115,18";"1571,19";"752,75";"71,03";"290,47";"14,57";"1043,21";"85,6";"114,95";"7,6";"92,37";"19,71";"5,13";"0,41";"39,41";"8964,74";"149,41";"1755,41";"876,28";"80,89";"353,62";"15,81";"1229,9";"96,7";"106,29";"6,22";"76,48";"15,3";"2390,83";"150,47";"469,83";"266,5";"24,17";"108,0";"5,83";"374,5";"30,0";"28,33";"2,33";"17,5";"3,17";"1,67";"0,17";"13,83";"3372,33";"148,67";"658,67";"296,83";"27,83";"119,33";"4,33";"416,17";"32,17";"40,0";"1,67";"31,67";"6,67";"0,83";"0,0";"16,17";"4514,16";"150,47";"887,1";"503,18";"45,63";"203,92";"11,01";"707,1";"56,64";"53,5";"4,41";"33,04";"5,98";"3,15";"0,31";"26,12";"4460,1";"148,67";"871,12";"392,58";"36,81";"157,83";"5,73";"550,4";"42,54";"52,9";"2,2";"41,88";"8,82";"1,1";"0,0";"21,38";"0,26";"3,89";"46,67"
"Sven Henrik Olof Castegren";"H. Castegren";"28174";"1996-03-28";"IK Sirius";"1487";"SWE - Allsvenskan";"90";"2025/2025";"128";"Full Back";"95,22";"54,8";"27,89";"26,91";"16";"0";"10851,06";"113,96";"1597,88";"521,31";"45,69";"120,5";"6,94";"641,81";"52,62";"27,44";"29,24";"116,56";"6,12";"100,19";"14,5";"3,94";"0,6";"0,7";"0,69";"1,4";"1,67";"30,5";"2,0";"2,66";"10256,0";"113,96";"1510,25";"492,72";"43,18";"113,89";"6,56";"606,62";"49,74";"110,17";"5,79";"94,69";"13,7";"3,72";"0,65";"28,83";"8589,77";"143,16";"1536,42";"531,55";"44,75";"120,5";"6,3";"652,05";"51,05";"92,38";"4,38";"70,75";"9,58";"3897,44";"139,73";"638,19";"154,81";"14,38";"32,31";"1,75";"187,12";"16,12";"37,56";"1,62";"29,5";"3,38";"0,94";"0,12";"7,0";"3948,19";"146,72";"765,12";"330,69";"26,5";"77,75";"4,0";"408,44";"30,5";"46,81";"2,38";"35,12";"5,38";"1,25";"0,31";"21,0";"4192,05";"139,73";"686,43";"166,51";"15,46";"34,76";"1,88";"201,27";"17,34";"40,4";"1,75";"31,73";"3,63";"1,01";"0,13";"7,53";"4401,48";"146,72";"852,97";"368,65";"29,54";"86,68";"4,46";"455,33";"34,0";"52,19";"2,65";"39,16";"5,99";"1,39";"0,35";"23,41";"0,48";"2,39";"30,66"
"Simon Thern";"S. Thern";"28181";"1992-09-18";"IFK Värnamo";"2394";"SWE - Allsvenskan";"90";"2025/2025";"128";"Midfield";"80,59";"45,81";"22,89";"22,93";"15";"0";"9710,0";"120,48";"1558,4";"520,8";"43,2";"82,47";"4,8";"603,27";"48,0";"27,11";"28,4";"102,47";"3,33";"91,07";"10,0";"2,27";"0,73";"0,84";"0,27";"null";"null";"28,87";"2,06";"2,84";"10843,63";"120,48";"1740,34";"581,6";"48,24";"92,09";"5,36";"673,7";"53,6";"114,43";"3,72";"101,7";"11,17";"2,53";"0,3";"32,24";"9254,2";"154,24";"1887,88";"647,92";"52,47";"101,19";"4,98";"749,11";"57,45";"97,44";"3,06";"78,93";"7,51";"3429,27";"149,84";"652,0";"201,27";"17,2";"31,47";"1,8";"232,73";"19,0";"34,93";"1,27";"27,53";"2,6";"0,53";"0,07";"10,07";"3637,0";"158,62";"789,53";"293,47";"22,87";"45,8";"2,0";"339,27";"24,87";"39,47";"1,07";"32,73";"3,13";"0,6";"0,0";"16,73";"4495,32";"149,84";"854,69";"263,83";"22,55";"41,25";"2,36";"305,08";"24,91";"45,79";"1,66";"36,09";"3,41";"0,7";"0,09";"13,2";"4758,63";"158,62";"1033,02";"383,97";"29,92";"59,92";"2,62";"443,89";"32,54";"51,64";"1,4";"42,83";"4,1";"0,79";"0,0";"21,89";"0,09";"1,48";"35,1"
"Simon Thern";"S. Thern";"28181";"1992-09-18";"IFK Värnamo";"2394";"SWE - Allsvenskan";"90";"2025/2025";"128";"Wide Attacker";"51,23";"28,88";"14,48";"14,4";"3";"0";"6254,33";"122,09";"1060,67";"423,33";"32,0";"90,0";"6,33";"513,33";"38,33";"27,43";"27,43";"65,0";"3,0";"52,0";"10,0";"2,0";"null";"null";"0,33";"null";"null";"24,0";"null";"3,25";"10987,98";"122,09";"1863,44";"743,74";"56,22";"158,12";"11,13";"901,85";"67,35";"114,2";"5,27";"91,36";"17,57";"3,51";"0,59";"42,16";"9398,92";"156,65";"2045,86";"817,24";"63,02";"177,99";"11,08";"995,23";"74,11";"99,73";"4,16";"72,03";"13,85";"2187,67";"151,11";"427,33";"140,67";"12,67";"37,33";"2,0";"178,0";"14,67";"23,67";"1,0";"16,33";"2,33";"0,67";"0,33";"8,33";"2336,0";"162,22";"557,33";"252,67";"17,67";"48,33";"3,33";"301,0";"21,0";"24,33";"1,0";"18,33";"4,33";"0,67";"0,0";"14,33";"4533,15";"151,11";"885,5";"291,48";"26,25";"77,36";"4,14";"368,84";"30,39";"49,04";"2,07";"33,84";"4,83";"1,38";"0,69";"17,27";"4866,67";"162,22";"1161,11";"526,39";"36,81";"100,69";"6,94";"627,08";"43,75";"50,69";"2,08";"38,19";"9,03";"1,39";"0,0";"29,86";"0,69";"2,77";"47,1"
"Christoffer Nyman";"C. Nyman";"28182";"1992-10-05";"IFK Norrköping";"1484";"SWE - Allsvenskan";"90";"2025/2025";"128";"Center Forward";"96,96";"52,19";"23,61";"28,58";"26";"0";"10680,0";"110,15";"1470,23";"604,81";"56,46";"159,31";"9,62";"764,12";"66,08";"28,41";"30,22";"106,12";"7,04";"87,0";"12,0";"4,27";"0,64";"0,68";"1,08";"1,18";"1,37";"37,0";"1,95";"2,74";"9913,6";"110,15";"1364,73";"561,41";"52,41";"147,88";"8,93";"709,28";"61,34";"98,5";"6,53";"80,76";"11,14";"3,96";"1,0";"34,34";"8448,2";"140,8";"1488,8";"646,41";"59,65";"168,92";"8,89";"815,33";"68,54";"87,25";"5,35";"64,56";"8,58";"3225,81";"136,63";"572,69";"272,38";"26,88";"88,92";"4,65";"361,31";"31,54";"39,31";"2,69";"24,92";"3,85";"1,81";"0,69";"17,27";"4122,23";"144,25";"722,23";"289,85";"25,0";"58,0";"3,08";"347,85";"28,08";"36,58";"1,96";"31,23";"3,62";"0,88";"0,04";"17,42";"4098,93";"136,63";"727,7";"346,11";"34,16";"112,99";"5,91";"459,1";"40,07";"49,95";"3,42";"31,67";"4,89";"2,3";"0,88";"21,94";"4327,51";"144,25";"758,2";"304,28";"26,24";"60,89";"3,23";"365,17";"29,48";"38,4";"2,06";"32,79";"3,8";"0,93";"0,04";"18,29";"0,84";"3,1";"39,89"
"Thomas Poppler Isherwood";"T. Isherwood";"28204";"1998-01-28";"AIK";"524";"SWE - Allsvenskan";"90";"2025/2025";"128";"Central Defender";"92,53";"48,04";"21,98";"26,06";"24";"0";"10561,79";"114,14";"1504,67";"519,71";"44,17";"142,38";"7,58";"662,08";"51,75";"28,11";"29,54";"107,21";"4,62";"85,25";"12,75";"3,12";"0,58";"0,72";"0,88";"1,37";"1,68";"32,21";"1,78";"2,65";"10272,56";"114,14";"1463,46";"505,48";"42,96";"138,48";"7,38";"643,95";"50,33";"104,27";"4,5";"82,92";"12,4";"3,04";"0,85";"31,33";"8938,18";"148,97";"1557,61";"559,65";"47,93";"161,83";"7,44";"721,49";"55,37";"88,25";"3,28";"66,82";"8,01";"3117,54";"141,83";"485,54";"104,33";"9,88";"21,17";"1,04";"125,5";"10,92";"25,0";"0,71";"20,08";"1,88";"0,33";"0,04";"6,21";"4039,42";"154,99";"761,67";"343,79";"28,5";"108,42";"4,92";"452,21";"33,42";"45,67";"1,92";"33,42";"4,54";"1,17";"0,42";"22,33";"4254,82";"141,83";"662,67";"142,39";"13,48";"28,89";"1,42";"171,28";"14,9";"34,12";"0,97";"27,41";"2,56";"0,45";"0,06";"8,47";"4649,81";"154,99";"876,76";"395,74";"32,81";"124,8";"5,66";"520,54";"38,47";"52,57";"2,21";"38,47";"5,23";"1,34";"0,48";"25,71";"0,57";"1,87";"35,65"
"Thomas Poppler Isherwood";"T. Isherwood";"28204";"1998-01-28";"AIK";"524";"SWE - Allsvenskan";"90";"2025/2025";"128";"Full Back";"81,07";"43,48";"17,66";"25,82";"3";"0";"9433,0";"116,36";"1384,33";"449,67";"44,33";"120,33";"8,33";"570,0";"52,67";"28,07";"28,07";"101,33";"5,33";"89,0";"13,33";"5,33";"0,85";"0,85";"1,67";"null";"null";"35,33";"2,27";"null";"10472,49";"116,36";"1536,88";"499,22";"49,22";"133,59";"9,25";"632,81";"58,47";"112,5";"5,92";"98,81";"14,8";"5,92";"1,85";"39,23";"8948,02";"149,13";"1600,82";"551,09";"52,44";"156,4";"9,2";"707,49";"61,64";"97,52";"5,06";"79,12";"8,74";"2658,0";"150,5";"464,0";"115,67";"12,33";"27,33";"1,33";"143,0";"13,67";"24,0";"1,33";"18,67";"2,0";"1,33";"0,0";"7,67";"3826,0";"148,2";"696,0";"283,67";"25,67";"86,0";"5,33";"369,67";"31,0";"46,67";"2,33";"38,67";"4,33";"2,33";"0,67";"24,0";"4515,0";"150,5";"788,17";"196,48";"20,95";"46,43";"2,26";"242,91";"23,21";"40,77";"2,26";"31,71";"3,4";"2,26";"0,0";"13,02";"4445,97";"148,2";"808,78";"329,63";"29,83";"99,94";"6,2";"429,57";"36,02";"54,23";"2,71";"44,93";"5,04";"2,71";"0,77";"27,89";"0,92";"5,06";"43,7"
"Axel Björnström";"A. Björnström";"28220";"1995-09-10";"IFK Värnamo";"2394";"SWE - Allsvenskan";"90";"2025/2025";"128";"Full Back";"88,7";"51,61";"23,95";"27,66";"26";"1";"10210,77";"115,12";"1533,0";"695,15";"61,77";"244,35";"12,46";"939,5";"74,23";"29,29";"30,68";"120,19";"7,65";"100,77";"16,69";"5,35";"0,54";"0,58";"1,73";"1,34";"1,42";"34,88";"1,85";"2,85";"10360,87";"115,12";"1555,54";"705,37";"62,68";"247,94";"12,64";"953,31";"75,32";"121,96";"7,77";"102,25";"16,94";"5,42";"1,76";"35,4";"8605,76";"143,43";"1567,96";"744,43";"64,53";"262,32";"12,48";"1006,74";"77,0";"102,49";"6,22";"74,37";"10,78";"3445,38";"143,86";"621,58";"317,38";"27,0";"137,69";"5,77";"455,08";"32,77";"37,5";"2,54";"26,96";"4,27";"2,0";"0,73";"11,0";"3956,31";"143,06";"727,0";"322,88";"28,5";"87,92";"4,96";"410,81";"33,46";"50,65";"2,81";"37,0";"5,0";"1,42";"0,5";"21,19";"4315,84";"143,86";"778,61";"397,57";"33,82";"172,48";"7,23";"570,05";"41,05";"46,97";"3,18";"33,77";"5,35";"2,51";"0,92";"13,78";"4291,66";"143,06";"788,62";"350,25";"30,92";"95,38";"5,38";"445,63";"36,3";"54,95";"3,05";"40,14";"5,42";"1,54";"0,54";"22,99";"1,43";"3,98";"37,43"
"Adam Mikael Sven Ståhl";"A. Ståhl";"28221";"1994-10-08";"Djurgardens IF";"522";"SWE - Allsvenskan";"90";"2025/2025";"128";"Full Back";"84,74";"46,22";"24,78";"21,44";"13";"1";"9648,15";"113,85";"1309,54";"588,08";"57,54";"234,0";"13,08";"822,08";"70,62";"29,92";"31,5";"103,46";"6,62";"84,92";"14,38";"4,31";"0,65";"0,73";"1,62";"1,27";"null";"30,15";"1,79";"2,73";"10246,45";"113,85";"1390,74";"624,54";"61,11";"248,51";"13,89";"873,05";"74,99";"109,88";"7,03";"90,19";"15,28";"4,57";"1,72";"32,02";"8661,63";"144,36";"1453,44";"692,12";"64,51";"280,6";"14,58";"972,72";"79,09";"95,56";"5,59";"67,8";"10,78";"3401,92";"137,27";"493,08";"224,46";"22,31";"105,85";"5,23";"330,31";"27,54";"35,46";"2,31";"25,69";"3,85";"1,54";"0,46";"10,54";"3270,31";"152,56";"626,54";"308,69";"27,38";"110,31";"6,0";"419,0";"33,38";"38,15";"2,0";"26,54";"4,46";"1,08";"0,69";"16,85";"4118,0";"137,27";"596,87";"271,71";"27,0";"128,13";"6,33";"399,83";"33,34";"42,93";"2,79";"31,1";"4,66";"1,86";"0,56";"12,76";"4576,87";"152,56";"876,85";"432,02";"38,33";"154,38";"8,4";"586,4";"46,72";"53,4";"2,8";"37,14";"6,24";"1,51";"0,97";"23,58";"1,5";"3,4";"35,55"
"Adam Mikael Sven Ståhl";"A. Ståhl";"28221";"1994-10-08";"Djurgardens IF";"522";"SWE - Allsvenskan";"90";"2025/2025";"128";"Wide Attacker";"89,01";"46,3";"23,75";"22,55";"5";"1";"10012,6";"112,49";"1364,0";"550,0";"53,4";"215,8";"11,4";"765,8";"64,8";"30,22";"30,22";"96,8";"5,8";"77,8";"14,0";"2,8";"0,73";"0,75";"1,0";"1,58";"null";"39,4";"2,07";"3,08";"10123,96";"112,49";"1379,17";"556,12";"53,99";"218,2";"11,53";"774,32";"65,52";"97,88";"5,86";"78,67";"14,16";"2,83";"1,01";"39,84";"8843,31";"147,39";"1561,67";"671,84";"62,21";"264,9";"12,44";"936,74";"74,65";"92,02";"5,18";"64,54";"10,37";"3379,0";"142,27";"515,8";"264,0";"25,4";"139,0";"6,6";"403,0";"32,0";"37,4";"2,0";"25,8";"3,2";"1,2";"0,6";"17,6";"3444,6";"152,78";"689,2";"254,4";"22,6";"65,4";"3,0";"319,8";"25,6";"33,6";"2,0";"24,0";"4,8";"0,8";"0,2";"19,0";"4268,21";"142,27";"651,54";"333,47";"32,08";"175,58";"8,34";"509,05";"40,42";"47,24";"2,53";"32,59";"4,04";"1,52";"0,76";"22,23";"4583,29";"152,78";"917,03";"338,5";"30,07";"87,02";"3,99";"425,52";"34,06";"44,71";"2,66";"31,93";"6,39";"1,06";"0,27";"25,28";"1,04";"2,59";"47,43"
"Joakim Persson";"J. Persson";"28222";"2002-04-03";"IK Sirius";"1487";"SWE - Allsvenskan";"90";"2025/2025";"128";"Center Forward";"97,12";"54,38";"28,79";"25,59";"4";"0";"10637,5";"109,53";"1404,75";"571,0";"62,5";"221,75";"12,0";"792,75";"74,5";"29,32";"29,32";"120,25";"11,25";"103,25";"15,25";"8,25";"0,71";"0,72";"2,75";"1,2";"null";"41,25";"1,95";"null";"9857,57";"109,53";"1301,75";"529,13";"57,92";"205,49";"11,12";"734,63";"69,04";"111,43";"10,43";"95,68";"14,13";"7,65";"2,55";"38,23";"8245,36";"137,42";"1392,89";"579,77";"62,34";"230,59";"11,31";"810,36";"73,64";"92,95";"7,17";"70,06";"9,1";"3895,0";"135,28";"658,0";"303,0";"36,0";"172,25";"8,5";"475,25";"44,5";"50,75";"4,0";"34,75";"4,25";"3,0";"1,5";"21,25";"3578,5";"139,83";"604,5";"222,5";"20,5";"36,75";"1,75";"259,25";"22,25";"33,5";"2,5";"28,75";"4,0";"1,5";"0,25";"17,25";"4058,47";"135,28";"685,62";"315,72";"37,51";"179,48";"8,86";"495,2";"46,37";"52,88";"4,17";"36,21";"4,43";"3,13";"1,56";"22,14";"4194,92";"139,83";"708,63";"260,83";"24,03";"43,08";"2,05";"303,91";"26,08";"39,27";"2,93";"33,7";"4,69";"1,76";"0,29";"20,22";"1,93";"4,96";"42,48"
"Joakim Persson";"J. Persson";"28222";"2002-04-03";"IK Sirius";"1487";"SWE - Allsvenskan";"90";"2025/2025";"128";"Wide Attacker";"86,93";"48,83";"23,38";"25,45";"22";"0";"9477,59";"109,02";"1288,45";"551,45";"56,45";"214,41";"11,23";"765,86";"67,68";"30,03";"31,28";"101,91";"8,18";"87,82";"16,45";"5,68";"0,56";"0,58";"1,86";"1,12";"1,19";"34,5";"1,92";"2,75";"9811,75";"109,02";"1333,88";"570,9";"58,45";"221,97";"11,62";"792,87";"70,07";"105,5";"8,47";"90,91";"17,03";"5,88";"1,93";"35,72";"8285,14";"138,09";"1426,03";"629,71";"62,28";"243,36";"11,45";"873,06";"73,73";"90,26";"6,31";"69,04";"11,73";"3164,5";"135,34";"516,32";"273,41";"28,41";"144,32";"6,32";"417,73";"34,73";"38,36";"3,0";"25,14";"4,82";"2,36";"0,95";"16,23";"3577,95";"140,61";"644,18";"239,05";"22,27";"53,73";"3,0";"292,77";"25,27";"35,09";"2,14";"31,05";"4,73";"1,18";"0,18";"15,82";"4060,21";"135,34";"662,46";"350,8";"36,45";"185,17";"8,11";"535,96";"44,56";"49,22";"3,85";"32,25";"6,18";"3,03";"1,22";"20,82";"4218,26";"140,61";"759,46";"281,82";"26,26";"63,34";"3,54";"345,17";"29,8";"41,37";"2,52";"36,6";"5,57";"1,39";"0,21";"18,65";"1,4";"4,36";"39,38"
"Jonas Lindberg";"J. Lindberg";"28224";"1989-03-24";"GAIS";"3534";"SWE - Allsvenskan";"90";"2025/2025";"128";"Midfield";"32,99";"17,26";"9,91";"7,35";"3";"0";"3620,67";"109,75";"443,67";"95,0";"9,67";"16,67";"0,33";"111,67";"10,0";"25,43";"25,43";"35,0";"1,0";"30,0";"4,33";"0,0";"null";"null";"0,0";"null";"null";"8,0";"null";"null";"9877,87";"109,75";"1210,41";"259,18";"26,37";"45,47";"0,91";"304,65";"27,28";"95,49";"2,73";"81,85";"11,82";"0,0";"0,0";"21,83";"8503,93";"141,73";"1405,92";"315,26";"31,29";"55,63";"0,0";"370,9";"31,29";"88,09";"1,16";"68,38";"5,8";"1350,67";"136,35";"203,67";"44,67";"4,0";"9,33";"0,0";"54,0";"4,0";"15,33";"0,33";"11,0";"1,0";"0,0";"0,0";"4,33";"1095,0";"148,98";"200,67";"46,0";"5,0";"6,67";"0,0";"52,67";"5,0";"10,0";"0,0";"8,67";"0,67";"0,0";"0,0";"3,33";"4090,63";"136,35";"616,83";"135,28";"12,11";"28,27";"0,0";"163,54";"12,11";"46,44";"1,01";"33,31";"3,03";"0,0";"0,0";"13,12";"4469,39";"148,98";"819,05";"187,76";"20,41";"27,21";"0,0";"214,97";"20,41";"40,82";"0,0";"35,37";"2,72";"0,0";"0,0";"13,61";"0,0";"0,0";"26,66"
"Jeppe Kjær Jensen";"J. Kjær";"28837";"2004-03-01";"Mjällby AIF";"1486";"SWE - Allsvenskan";"90";"2025/2025";"128";"Wide Attacker";"64,77";"38,29";"19,53";"18,77";"5";"0";"8127,6";"125,48";"1371,6";"694,0";"64,2";"335,6";"15,4";"1029,6";"79,6";"31,24";"31,24";"101,4";"9,0";"77,0";"22,4";"6,4";"0,69";"null";"2,2";"1,43";"null";"42,4";"1,99";"2,7";"11292,98";"125,48";"1905,78";"964,29";"89,2";"466,3";"21,4";"1430,59";"110,6";"140,89";"12,51";"106,99";"31,12";"8,89";"3,06";"58,91";"9536,49";"158,94";"1943,52";"1015,63";"95,89";"497,32";"21,94";"1512,95";"117,83";"115,01";"7,21";"82,73";"22,25";"3131,8";"160,39";"621,4";"390,0";"32,4";"194,4";"7,6";"584,4";"40,0";"38,4";"2,8";"27,4";"4,8";"2,4";"0,6";"21,0";"2954,6";"157,44";"619,0";"258,2";"28,8";"123,0";"6,4";"381,2";"35,2";"35,0";"1,8";"25,4";"9,4";"1,4";"0,4";"19,0";"4811,57";"160,39";"954,69";"599,18";"49,78";"298,67";"11,68";"897,85";"61,45";"59,0";"4,3";"42,1";"7,37";"3,69";"0,92";"32,26";"4723,16";"157,44";"989,52";"412,75";"46,04";"196,63";"10,23";"609,38";"56,27";"55,95";"2,88";"40,6";"15,03";"2,24";"0,64";"30,37";"1,57";"5,95";"62,67"
"Max Fenger";"M. Fenger";"28846";"2001-08-07";"IFK Göteborg";"1480";"SWE - Allsvenskan";"90";"2025/2025";"128";"Center Forward";"99,07";"53,94";"27,49";"26,45";"29";"1";"12073,34";"121,86";"1944,31";"844,28";"78,07";"259,62";"15,83";"1103,9";"93,9";"28,71";"30,12";"121,28";"8,21";"98,34";"17,83";"5,66";"0,71";"0,74";"1,34";"1,44";"1,57";"56,86";"1,78";"2,82";"10967,55";"121,86";"1766,23";"766,95";"70,92";"235,84";"14,38";"1002,79";"85,3";"110,17";"7,46";"89,34";"16,19";"5,14";"1,22";"51,65";"9428,94";"157,15";"1890,31";"835,63";"80,12";"262,92";"15,84";"1098,55";"95,96";"93,97";"5,45";"68,58";"11,01";"4253,31";"154,7";"842,9";"447,03";"42,9";"170,41";"9,93";"617,45";"52,83";"51,59";"2,83";"33,59";"5,48";"2,17";"0,62";"29,0";"4223,79";"159,7";"856,59";"304,24";"29,14";"65,97";"4,31";"370,21";"33,45";"32,9";"2,07";"28,07";"4,41";"1,03";"0,1";"23,52";"4640,94";"154,7";"919,72";"487,78";"46,81";"185,94";"10,84";"673,72";"57,64";"56,29";"3,09";"36,65";"5,98";"2,37";"0,68";"31,64";"4790,9";"159,7";"971,6";"345,09";"33,05";"74,82";"4,89";"419,91";"37,94";"37,31";"2,35";"31,84";"5,01";"1,17";"0,12";"26,67";"0,81";"3,57";"58,41"
"Sebastian Vinther Jørgensen";"S. Jørgensen";"28873";"2000-06-08";"IFK Norrköping";"1484";"SWE - Allsvenskan";"90";"2025/2025";"128";"Midfield";"84,87";"50,5";"26,86";"23,64";"3";"0";"10883,33";"128,23";"1836,33";"687,0";"57,67";"121,0";"7,0";"808,0";"64,67";"27,07";"27,07";"97,0";"4,0";"79,67";"11,67";"2,67";"0,94";"null";"0,0";"null";"null";"38,67";"2,18";"3,16";"11540,88";"128,23";"1947,28";"728,51";"61,15";"128,31";"7,42";"856,82";"68,57";"102,86";"4,24";"84,48";"12,37";"2,83";"0,0";"41,0";"9596,83";"159,95";"1953,66";"774,65";"63,37";"133,07";"6,34";"907,72";"69,7";"87,13";"3,17";"63,76";"10,3";"4018,67";"149,64";"702,67";"349,0";"27,0";"57,0";"3,33";"406,0";"30,33";"34,33";"1,33";"24,67";"3,0";"1,0";"0,0";"13,33";"4058,67";"171,65";"941,67";"303,0";"26,33";"55,0";"2,0";"358,0";"28,33";"39,0";"1,33";"29,0";"5,67";"0,67";"0,0";"22,0";"4489,2";"149,64";"784,94";"389,86";"30,16";"63,67";"3,72";"453,54";"33,88";"38,35";"1,49";"27,55";"3,35";"1,12";"0,0";"14,89";"5149,62";"171,65";"1194,78";"384,45";"33,41";"69,78";"2,54";"454,23";"35,95";"49,48";"1,69";"36,8";"7,19";"0,85";"0,0";"27,91";"0,0";"1,98";"41,98"
"Sebastian Vinther Jørgensen";"S. Jørgensen";"28873";"2000-06-08";"IFK Norrköping";"1484";"SWE - Allsvenskan";"90";"2025/2025";"128";"Wide Attacker";"85,36";"42,25";"22,13";"20,12";"6";"0";"9727,0";"113,95";"1382,67";"526,17";"48,17";"125,5";"8,5";"651,67";"56,67";"27,63";"27,9";"86,5";"5,5";"67,17";"11,0";"3,17";"0,79";"null";"1,83";"1,53";"null";"39,67";"1,95";"2,97";"10255,61";"113,95";"1457,81";"554,76";"50,78";"132,32";"8,96";"687,08";"59,75";"91,2";"5,8";"70,82";"11,6";"3,34";"1,93";"41,82";"9344,95";"155,75";"1772,43";"688,24";"63,66";"164,72";"10,41";"852,96";"74,08";"85,67";"5,21";"58,93";"9,23";"3305,17";"149,33";"596,5";"261,83";"25,5";"61,83";"4,17";"323,67";"29,67";"33,5";"2,33";"22,0";"3,67";"1,5";"1,0";"17,5";"3275,67";"162,81";"651,67";"222,83";"19,33";"54,17";"3,17";"277,0";"22,5";"26,83";"1,33";"19,5";"2,83";"0,33";"0,0";"18,17";"4479,89";"149,33";"808,51";"354,89";"34,56";"83,81";"5,65";"438,7";"40,21";"45,41";"3,16";"29,82";"4,97";"2,03";"1,36";"23,72";"4884,33";"162,81";"971,7";"332,27";"28,83";"80,77";"4,72";"413,03";"33,55";"40,01";"1,99";"29,08";"4,22";"0,5";"0,0";"27,09";"1,42";"2,6";"50,65"
"Viktor Gustafson";"V. Gustafson";"29380";"1995-03-22";"Mjällby AIF";"1486";"SWE - Allsvenskan";"90";"2025/2025";"128";"Midfield";"82,11";"47,33";"25,25";"22,09";"17";"2";"10752,29";"130,95";"1920,0";"575,0";"49,59";"102,47";"6,65";"677,47";"56,24";"27,16";"28,92";"110,12";"3,41";"93,71";"11,35";"1,82";"0,72";"0,72";"0,59";"1,58";"null";"42,65";"1,97";"2,89";"11785,24";"130,95";"2104,45";"630,24";"54,35";"112,31";"7,29";"742,55";"61,64";"120,7";"3,74";"102,71";"12,44";"2,0";"0,64";"46,74";"10101,22";"168,35";"2231,53";"678,57";"58,83";"117,22";"6,49";"795,79";"65,32";"101,34";"2,54";"77,77";"7,68";"4130,53";"163,61";"861,82";"242,88";"21,88";"44,53";"2,29";"287,41";"24,18";"41,29";"1,12";"30,82";"2,88";"0,29";"0,0";"17,41";"3837,88";"173,78";"898,53";"292,41";"24,53";"47,94";"2,82";"340,35";"27,35";"38,65";"0,88";"30,53";"3,18";"0,47";"0,18";"22,59";"4908,32";"163,61";"1024,11";"288,62";"26,0";"52,91";"2,73";"341,53";"28,73";"49,07";"1,33";"36,63";"3,43";"0,35";"0,0";"20,69";"5213,26";"173,78";"1220,54";"397,2";"33,32";"65,12";"3,84";"462,33";"37,16";"52,5";"1,2";"41,47";"4,31";"0,64";"0,24";"30,68";"0,22";"0,97";"50,71"
"Viktor Gustafson";"V. Gustafson";"29380";"1995-03-22";"Mjällby AIF";"1486";"SWE - Allsvenskan";"90";"2025/2025";"128";"Wide Attacker";"61,99";"34,94";"17,93";"17,01";"7";"1";"8269,43";"133,39";"1490,57";"566,71";"44,14";"122,71";"7,86";"689,43";"52,0";"27,54";"27,74";"80,57";"3,29";"71,29";"11,71";"1,71";"0,96";"null";"0,14";"null";"null";"39,86";"2,06";"2,92";"12005,39";"133,39";"2163,98";"822,74";"64,09";"178,15";"11,41";"1000,9";"75,49";"116,97";"4,77";"103,49";"17,01";"2,49";"0,21";"57,86";"10308,39";"171,81";"2324,36";"902,76";"70,65";"185,7";"11,04";"1088,46";"81,69";"104,5";"3,93";"81,44";"11,78";"3045,86";"169,84";"642,29";"277,0";"21,29";"63,71";"3,43";"340,71";"24,71";"30,86";"1,0";"21,57";"3,0";"0,29";"0,14";"16,43";"2957,14";"173,88";"711,29";"248,71";"19,86";"44,43";"3,0";"293,14";"22,86";"30,0";"1,29";"25,86";"3,86";"0,43";"0,0";"20,57";"5095,3";"169,84";"1074,46";"463,38";"35,61";"106,59";"5,74";"569,97";"41,34";"51,62";"1,67";"36,09";"5,02";"0,48";"0,24";"27,48";"5216,3";"173,88";"1254,68";"438,72";"35,03";"78,37";"5,29";"517,09";"40,32";"52,92";"2,27";"45,61";"6,8";"0,76";"0,0";"36,29";"0,25";"1,23";"63,54"
"Jesper Gustavsson";"J. Gustavsson";"29382";"1994-10-29";"Mjällby AIF";"1486";"SWE - Allsvenskan";"90";"2025/2025";"128";"Midfield";"98,28";"56,15";"30,01";"26,14";"24";"2";"11947,62";"121,57";"2076,62";"653,92";"56,96";"118,0";"7,58";"771,92";"64,54";"27,01";"28,42";"125,0";"4,25";"106,58";"14,29";"3,12";"0,62";"0,71";"0,79";"1,24";"1,45";"42,5";"1,87";"2,75";"10941,3";"121,57";"1901,71";"598,84";"52,16";"108,06";"6,94";"706,9";"59,11";"114,47";"3,89";"97,61";"13,09";"2,86";"0,72";"38,92";"9451,06";"157,52";"2038,86";"648,47";"55,7";"112,96";"6,77";"761,43";"62,47";"97,55";"3,03";"74,76";"8,64";"4488,92";"149,58";"899,83";"196,08";"18,0";"31,17";"1,79";"227,25";"19,79";"42,88";"1,33";"33,42";"3,17";"0,54";"0,08";"14,5";"4355,38";"166,63";"1008,12";"410,75";"34,12";"74,54";"4,54";"485,29";"38,67";"48,42";"1,5";"36,54";"4,92";"0,96";"0,17";"25,67";"4487,46";"149,58";"899,54";"196,02";"17,99";"31,16";"1,79";"227,18";"19,79";"42,86";"1,33";"33,41";"3,17";"0,54";"0,08";"14,5";"4998,86";"166,63";"1157,07";"471,44";"39,17";"85,55";"5,21";"556,99";"44,38";"55,57";"1,72";"41,94";"5,64";"1,1";"0,19";"29,46";"0,27";"1,6";"42,92"
"Jacob Bergström";"J. Bergström";"29384";"1995-04-26";"Mjällby AIF";"1486";"SWE - Allsvenskan";"90";"2025/2025";"128";"Center Forward";"73,39";"42,2";"22,84";"19,35";"26";"2";"8934,15";"121,74";"1368,85";"602,69";"57,15";"229,73";"12,0";"832,42";"69,15";"29,65";"31,34";"92,08";"7,12";"74,88";"10,35";"4,92";"0,63";"0,69";"1,38";"1,31";"1,38";"48,73";"1,8";"2,61";"10956,22";"121,74";"1678,66";"739,1";"70,09";"281,73";"14,72";"1020,82";"84,81";"112,92";"8,73";"91,83";"12,69";"6,04";"1,7";"59,76";"9303,89";"155,06";"1732,38";"758,67";"74,11";"289,53";"14,44";"1048,2";"88,54";"94,78";"6,07";"68,47";"8,75";"3280,19";"143,61";"546,46";"253,12";"24,73";"121,46";"5,46";"374,58";"30,19";"36,19";"2,46";"23,77";"3,38";"1,38";"0,54";"16,85";"3262,85";"168,59";"671,85";"280,42";"27,38";"82,15";"4,69";"362,58";"32,08";"30,46";"1,81";"24,38";"2,77";"1,23";"0,23";"27,88";"4308,17";"143,61";"717,72";"332,44";"32,48";"159,53";"7,17";"491,97";"39,65";"47,53";"3,23";"31,22";"4,45";"1,82";"0,71";"22,13";"5057,67";"168,59";"1041,41";"434,68";"42,45";"127,34";"7,27";"562,02";"49,72";"47,22";"2,8";"37,8";"4,29";"1,91";"0,36";"43,22";"1,09";"3,72";"63,61"
"Eric Björkander";"E. Björkander";"29389";"1996-06-11";"IF Brommapojkarna";"2941";"SWE - Allsvenskan";"90";"2025/2025";"128";"Central Defender";"96,62";"55,05";"24,71";"30,34";"10";"0";"10032,9";"103,84";"1189,4";"363,7";"35,0";"107,4";"6,1";"471,1";"41,1";"27,83";"28,84";"108,7";"5,1";"87,8";"10,1";"3,8";"0,69";"0,75";"1,5";"1,35";"1,44";"22,9";"2,21";"3,0";"9345,49";"103,84";"1107,91";"338,78";"32,6";"100,04";"5,68";"438,82";"38,28";"101,25";"4,75";"81,78";"9,41";"3,54";"1,4";"21,33";"7864,07";"131,07";"1114,3";"352,8";"33,35";"105,83";"5,01";"458,62";"38,36";"85,45";"3,81";"64,85";"5,89";"3278,4";"132,66";"470,6";"88,7";"7,9";"17,2";"0,7";"105,9";"8,6";"28,6";"1,4";"22,1";"2,1";"0,7";"0,1";"6,4";"3937,1";"129,77";"551,8";"235,0";"22,7";"79,9";"3,9";"314,9";"26,6";"49,8";"2,1";"37,4";"3,3";"1,2";"0,8";"13,4";"3979,71";"132,66";"571,27";"107,67";"9,59";"20,88";"0,85";"128,55";"10,44";"34,72";"1,7";"26,83";"2,55";"0,85";"0,12";"7,77";"3893,19";"129,77";"545,65";"232,38";"22,45";"79,01";"3,86";"311,39";"26,3";"49,24";"2,08";"36,98";"3,26";"1,19";"0,79";"13,25";"0,98";"2,07";"21,58"
"Taylor Silverholt";"T. Silverholt";"29396";"2001-04-04";"IF Elfsborg";"1483";"SWE - Allsvenskan";"90";"2025/2025";"128";"Center Forward";"71,59";"39,42";"19,64";"19,78";"15";"0";"8035,67";"112,24";"1068,27";"478,47";"53,4";"196,27";"10,4";"674,73";"63,8";"29,97";"31,28";"94,27";"7,4";"78,2";"15,2";"5,8";"0,66";"0,7";"2,07";"1,27";"1,32";"32,73";"1,96";"2,85";"10101,8";"112,24";"1342,94";"601,49";"67,13";"246,73";"13,07";"848,22";"80,2";"118,5";"9,3";"98,31";"19,11";"7,29";"2,6";"41,15";"8630,0";"143,83";"1439,43";"667,46";"74,17";"280,26";"13,8";"947,72";"87,97";"103,09";"5,99";"75,7";"14,1";"2644,13";"134,62";"411,93";"197,33";"23,0";"99,53";"4,73";"296,87";"27,73";"33,4";"2,0";"21,27";"3,87";"1,27";"0,53";"13,4";"3025,93";"152,98";"533,8";"241,2";"25,73";"84,6";"4,33";"325,8";"30,07";"34,33";"1,93";"28,47";"5,4";"1,33";"0,33";"16,6";"4038,67";"134,62";"629,19";"301,41";"35,13";"152,03";"7,23";"453,44";"42,36";"51,02";"3,05";"32,48";"5,91";"1,93";"0,81";"20,47";"4589,38";"152,98";"809,61";"365,82";"39,03";"128,31";"6,57";"494,14";"45,6";"52,07";"2,93";"43,17";"8,19";"2,02";"0,51";"25,18";"1,32";"3,96";"45,66"
"Taylor Silverholt";"T. Silverholt";"29396";"2001-04-04";"IF Elfsborg";"1483";"SWE - Allsvenskan";"90";"2025/2025";"128";"Wide Attacker";"70,51";"39,39";"19,48";"19,91";"7";"0";"7982,86";"113,22";"1034,29";"517,43";"58,14";"286,0";"13,71";"803,43";"71,86";"31,27";"31,62";"90,14";"6,14";"73,43";"14,14";"4,71";"0,7";"0,7";"1,57";"1,33";"null";"24,29";"2,14";"3,12";"10189,85";"113,22";"1320,23";"660,48";"74,22";"365,07";"17,51";"1025,55";"91,72";"115,06";"7,84";"93,73";"18,05";"6,02";"2,01";"31,0";"8607,23";"143,45";"1422,46";"740,5";"79,21";"401,47";"17,84";"1141,97";"97,05";"96,4";"5,66";"69,63";"12,84";"2672,86";"137,2";"412,29";"215,43";"24,14";"131,71";"5,71";"347,14";"29,86";"31,86";"1,71";"19,71";"3,57";"0,86";"0,14";"12,86";"2977,86";"149,57";"521,57";"270,71";"27,86";"131,86";"6,0";"402,57";"33,86";"31,43";"2,0";"26,0";"4,86";"1,29";"0,43";"9,86";"4116,11";"137,2";"634,91";"331,75";"37,18";"202,84";"8,8";"534,59";"45,98";"49,06";"2,64";"30,36";"5,5";"1,32";"0,22";"19,8";"4487,08";"149,57";"785,91";"407,92";"41,98";"198,68";"9,04";"606,6";"51,02";"47,36";"3,01";"39,18";"7,32";"1,94";"0,65";"14,85";"0,87";"3,26";"34,6"
"Nahom Girmai Netabay";"N. Girmai Netabay";"29410";"1994-08-28";"Degerfors IF";"1736";"SWE - Allsvenskan";"90";"2025/2025";"128";"Midfield";"91,92";"48,81";"22,84";"25,97";"23";"2";"10973,83";"119,38";"1965,09";"716,7";"59,83";"195,22";"10,13";"911,91";"69,96";"28,16";"29,46";"114,48";"3,87";"99,52";"16,22";"2,35";"0,65";"0,75";"0,83";"1,43";"1,94";"43,35";"1,92";"2,62";"10744,07";"119,38";"1923,94";"701,69";"58,57";"191,13";"9,92";"892,82";"68,49";"112,08";"3,79";"97,44";"15,88";"2,3";"0,81";"42,44";"9657,74";"160,96";"2187,2";"813,05";"67,61";"223,56";"10,74";"1036,6";"78,35";"103,09";"3,42";"78,99";"10,85";"3546,91";"155,3";"765,57";"291,43";"23,26";"80,61";"3,83";"372,04";"27,09";"36,48";"1,3";"27,83";"3,43";"0,78";"0,13";"13,04";"4309,91";"165,94";"1013,78";"370,0";"31,74";"101,26";"4,91";"471,26";"36,65";"47,39";"1,48";"36,43";"5,39";"0,74";"0,22";"27,61";"4659,14";"155,3";"1005,63";"382,82";"30,55";"105,89";"5,03";"488,71";"35,58";"47,92";"1,71";"36,55";"4,51";"1,03";"0,17";"17,13";"4978,11";"165,94";"1170,96";"427,36";"36,66";"116,96";"5,67";"544,32";"42,33";"54,74";"1,71";"42,08";"6,23";"0,85";"0,25";"31,89";"0,43";"1,87";"49,97"
"Jakob Voelkerling Persson";"J. Voelkerling Persson";"29416";"2000-09-27";"IK Sirius";"1487";"SWE - Allsvenskan";"90";"2025/2025";"128";"Full Back";"69,29";"38,44";"18,57";"19,87";"12";"0";"7376,17";"106,46";"919,5";"352,75";"32,17";"94,67";"4,92";"447,42";"37,08";"28,26";"29,84";"80,58";"4,42";"68,0";"10,58";"3,33";"0,59";"0,64";"0,92";"1,45";"null";"21,92";"2,02";"2,78";"9581,17";"106,46";"1194,37";"458,2";"41,78";"122,97";"6,39";"581,17";"48,17";"104,67";"5,74";"88,33";"13,75";"4,33";"1,19";"28,47";"8003,56";"133,39";"1196,49";"476,18";"42,01";"133,97";"5,98";"610,15";"47,99";"87,41";"4,81";"64,38";"9,62";"2404,08";"129,45";"324,42";"106,92";"10,33";"30,17";"1,42";"137,08";"11,75";"23,0";"1,33";"17,17";"2,75";"0,75";"0,17";"6,17";"2723,75";"137,07";"442,17";"198,17";"16,58";"55,67";"2,42";"253,83";"19,0";"33,0";"1,75";"24,08";"3,42";"1,17";"0,42";"13,75";"3883,64";"129,45";"524,07";"172,72";"16,69";"48,73";"2,29";"221,45";"18,98";"37,16";"2,15";"27,73";"4,44";"1,21";"0,27";"9,96";"4112,18";"137,07";"667,56";"299,18";"25,04";"84,04";"3,65";"383,22";"28,69";"49,82";"2,64";"36,36";"5,16";"1,76";"0,63";"20,76";"0,91";"2,99";"31,09"
"Alex Timossi Andersson";"A. Timossi Andersson";"29422";"2001-01-19";"IF Brommapojkarna";"2941";"SWE - Allsvenskan";"90";"2025/2025";"128";"Full Back";"98,02";"56,38";"25,62";"30,76";"25";"2";"11187,64";"114,14";"1479,64";"685,76";"73,44";"398,68";"18,64";"1084,44";"92,08";"31,91";"33,8";"121,24";"8,4";"101,4";"16,96";"6,48";"0,6";"0,6";"2,96";"1,11";"1,19";"37,96";"1,88";"2,68";"10272,76";"114,14";"1358,64";"629,68";"67,43";"366,08";"17,12";"995,76";"84,55";"111,33";"7,71";"93,11";"15,57";"5,95";"2,72";"34,86";"8535,91";"142,27";"1379,42";"680,0";"70,11";"399,26";"17,88";"1079,26";"87,99";"94,72";"6,26";"69,52";"10,73";"3666,44";"143,12";"577,44";"305,28";"32,16";"222,04";"8,92";"527,32";"41,08";"35,72";"2,96";"26,8";"3,96";"2,2";"1,08";"12,08";"4354,28";"141,55";"718,72";"333,68";"33,72";"153,12";"7,88";"486,8";"41,6";"53,28";"2,92";"38,52";"6,12";"2,36";"0,96";"23,28";"4293,7";"143,12";"676,23";"357,51";"37,66";"260,03";"10,45";"617,54";"48,11";"41,83";"3,47";"31,38";"4,64";"2,58";"1,26";"14,15";"4246,51";"141,55";"700,93";"325,42";"32,89";"149,33";"7,68";"474,75";"40,57";"51,96";"2,85";"37,57";"5,97";"2,3";"0,94";"22,7";"2,17";"4,85";"37,63"
"Alibek Aliev";"A. Aliev";"29425";"1996-08-16";"Östers IF";"4623";"SWE - Allsvenskan";"90";"2025/2025";"128";"Center Forward";"88,07";"48,88";"22,9";"25,98";"26";"1";"9760,88";"110,83";"1333,65";"620,5";"62,5";"178,96";"12,0";"799,46";"74,5";"28,18";"29,92";"119,88";"11,58";"96,69";"24,23";"7,85";"0,61";"0,68";"2,12";"1,31";"1,39";"33,58";"1,84";"2,8";"9975,09";"110,83";"1362,92";"634,12";"63,87";"182,89";"12,26";"817,01";"76,13";"122,52";"11,83";"98,81";"24,76";"8,02";"2,16";"34,31";"8512,81";"141,88";"1455,83";"718,0";"70,44";"205,57";"12,61";"923,57";"83,05";"106,0";"7,04";"77,53";"18,6";"3178,31";"138,8";"546,88";"311,42";"30,46";"103,69";"6,23";"415,12";"36,69";"42,96";"3,15";"27,42";"5,73";"2,31";"0,65";"15,08";"3756,27";"144,6";"639,04";"273,46";"26,92";"63,77";"4,04";"337,23";"30,96";"43,38";"2,58";"35,73";"9,42";"1,65";"0,42";"15,77";"4163,95";"138,8";"716,48";"408,0";"39,91";"135,85";"8,16";"543,85";"48,07";"56,28";"4,13";"35,93";"7,51";"3,02";"0,86";"19,75";"4337,9";"144,6";"737,99";"315,81";"31,09";"73,64";"4,66";"389,45";"35,76";"50,1";"2,98";"41,26";"10,88";"1,91";"0,49";"18,21";"1,32";"4,86";"37,87"
"Luke Le Roux";"L. Le Roux";"29440";"2000-03-10";"IFK Värnamo";"2394";"SWE - Allsvenskan";"90";"2025/2025";"128";"Midfield";"94,23";"53,08";"25,23";"27,84";"14";"0";"11321,86";"120,16";"1760,57";"479,14";"47,43";"110,79";"6,5";"589,93";"53,93";"28,06";"29,16";"119,86";"4,14";"108,43";"15,21";"1,93";"0,68";"0,72";"0,57";"1,36";"1,36";"30,5";"2,12";"2,86";"10814,05";"120,16";"1681,61";"457,65";"45,3";"105,82";"6,21";"563,47";"51,51";"114,48";"3,96";"103,57";"14,53";"1,84";"0,55";"29,13";"9327,02";"155,45";"1838,27";"508,54";"48,93";"116,6";"5,57";"625,14";"54,5";"96,17";"2,99";"77,92";"9,53";"3804,29";"150,76";"706,93";"110,07";"12,0";"17,43";"0,71";"127,5";"12,71";"36,29";"1,07";"29,79";"3,21";"0,14";"0,07";"8,93";"4446,43";"159,7";"919,21";"339,79";"31,29";"85,71";"4,21";"425,5";"35,5";"48,79";"1,57";"39,14";"5,21";"0,71";"0,14";"19,5";"4522,72";"150,76";"840,43";"130,86";"14,27";"20,72";"0,85";"151,58";"15,12";"43,14";"1,27";"35,41";"3,82";"0,17";"0,08";"10,61";"4791,12";"159,7";"990,47";"366,13";"33,71";"92,36";"4,54";"458,49";"38,25";"52,57";"1,69";"42,18";"5,62";"0,77";"0,15";"21,01";"0,24";"0,97";"32,14"
"Tobias Carlsson";"T. Carlsson";"29448";"1995-07-28";"IK Sirius";"1487";"SWE - Allsvenskan";"90";"2025/2025";"128";"Central Defender";"96,78";"55,64";"26,77";"28,87";"8";"0";"10344,38";"106,89";"1306,62";"375,88";"31,25";"77,12";"4,88";"453,0";"36,12";"27,1";"27,4";"121,62";"3,75";"94,12";"9,88";"1,25";"0,82";"0,89";"0,0";"null";"null";"26,38";"2,17";"2,88";"9619,77";"106,89";"1215,1";"349,55";"29,06";"71,72";"4,53";"421,27";"33,59";"113,11";"3,49";"87,53";"9,18";"1,16";"0,0";"24,53";"8025,19";"133,75";"1211,5";"358,81";"29,38";"77,1";"3,91";"435,91";"33,29";"91,79";"3,5";"65,91";"5,39";"3542,5";"132,34";"509,25";"88,75";"7,38";"16,5";"0,75";"105,25";"8,12";"34,0";"1,38";"24,0";"2,12";"0,0";"0,0";"6,12";"3899,75";"135,07";"614,25";"244,0";"19,88";"55,0";"2,88";"299,0";"22,75";"51,12";"1,88";"37,12";"2,88";"0,88";"0,0";"17,38";"3970,11";"132,34";"570,72";"99,46";"8,27";"18,49";"0,84";"117,95";"9,11";"38,1";"1,54";"26,9";"2,38";"0,0";"0,0";"6,86";"4051,98";"135,07";"638,23";"253,52";"20,65";"57,15";"2,99";"310,67";"23,64";"53,12";"1,95";"38,57";"2,99";"0,91";"0,0";"18,05";"0,0";"0,94";"25,34"
"Pavle Vagić";"P. Vagić";"29449";"2000-01-24";"Hammarby IF";"1478";"SWE - Allsvenskan";"90";"2025/2025";"128";"Central Defender";"94,12";"53,66";"32,06";"21,6";"23";"2";"9588,17";"101,87";"1099,57";"330,39";"28,3";"84,52";"4,48";"414,91";"32,78";"27,77";"29,92";"93,74";"3,09";"76,83";"7,26";"1,78";"0,74";"0,76";"0,52";"1,31";"null";"16,96";"1,93";"2,88";"9168,58";"101,87";"1051,45";"315,93";"27,07";"80,82";"4,28";"396,76";"31,35";"89,64";"2,95";"73,46";"6,94";"1,7";"0,5";"16,21";"7629,37";"127,16";"1040,95";"340,11";"28,05";"89,4";"3,6";"429,51";"31,65";"70,93";"1,9";"54,79";"4,52";"3598,96";"112,25";"331,17";"59,61";"5,65";"18,04";"0,7";"77,65";"6,35";"27,13";"0,52";"24,39";"1,87";"0,26";"0,04";"3,83";"3224,26";"149,28";"599,78";"244,57";"19,43";"61,91";"2,52";"306,48";"21,96";"36,3";"1,17";"24,61";"2,17";"0,74";"0,26";"11,17";"3367,54";"112,25";"309,88";"55,78";"5,29";"16,88";"0,65";"72,66";"5,94";"25,39";"0,49";"22,82";"1,75";"0,24";"0,04";"3,58";"4478,44";"149,28";"833,09";"339,7";"26,99";"86,0";"3,5";"425,69";"30,5";"50,43";"1,63";"34,18";"3,02";"1,03";"0,36";"15,52";"0,34";"1,12";"16,77"
"Nahir Besara";"N. Besara";"29451";"1991-02-25";"Hammarby IF";"1478";"SWE - Allsvenskan";"90";"2025/2025";"128";"Center Forward";"82,6";"49,31";"29,64";"19,67";"7";"2";"10301,57";"124,71";"1721,14";"519,43";"40,14";"54,86";"4,29";"574,29";"44,43";"26,21";"26,7";"103,86";"3,14";"90,14";"9,57";"2,29";"0,91";"0,92";"0,71";"1,84";"null";"30,0";"2,18";"3,01";"11224,15";"124,71";"1875,28";"565,95";"43,74";"59,77";"4,67";"625,72";"48,41";"113,16";"3,42";"98,22";"10,43";"2,49";"0,78";"32,69";"9435,68";"157,26";"1961,74";"611,15";"46,24";"61,36";"3,48";"672,51";"49,71";"93,52";"2,61";"74,57";"7,47";"4360,71";"147,12";"814,14";"277,0";"21,86";"28,71";"1,86";"305,71";"23,71";"46,57";"1,14";"32,71";"3,14";"1,0";"0,14";"13,57";"3394,14";"172,54";"798,14";"225,29";"16,14";"21,71";"1,0";"247,0";"17,14";"30,29";"1,0";"28,57";"3,0";"0,0";"0,0";"13,57";"4413,61";"147,12";"824,02";"280,36";"22,12";"29,06";"1,88";"309,42";"24,0";"47,14";"1,16";"33,11";"3,18";"1,01";"0,14";"13,74";"5176,25";"172,54";"1217,21";"343,57";"24,62";"33,12";"1,53";"376,69";"26,14";"46,19";"1,53";"43,57";"4,58";"0,0";"0,0";"20,7";"0,17";"1,22";"33,03"
"Nahir Besara";"N. Besara";"29451";"1991-02-25";"Hammarby IF";"1478";"SWE - Allsvenskan";"90";"2025/2025";"128";"Midfield";"96,0";"53,96";"32,64";"21,32";"19";"0";"11595,26";"120,78";"1952,89";"569,74";"43,26";"79,42";"3,79";"649,16";"47,05";"26,31";"27,56";"105,84";"2,63";"90,68";"9,79";"1,68";"0,79";"0,81";"0,21";"1,66";"null";"28,74";"2,03";"2,82";"10870,56";"120,78";"1830,84";"534,13";"40,56";"74,46";"3,55";"608,59";"44,11";"99,23";"2,47";"85,02";"9,18";"1,58";"0,2";"26,94";"9429,85";"157,16";"1993,11";"604,52";"45,83";"81,47";"3,16";"685,98";"48,99";"86,68";"1,76";"66,78";"6,61";"4798,63";"147,02";"903,32";"292,74";"22,21";"36,84";"1,42";"329,58";"23,63";"45,21";"0,84";"33,95";"2,84";"0,42";"0,05";"11,32";"3681,47";"172,7";"889,05";"250,89";"19,0";"36,42";"1,42";"287,32";"20,42";"32,74";"0,74";"26,11";"3,11";"0,42";"0,05";"15,63";"4410,58";"147,02";"830,27";"269,06";"20,41";"33,86";"1,31";"302,93";"21,72";"41,55";"0,77";"31,2";"2,61";"0,39";"0,05";"10,4";"5180,91";"172,7";"1251,16";"353,08";"26,74";"51,26";"2,0";"404,34";"28,74";"46,07";"1,04";"36,74";"4,37";"0,59";"0,07";"22,0";"0,12";"0,94";"29,97"
"David Seger";"D. Seger";"29458";"1999-07-15";"Östers IF";"4623";"SWE - Allsvenskan";"90";"2025/2025";"128";"Midfield";"93,89";"52,95";"25,25";"27,7";"11";"0";"10997,73";"117,14";"1938,45";"609,27";"49,45";"87,64";"5,45";"696,91";"54,91";"26,65";"27,48";"131,55";"4,0";"111,64";"19,73";"2,18";"0,78";"0,81";"0,36";"2,05";"null";"34,0";"2,0";"2,84";"10542,48";"117,14";"1858,21";"584,05";"47,41";"84,01";"5,23";"668,06";"52,64";"126,1";"3,83";"107,02";"18,91";"2,09";"0,35";"32,59";"9237,7";"153,96";"2036,05";"659,9";"53,05";"91,37";"4,94";"751,27";"58,0";"108,58";"3,19";"81,07";"12,46";"3837,82";"152,0";"840,0";"297,45";"23,45";"48,55";"2,82";"346,0";"26,27";"42,36";"1,55";"30,82";"4,91";"0,73";"0,09";"14,73";"4314,45";"155,75";"956,82";"284,91";"23,36";"32,09";"1,55";"317,0";"24,91";"53,45";"1,27";"40,73";"6,09";"0,64";"0,0";"17,18";"4560,06";"152,0";"998,08";"353,43";"27,87";"57,68";"3,35";"411,11";"31,22";"50,34";"1,84";"36,62";"5,83";"0,86";"0,11";"17,5";"4672,44";"155,75";"1036,21";"308,55";"25,3";"34,75";"1,67";"343,3";"26,98";"57,89";"1,38";"44,11";"6,6";"0,69";"0,0";"18,61";"0,1";"1,55";"36,16"
"Paulos Abraham";"P. Abraham";"29470";"2002-07-16";"Hammarby IF";"1478";"SWE - Allsvenskan";"90";"2025/2025";"128";"Center Forward";"86,53";"48,6";"28,86";"19,74";"10";"0";"11352,9";"131,2";"1911,7";"842,8";"75,1";"240,0";"14,8";"1082,8";"89,9";"28,93";"29,28";"113,7";"6,5";"92,3";"16,5";"5,0";"0,66";"0,72";"1,5";"1,42";"1,5";"57,6";"1,91";"2,92";"11808,17";"131,2";"1988,36";"876,6";"78,11";"249,62";"15,39";"1126,22";"93,51";"118,26";"6,76";"96,0";"17,16";"5,2";"1,56";"59,91";"10148,13";"169,14";"2109,08";"953,86";"84,57";"267,79";"15,56";"1221,65";"100,13";"99,14";"5,06";"71,85";"12,1";"4619,9";"160,09";"881,2";"420,2";"39,4";"129,8";"7,8";"550,0";"47,2";"49,3";"2,3";"35,1";"5,0";"1,7";"0,4";"27,1";"3599,8";"182,36";"827,1";"352,4";"29,1";"87,1";"4,8";"439,5";"33,9";"31,0";"1,8";"23,1";"4,8";"1,5";"0,2";"25,5";"4802,67";"160,09";"916,06";"436,82";"40,96";"134,94";"8,11";"571,76";"49,07";"51,25";"2,39";"36,49";"5,2";"1,77";"0,42";"28,17";"5470,82";"182,36";"1256,99";"535,56";"44,22";"132,37";"7,29";"667,93";"51,52";"47,11";"2,74";"35,11";"7,29";"2,28";"0,3";"38,75";"0,74";"3,95";"64,94"
"Paulos Abraham";"P. Abraham";"29470";"2002-07-16";"Hammarby IF";"1478";"SWE - Allsvenskan";"90";"2025/2025";"128";"Wide Attacker";"63,96";"37,2";"22,63";"14,57";"13";"0";"8718,62";"136,32";"1619,15";"718,62";"59,0";"175,85";"10,62";"894,46";"69,62";"28,18";"29,46";"91,62";"3,77";"71,38";"13,54";"2,92";"0,81";"0,85";"0,69";"1,63";"null";"44,77";"1,91";"2,61";"12268,42";"136,32";"2278,4";"1011,2";"83,02";"247,44";"14,94";"1258,64";"97,96";"128,92";"5,3";"100,45";"19,05";"4,11";"0,97";"63,0";"10467,72";"174,46";"2351,4";"1080,22";"88,1";"267,02";"15,01";"1347,24";"103,11";"107,08";"3,72";"72,34";"13,15";"3871,69";"171,09";"844,46";"407,69";"33,38";"105,31";"6,23";"513,0";"39,62";"42,0";"1,31";"27,85";"4,77";"0,69";"0,23";"24,38";"2617,85";"179,7";"613,31";"262,0";"21,23";"60,23";"3,08";"322,23";"24,31";"24,38";"1,0";"17,0";"3,38";"0,77";"0,08";"16,54";"5132,72";"171,09";"1119,51";"540,48";"44,26";"139,61";"8,26";"680,09";"52,52";"55,68";"1,73";"36,92";"6,32";"0,92";"0,31";"32,33";"5390,97";"179,7";"1262,99";"539,54";"43,72";"124,03";"6,34";"663,57";"50,06";"50,22";"2,06";"35,01";"6,97";"1,58";"0,16";"34,06";"0,5";"2,36";"66,01"
"Johan Karlsson";"J. Karlsson";"29781";"2001-06-20";"Malmo FF";"426";"SWE - Allsvenskan";"90";"2025/2025";"128";"Full Back";"86,66";"48,78";"27,37";"21,41";"12";"0";"10050,25";"115,97";"1509,75";"687,83";"63,83";"260,0";"14,17";"947,83";"78,0";"29,59";"30,8";"117,67";"7,33";"97,58";"20,75";"5,33";"0,69";"0,75";"1,67";"1,34";"1,53";"45,0";"1,92";"2,54";"10437,63";"115,97";"1567,94";"714,35";"66,29";"270,02";"14,71";"984,37";"81,01";"122,2";"7,62";"101,34";"21,55";"5,54";"1,73";"46,73";"8834,43";"147,24";"1638,22";"769,71";"70,0";"287,59";"14,55";"1057,3";"84,56";"105,16";"6,66";"75,13";"14,66";"3915,83";"143,06";"714,92";"323,67";"28,42";"112,42";"5,58";"436,08";"34,0";"43,17";"2,75";"33,17";"5,42";"2,0";"0,58";"15,92";"3267,25";"152,59";"617,08";"302,17";"28,5";"121,42";"6,25";"423,58";"34,75";"42,33";"2,67";"27,92";"6,5";"1,67";"0,58";"25,58";"4291,76";"143,06";"783,55";"354,74";"31,14";"123,21";"6,12";"477,95";"37,26";"47,31";"3,01";"36,35";"5,94";"2,19";"0,64";"17,44";"4577,58";"152,59";"864,57";"423,35";"39,93";"170,11";"8,76";"593,46";"48,69";"59,31";"3,74";"39,11";"9,11";"2,34";"0,82";"35,84";"1,43";"4,51";"51,04"
"Frederik Dahl Ihler";"F. Ihler";"29955";"2003-06-25";"IF Elfsborg";"1483";"SWE - Allsvenskan";"90";"2025/2025";"128";"Center Forward";"66,38";"36,89";"18,24";"18,65";"19";"0";"7770,84";"117,07";"1196,79";"501,0";"48,53";"168,16";"8,84";"669,16";"57,37";"29,73";"32,02";"90,74";"6,47";"75,74";"14,0";"4,42";"0,63";"0,78";"1,68";"1,38";"1,53";"32,68";"1,98";"2,82";"10536,11";"117,07";"1622,67";"679,28";"65,79";"228,0";"11,99";"907,28";"77,78";"123,03";"8,78";"102,69";"18,98";"5,99";"2,28";"44,31";"9014,77";"150,25";"1740,2";"755,3";"72,17";"253,82";"12,24";"1009,13";"84,41";"103,93";"6,33";"78,76";"13,78";"2596,74";"142,36";"492,58";"219,47";"19,84";"62,79";"3,05";"282,26";"22,89";"31,42";"1,74";"21,53";"3,26";"0,95";"0,37";"13,21";"2945,63";"157,97";"577,32";"244,89";"24,53";"93,26";"4,47";"338,16";"29,0";"32,47";"2,16";"26,89";"5,21";"1,53";"0,53";"17,05";"4270,66";"142,36";"810,11";"360,95";"32,63";"103,27";"5,02";"464,22";"37,65";"51,68";"2,86";"35,4";"5,37";"1,56";"0,61";"21,73";"4738,95";"157,97";"928,79";"393,99";"39,46";"150,04";"7,2";"544,03";"46,66";"52,24";"3,47";"43,27";"8,38";"2,46";"0,85";"27,43";"1,46";"4,02";"49,22"
"Arman Taranis";"A. Taranis";"29966";"2001-07-30";"Degerfors IF";"1736";"SWE - Allsvenskan";"90";"2025/2025";"128";"Center Forward";"83,02";"44,51";"19,32";"25,2";"9";"0";"9608,89";"115,74";"1376,33";"564,22";"63,44";"271,0";"15,22";"835,22";"78,67";"30,7";"31,86";"101,33";"8,0";"85,22";"16,22";"6,11";"0,61";"0,69";"2,56";"1,32";"1,36";"39,56";"2,0";"2,88";"10416,95";"115,74";"1492,08";"611,67";"68,78";"293,79";"16,5";"905,46";"85,28";"109,86";"8,67";"92,39";"17,59";"6,63";"2,77";"42,88";"8998,13";"149,97";"1648,96";"689,09";"77,58";"335,63";"18,12";"1024,72";"95,7";"97,8";"6,14";"73,39";"13,03";"2889,0";"149,56";"551,78";"287,89";"30,89";"144,22";"7,78";"432,11";"38,67";"34,22";"2,56";"21,78";"4,11";"1,78";"0,89";"17,78";"3786,56";"150,28";"671,56";"223,33";"26,67";"104,78";"5,67";"328,11";"32,33";"38,33";"2,0";"32,67";"5,56";"1,33";"0,44";"19,0";"4486,8";"149,56";"856,95";"447,11";"47,97";"223,99";"12,08";"671,1";"60,05";"53,15";"3,97";"33,82";"6,38";"2,76";"1,38";"27,61";"4508,47";"150,28";"799,59";"265,91";"31,75";"124,75";"6,75";"390,67";"38,5";"45,64";"2,38";"38,89";"6,61";"1,59";"0,53";"22,62";"1,8";"4,19";"49,57"
"Christian Kouakou";"C. Kouakou";"30587";"1995-04-20";"Östers IF";"4623";"SWE - Allsvenskan";"90";"2025/2025";"128";"Center Forward";"50,68";"28,65";"15,11";"13,54";"4";"0";"4973,0";"98,13";"533,75";"283,75";"29,5";"86,5";"6,25";"370,25";"35,75";"27,82";"27,82";"59,25";"5,0";"48,75";"9,75";"4,5";"0,82";"0,82";"1,5";"null";"null";"16,5";"2,41";"null";"8831,44";"98,13";"947,87";"503,91";"52,39";"153,61";"11,1";"657,52";"63,49";"105,22";"8,88";"86,57";"17,31";"7,99";"2,66";"29,3";"7386,39";"123,11";"1035,6";"558,64";"56,02";"145,03";"9,42";"703,66";"65,45";"86,39";"7,33";"64,4";"10,99";"1778,5";"117,72";"268,0";"149,5";"14,5";"35,75";"2,5";"185,25";"17,0";"24,0";"2,0";"15,75";"2,5";"1,25";"0,5";"7,5";"1748,5";"129,12";"226,5";"117,25";"12,25";"33,5";"2,0";"150,75";"14,25";"17,25";"1,5";"15,0";"2,75";"1,25";"0,5";"7,0";"3531,49";"117,72";"532,16";"296,86";"28,79";"70,99";"4,96";"367,84";"33,76";"47,66";"3,97";"31,27";"4,96";"2,48";"0,99";"14,89";"3873,6";"129,12";"501,78";"259,75";"27,14";"74,22";"4,43";"333,97";"31,57";"38,22";"3,32";"33,23";"6,09";"2,77";"1,11";"15,51";"2,09";"5,24";"30,37"
"Alexander Johansson";"A. Johansson";"30594";"1995-10-30";"Mjällby AIF";"1486";"SWE - Allsvenskan";"90";"2025/2025";"128";"Center Forward";"61,99";"34,27";"19,38";"14,89";"4";"1";"7052,75";"113,77";"951,25";"408,75";"41,75";"176,5";"7,25";"585,25";"49,0";"30,52";"30,52";"80,0";"4,75";"63,5";"15,75";"2,5";"0,87";"null";"0,25";"null";"null";"29,75";"2,11";"3,13";"10239,24";"113,77";"1381,03";"593,43";"60,61";"256,24";"10,53";"849,67";"71,14";"116,14";"6,9";"92,19";"22,87";"3,63";"0,36";"43,19";"8659,0";"144,32";"1455,5";"666,68";"68,29";"290,66";"10,94";"957,34";"79,23";"97,18";"6,13";"67,85";"16,2";"2748,25";"141,81";"457,25";"217,5";"23,25";"95,5";"4,25";"313,0";"27,5";"32,75";"2,0";"21,0";"4,5";"1,0";"0,0";"13,75";"2197,0";"147,57";"374,0";"163,25";"15,75";"70,5";"2,0";"233,75";"17,75";"22,75";"1,5";"17,75";"4,75";"0,25";"0,0";"13,5";"4254,44";"141,81";"707,85";"336,7";"35,99";"147,84";"6,58";"484,54";"42,57";"50,7";"3,1";"32,51";"6,97";"1,55";"0,0";"21,29";"4427,2";"147,57";"753,65";"328,97";"31,74";"142,07";"4,03";"471,03";"35,77";"45,84";"3,02";"35,77";"9,57";"0,5";"0,0";"27,2";"0,0";"2,19";"47,71"
"Max Watson";"M. Watson";"30599";"1996-02-03";"IFK Norrköping";"1484";"SWE - Allsvenskan";"90";"2025/2025";"128";"Central Defender";"97,08";"52,06";"23,55";"28,51";"30";"0";"10237,4";"105,45";"1292,2";"393,9";"35,93";"105,3";"5,5";"499,2";"41,43";"28,27";"30,92";"111,0";"5,33";"89,67";"11,37";"2,83";"0,68";"0,75";"0,4";"1,45";"null";"18,2";"2,02";"2,87";"9490,52";"105,45";"1197,93";"365,16";"33,31";"97,62";"5,1";"462,78";"38,41";"102,9";"4,94";"83,12";"10,54";"2,63";"0,37";"16,87";"8223,7";"137,06";"1278,01";"406,71";"37,07";"111,21";"4,76";"517,92";"41,83";"89,09";"3,88";"66,54";"6,72";"3035,6";"128,9";"406,2";"76,4";"7,23";"13,87";"0,57";"90,27";"7,8";"26,83";"1,23";"20,43";"2,1";"0,47";"0,0";"4,73";"4100,13";"143,8";"702,73";"276,5";"24,93";"82,63";"3,57";"359,13";"28,5";"50,47";"2,13";"37,3";"3,73";"1,1";"0,27";"11,73";"3867,1";"128,9";"517,46";"97,33";"9,21";"17,66";"0,72";"114,99";"9,94";"34,18";"1,57";"26,03";"2,68";"0,59";"0,0";"6,03";"4314,0";"143,8";"739,39";"290,92";"26,23";"86,94";"3,75";"377,87";"29,99";"53,1";"2,24";"39,25";"3,93";"1,16";"0,28";"12,35";"0,31";"1,81";"18,98"
"Oliver Berg";"O. Berg";"31335";"1993-08-28";"Malmo FF";"426";"SWE - Allsvenskan";"90";"2025/2025";"128";"Midfield";"60,5";"36,03";"18,64";"17,4";"5";"0";"7932,4";"131,11";"1513,0";"701,4";"58,8";"173,6";"11,6";"875,0";"70,4";"27,0";"27,0";"91,8";"3,2";"74,6";"15,0";"2,2";"0,77";"0,85";"0,4";"null";"null";"37,0";"2,22";"3,03";"11799,61";"131,11";"2250,62";"1043,35";"87,47";"258,23";"17,26";"1301,58";"104,72";"136,55";"4,76";"110,97";"22,31";"3,27";"0,6";"55,04";"10048,36";"167,47";"2317,52";"1114,3";"87,25";"270,42";"17,98";"1384,72";"105,24";"114,56";"4,0";"81,59";"14,65";"3030,2";"162,59";"671,6";"299,6";"22,6";"70,2";"4,8";"369,8";"27,4";"34,0";"1,2";"23,4";"3,6";"1,0";"0,2";"13,8";"3004,4";"172,7";"720,2";"369,6";"29,8";"92,2";"6,0";"461,8";"35,8";"34,8";"1,2";"25,6";"5,2";"0,4";"0,0";"20,8";"4877,8";"162,59";"1081,09";"482,28";"36,38";"113,0";"7,73";"595,28";"44,11";"54,73";"1,93";"37,67";"5,8";"1,61";"0,32";"22,21";"5180,99";"172,7";"1241,96";"637,36";"51,39";"159,0";"10,35";"796,36";"61,74";"60,01";"2,07";"44,15";"8,97";"0,69";"0,0";"35,87";"0,33";"2,33";"57,61"
"Tom Pettersson";"T. Pettersson";"31349";"1990-03-25";"Mjällby AIF";"1486";"SWE - Allsvenskan";"90";"2025/2025";"128";"Central Defender";"91,78";"51,81";"27,46";"24,35";"17";"1";"10462,0";"113,99";"1531,65";"465,82";"36,24";"78,29";"4,76";"544,12";"41,0";"26,92";"28,64";"107,94";"4,41";"84,12";"10,06";"3,24";"0,69";"0,77";"0,24";"null";"null";"28,35";"1,91";"2,82";"10258,83";"113,99";"1501,9";"456,78";"35,53";"76,77";"4,67";"533,55";"40,2";"105,85";"4,33";"82,48";"9,86";"3,17";"0,23";"27,8";"8697,22";"144,95";"1512,27";"480,91";"37,33";"82,97";"3,88";"563,88";"41,21";"86,92";"3,07";"62,6";"6,47";"3822,59";"139,19";"582,76";"137,88";"11,29";"22,59";"1,12";"160,47";"12,41";"32,82";"0,94";"25,06";"2,65";"0,53";"0,0";"7,24";"3688,0";"151,46";"723,18";"277,41";"20,94";"49,06";"2,24";"326,47";"23,18";"42,24";"1,71";"29,0";"2,94";"1,0";"0,12";"18,94";"4175,6";"139,19";"636,58";"150,62";"12,34";"24,67";"1,22";"175,29";"13,56";"35,85";"1,03";"27,37";"2,89";"0,58";"0,0";"7,9";"4543,74";"151,46";"890,98";"341,78";"25,8";"60,44";"2,75";"402,22";"28,55";"52,04";"2,1";"35,73";"3,62";"1,23";"0,14";"23,34";"0,14";"1,77";"30,31"
"Ismet Lushaku";"I. Lushaku";"31393";"2000-09-22";"IFK Norrköping";"1484";"SWE - Allsvenskan";"90";"2025/2025";"128";"Midfield";"65,07";"35,99";"17,37";"18,62";"15";"0";"7867,4";"120,91";"1514,53";"516,47";"41,27";"103,8";"5,53";"620,27";"46,8";"27,14";"28,52";"93,13";"3,33";"78,4";"12,4";"1,93";"0,65";"0,74";"0,6";"1,56";"1,8";"23,67";"2,05";"2,69";"10881,6";"120,91";"2094,79";"714,34";"57,08";"143,57";"7,65";"857,91";"64,73";"128,82";"4,61";"108,44";"17,15";"2,67";"0,83";"32,73";"9552,43";"159,21";"2298,31";"812,34";"64,68";"164,93";"7,45";"977,27";"72,13";"112,92";"3,56";"83,02";"12,67";"2675,73";"154,07";"626,8";"201,8";"15,4";"27,73";"1,33";"229,53";"16,73";"31,13";"0,93";"23,0";"3,2";"0,33";"0,07";"9,87";"3054,13";"163,99";"751,8";"285,47";"23,4";"71,2";"3,13";"356,67";"26,53";"36,6";"1,2";"26,8";"4,4";"0,87";"0,2";"12,0";"4622,19";"154,07";"1082,76";"348,6";"26,6";"47,91";"2,3";"396,51";"28,91";"53,78";"1,61";"39,73";"5,53";"0,58";"0,12";"17,04";"4919,85";"163,99";"1211,06";"459,85";"37,69";"114,69";"5,05";"574,55";"42,74";"58,96";"1,93";"43,17";"7,09";"1,4";"0,32";"19,33";"0,44";"2,0";"36,45"
"Filip Schyberg";"F. Schyberg";"31451";"1999-03-10";"Halmstads BK";"1735";"SWE - Allsvenskan";"90";"2025/2025";"128";"Central Defender";"95,72";"54,28";"23,18";"31,1";"16";"1";"10269,06";"107,28";"1273,81";"422,38";"37,19";"89,94";"5,0";"512,31";"42,19";"27,83";"28,94";"127,56";"4,88";"106,38";"13,88";"2,94";"0,7";"0,79";"0,44";"1,62";"null";"21,75";"1,9";"3,01";"9655,43";"107,28";"1197,7";"397,14";"34,97";"84,56";"4,7";"481,7";"39,67";"119,94";"4,58";"100,02";"13,05";"2,76";"0,41";"20,45";"8174,01";"136,23";"1201,36";"414,71";"36,61";"93,06";"4,49";"507,76";"41,1";"96,37";"3,39";"76,75";"7,6";"2966,94";"127,98";"380,44";"76,19";"7,81";"19,31";"1,06";"95,5";"8,88";"28,38";"0,94";"23,81";"2,12";"0,25";"0,0";"5,44";"4428,12";"142,38";"706,44";"299,0";"25,31";"64,88";"3,0";"363,88";"28,31";"58,81";"2,12";"45,62";"4,75";"1,25";"0,25";"13,62";"3839,49";"127,98";"492,32";"98,59";"10,11";"24,99";"1,37";"123,59";"11,49";"36,72";"1,21";"30,82";"2,75";"0,32";"0,0";"7,04";"4271,5";"142,38";"681,45";"288,42";"24,42";"62,58";"2,89";"351,0";"27,31";"56,73";"2,05";"44,01";"4,58";"1,21";"0,24";"13,14";"0,28";"1,66";"21,07"
"Andronikos Kakoullis";"A. Kakoullis";"32349";"2001-05-03";"AIK";"524";"SWE - Allsvenskan";"90";"2025/2025";"128";"Center Forward";"77,34";"38,2";"20,19";"18,01";"6";"0";"9051,0";"117,03";"1316,33";"650,67";"62,17";"250,0";"14,5";"900,67";"76,67";"30,53";"30,66";"92,17";"9,17";"76,33";"14,67";"5,83";"0,65";"0,67";"1,83";"1,32";"1,45";"52,0";"1,89";"2,96";"10532,36";"117,03";"1531,77";"757,16";"72,34";"290,92";"16,87";"1048,08";"89,21";"107,25";"10,67";"88,83";"17,07";"6,79";"2,13";"60,51";"9430,63";"157,18";"1798,95";"918,59";"87,7";"356,02";"19,63";"1274,61";"107,33";"97,91";"7,85";"74,61";"12,04";"2875,67";"142,4";"499,33";"230,67";"24,33";"88,5";"5,17";"319,17";"29,5";"34,67";"2,83";"23,83";"3,67";"1,67";"0,5";"20,0";"3128,5";"173,75";"646,0";"354,17";"31,5";"138,17";"7,33";"492,33";"38,83";"27,67";"2,17";"23,67";"4,0";"1,33";"0,5";"26,5";"4271,97";"142,4";"741,79";"342,67";"36,15";"131,47";"7,68";"474,14";"43,82";"51,5";"4,21";"35,41";"5,45";"2,48";"0,74";"29,71";"5212,56";"173,75";"1076,33";"590,1";"52,48";"230,21";"12,22";"820,3";"64,7";"46,1";"3,61";"39,43";"6,66";"2,22";"0,83";"44,15";"1,57";"4,71";"73,04"
"Ibrahim Yalatif Diabaté";"I. Diabaté";"32353";"1999-11-17";"GAIS";"3534";"SWE - Allsvenskan";"90";"2025/2025";"128";"Center Forward";"83,9";"48,62";"25,27";"23,35";"20";"3";"8942,4";"106,58";"1104,85";"354,25";"36,55";"98,9";"5,25";"453,15";"41,8";"28,12";"29,72";"94,55";"6,1";"79,15";"10,65";"4,3";"0,61";"0,67";"1,55";"1,16";"1,25";"28,8";"1,96";"3,03";"9592,18";"106,58";"1185,13";"379,99";"39,21";"106,09";"5,63";"486,08";"44,84";"101,42";"6,54";"84,9";"11,42";"4,61";"1,66";"30,89";"7893,68";"131,56";"1239,53";"411,04";"41,89";"110,5";"5,06";"521,54";"46,95";"86,69";"5,43";"64,23";"8,51";"3020,5";"119,52";"436,55";"213,3";"21,0";"70,55";"3,1";"283,85";"24,1";"36,9";"2,9";"24,25";"3,1";"1,95";"0,95";"14,7";"3376,45";"144,59";"567,95";"119,8";"12,95";"19,0";"1,0";"138,8";"13,95";"33,35";"1,5";"27,8";"3,8";"0,7";"0,1";"12,25";"3585,64";"119,52";"518,23";"253,21";"24,93";"83,75";"3,68";"336,96";"28,61";"43,8";"3,44";"28,79";"3,68";"2,31";"1,13";"17,45";"4337,74";"144,59";"729,65";"153,91";"16,64";"24,41";"1,28";"178,32";"17,92";"42,84";"1,93";"35,71";"4,88";"0,9";"0,13";"15,74";"1,3";"3,27";"33,26"
"Ibrahim Yalatif Diabaté";"I. Diabaté";"32353";"1999-11-17";"GAIS";"3534";"SWE - Allsvenskan";"90";"2025/2025";"128";"Midfield";"88,38";"49,51";"23,77";"25,75";"4";"0";"9532,0";"107,85";"1258,0";"437,0";"41,75";"94,0";"6,25";"531,0";"48,0";"28,18";"28,17";"96,5";"4,75";"86,0";"9,0";"3,25";"0,72";"0,81";"1,25";"1,41";"1,41";"27,0";"2,24";"null";"9706,81";"107,85";"1281,07";"445,01";"42,52";"95,72";"6,36";"540,74";"48,88";"98,27";"4,84";"87,58";"9,17";"3,31";"1,27";"27,5";"8301,54";"138,36";"1387,53";"503,51";"47,26";"106,03";"6,36";"609,54";"53,62";"84,52";"4,85";"67,56";"7,88";"2940,25";"123,71";"446,75";"272,75";"23,0";"60,25";"3,25";"333,0";"26,25";"31,5";"2,25";"24,25";"3,0";"1,5";"0,5";"11,5";"3910,25";"151,88";"698,25";"142,75";"16,0";"27,25";"2,0";"170,0";"18,0";"38,25";"1,75";"31,5";"3,5";"0,75";"0,0";"13,0";"3711,4";"123,71";"563,92";"344,28";"29,03";"76,05";"4,1";"420,34";"33,13";"39,76";"2,84";"30,61";"3,79";"1,89";"0,63";"14,52";"4556,37";"151,88";"813,63";"166,34";"18,64";"31,75";"2,33";"198,09";"20,97";"44,57";"2,04";"36,7";"4,08";"0,87";"0,0";"15,15";"0,61";"2,73";"29,69"
"David Moberg Karlsson";"D. Moberg Karlsson";"32573";"1994-03-20";"IFK Norrköping";"1484";"SWE - Allsvenskan";"90";"2025/2025";"128";"Center Forward";"77,78";"44,74";"18,0";"26,74";"3";"0";"9766,0";"125,55";"1511,33";"672,0";"62,0";"247,67";"13,67";"919,67";"75,67";"30,67";"30,67";"111,67";"8,0";"90,0";"17,33";"7,0";"0,69";"null";"2,67";"1,46";"null";"37,33";"2,15";"3,11";"11299,85";"125,55";"1748,7";"777,54";"71,74";"286,57";"15,81";"1064,11";"87,55";"129,21";"9,26";"104,14";"20,06";"8,1";"3,09";"43,2";"9434,02";"157,23";"1810,28";"832,28";"75,99";"298,58";"16,99";"1130,87";"92,97";"109,06";"5,81";"77,33";"14,75";"2773,33";"154,07";"486,67";"268,0";"27,33";"147,67";"7,0";"415,67";"34,33";"32,0";"2,67";"20,0";"4,0";"2,33";"1,33";"14,0";"4262,0";"159,36";"863,33";"352,67";"29,33";"75,0";"5,67";"427,67";"35,0";"49,33";"1,67";"37,67";"7,0";"1,33";"0,33";"21,67";"4622,22";"154,07";"811,11";"446,67";"45,56";"246,11";"11,67";"692,78";"57,22";"53,33";"4,44";"33,33";"6,67";"3,89";"2,22";"23,33";"4780,81";"159,36";"968,43";"395,6";"32,9";"84,13";"6,36";"479,73";"39,26";"55,34";"1,87";"42,25";"7,85";"1,5";"0,37";"24,3";"2,23";"4,92";"47,83"
"David Moberg Karlsson";"D. Moberg Karlsson";"32573";"1994-03-20";"IFK Norrköping";"1484";"SWE - Allsvenskan";"90";"2025/2025";"128";"Wide Attacker";"71,62";"39,38";"18,99";"20,39";"17";"0";"8605,47";"120,15";"1354,0";"629,35";"57,82";"224,88";"12,06";"854,24";"69,88";"30,02";"31,7";"90,29";"6,53";"72,53";"15,06";"4,53";"0,61";"0,67";"1,82";"1,23";"1,32";"37,53";"2,02";"2,77";"10813,82";"120,15";"1701,47";"790,86";"72,66";"282,59";"15,15";"1073,45";"87,82";"113,47";"8,21";"91,14";"18,92";"5,69";"2,29";"47,16";"9276,55";"154,61";"1834,5";"885,66";"81,46";"323,42";"15,77";"1209,08";"97,23";"100,82";"6,81";"70,53";"14,25";"2838,65";"149,48";"540,71";"283,12";"26,24";"110,59";"5,53";"393,71";"31,76";"31,29";"2,53";"20,0";"4,0";"1,65";"0,71";"16,88";"3250,53";"159,39";"663,47";"298,24";"27,24";"101,71";"4,82";"399,94";"32,06";"34,88";"1,94";"26,29";"5,35";"1,18";"0,35";"17,88";"4484,39";"149,48";"854,19";"447,26";"41,45";"174,7";"8,74";"621,96";"50,18";"49,44";"4,0";"31,6";"6,32";"2,6";"1,12";"26,67";"4781,57";"159,39";"975,97";"438,71";"40,06";"149,61";"7,1";"588,32";"47,16";"51,31";"2,86";"38,68";"7,87";"1,73";"0,52";"26,31";"1,61";"4,3";"52,96"
"David Kjær Kruse";"D. Kruse";"33045";"2002-05-15";"IFK Göteborg";"1480";"SWE - Allsvenskan";"90";"2025/2025";"128";"Midfield";"98,41";"53,49";"27,67";"25,82";"27";"2";"12086,52";"122,81";"1975,48";"544,96";"46,7";"103,52";"6,04";"648,48";"52,74";"26,77";"28,3";"128,22";"3,85";"111,41";"14,0";"2,19";"0,57";"0,57";"0,67";"1,23";"1,23";"30,63";"2,02";"2,69";"11053,22";"122,81";"1806,59";"498,37";"42,71";"94,67";"5,52";"593,04";"48,23";"117,26";"3,52";"101,88";"12,8";"2,0";"0,61";"28,01";"9658,55";"160,98";"2012,13";"565,76";"48,4";"111,25";"5,53";"677,01";"53,92";"104,89";"2,74";"82,42";"9,06";"4230,41";"152,89";"767,48";"106,89";"10,78";"17,59";"0,89";"124,48";"11,67";"43,67";"1,26";"35,52";"2,7";"0,52";"0,11";"10,04";"4380,7";"169,64";"1026,44";"397,52";"32,37";"81,59";"4,04";"479,11";"36,41";"49,85";"1,19";"37,96";"5,37";"0,78";"0,26";"18,85";"4586,57";"152,89";"832,1";"115,89";"11,69";"19,07";"0,96";"134,96";"12,65";"47,34";"1,37";"38,51";"2,93";"0,56";"0,12";"10,88";"5089,34";"169,64";"1192,48";"461,82";"37,61";"94,79";"4,69";"556,61";"42,3";"57,92";"1,38";"44,1";"6,24";"0,9";"0,3";"21,9";"0,42";"1,45";"32,4"
"Noel Milleskog";"N. Milleskog";"33883";"2002-05-08";"IK Sirius";"1487";"SWE - Allsvenskan";"90";"2025/2025";"128";"Wide Attacker";"49,89";"28,0";"12,59";"15,41";"9";"0";"6107,0";"122,42";"1113,44";"494,56";"43,78";"148,44";"7,78";"643,0";"51,56";"29,82";"31,18";"70,78";"5,56";"52,89";"13,22";"4,0";"0,65";"0,83";"1,22";"1,38";"null";"30,67";"1,94";"2,97";"11017,49";"122,42";"2008,74";"892,22";"78,98";"267,81";"14,03";"1160,02";"93,01";"127,69";"10,02";"95,42";"23,85";"7,22";"2,2";"55,32";"9301,63";"155,03";"2095,91";"943,45";"82,61";"292,1";"13,09";"1235,55";"95,7";"106,18";"6,67";"71,9";"18,09";"1842,11";"146,26";"354,33";"183,22";"16,67";"80,11";"3,11";"263,33";"19,78";"21,11";"1,44";"13,11";"2,89";"1,11";"0,33";"11,0";"2499,22";"162,19";"623,89";"257,11";"21,89";"56,22";"3,0";"313,33";"24,89";"28,44";"1,67";"20,44";"5,56";"1,11";"0,0";"16,89";"4387,91";"146,26";"844,02";"436,44";"39,7";"190,82";"7,41";"627,26";"47,11";"50,29";"3,44";"31,23";"6,88";"2,65";"0,79";"26,2";"4865,69";"162,19";"1214,64";"500,56";"42,62";"109,46";"5,84";"610,02";"48,46";"55,38";"3,24";"39,8";"10,82";"2,16";"0,0";"32,88";"0,71";"4,76";"59,75"
"Yahya Kalley";"Y. Kalley";"33885";"2001-03-20";"IFK Norrköping";"1484";"SWE - Allsvenskan";"90";"2025/2025";"128";"Full Back";"71,17";"38,41";"18,55";"19,86";"10";"0";"7385,5";"103,78";"981,7";"435,0";"43,8";"205,6";"9,7";"640,6";"53,5";"30,16";"31,5";"85,6";"6,0";"71,2";"13,6";"4,0";"0,6";"0,65";"1,8";"1,15";"null";"23,5";"1,98";"2,91";"9339,76";"103,78";"1241,47";"550,1";"55,39";"260,0";"12,27";"810,11";"67,66";"108,25";"7,59";"90,04";"17,2";"5,06";"2,28";"29,72";"8066,1";"134,43";"1342,27";"623,64";"59,36";"292,29";"12,81";"915,93";"72,17";"95,61";"6,72";"67,8";"11,25";"2354,1";"126,89";"391,2";"155,5";"14,9";"83,5";"3,4";"239,0";"18,3";"25,7";"2,4";"17,8";"3,0";"1,6";"0,6";"8,3";"2809,1";"141,48";"468,0";"243,7";"23,1";"103,6";"4,8";"347,3";"27,9";"35,5";"1,9";"25,6";"4,2";"1,2";"0,6";"13,4";"3806,83";"126,89";"632,61";"251,46";"24,09";"135,03";"5,5";"386,49";"29,59";"41,56";"3,88";"28,78";"4,85";"2,59";"0,97";"13,42";"4244,42";"141,48";"707,13";"368,22";"34,9";"156,53";"7,25";"524,75";"42,16";"53,64";"2,87";"38,68";"6,35";"1,81";"0,91";"20,25";"1,87";"4,37";"33,9"
"Axel Norén";"A. Norén";"33887";"1999-04-04";"Mjällby AIF";"1486";"SWE - Allsvenskan";"90";"2025/2025";"128";"Central Defender";"97,2";"55,33";"29,58";"25,75";"25";"3";"10520,72";"108,23";"1427,88";"432,0";"35,32";"95,68";"4,96";"527,68";"40,28";"27,6";"29,26";"118,96";"4,96";"92,48";"12,0";"2,48";"0,67";"0,75";"0,36";"1,64";"null";"24,68";"2,03";"2,68";"9740,94";"108,23";"1322,05";"399,98";"32,7";"88,59";"4,59";"488,57";"37,29";"110,14";"4,59";"85,63";"11,11";"2,3";"0,33";"22,85";"8184,32";"136,41";"1326,86";"413,93";"33,66";"93,73";"4,16";"507,67";"37,82";"91,74";"3,25";"67,28";"6,98";"3779,32";"127,75";"537,8";"106,72";"9,2";"19,6";"0,84";"126,32";"10,04";"37,32";"1,24";"29,96";"2,8";"0,36";"0,0";"6,08";"3768,08";"146,34";"685,8";"275,0";"21,84";"66,84";"3,0";"341,84";"24,84";"47,28";"1,76";"32,08";"3,64";"0,84";"0,2";"16,64";"3832,64";"127,75";"545,39";"108,23";"9,33";"19,88";"0,85";"128,1";"10,18";"37,85";"1,26";"30,38";"2,84";"0,37";"0,0";"6,17";"4390,34";"146,34";"799,05";"320,41";"25,45";"77,88";"3,5";"398,29";"28,94";"55,09";"2,05";"37,38";"4,24";"0,98";"0,23";"19,39";"0,22";"1,3";"24,64"
"Noah Söderberg";"N. Söderberg";"33900";"2001-08-21";"Östers IF";"4623";"SWE - Allsvenskan";"90";"2025/2025";"128";"Midfield";"83,22";"46,69";"21,0";"25,7";"12";"1";"10609,75";"127,49";"2109,92";"856,33";"72,42";"174,92";"10,5";"1031,25";"82,92";"27,73";"29,04";"123,58";"4,75";"105,08";"17,5";"2,92";"0,67";"0,74";"0,5";"1,78";"1,79";"43,0";"1,99";"2,65";"11474,4";"127,49";"2281,87";"926,12";"78,32";"189,17";"11,36";"1115,29";"89,67";"133,65";"5,14";"113,65";"18,93";"3,15";"0,54";"46,5";"10094,09";"168,23";"2467,79";"1036,8";"86,1";"218,03";"11,78";"1254,83";"97,88";"115,65";"3,86";"86,2";"13,49";"3414,42";"162,62";"808,17";"342,08";"28,5";"60,33";"3,33";"402,42";"31,83";"38,75";"1,33";"25,83";"3,42";"0,42";"0,0";"12,75";"4440,75";"172,82";"1112,25";"464,75";"38,5";"109,33";"5,83";"574,08";"44,33";"51,25";"1,67";"41,25";"7,08";"1,0";"0,0";"27,67";"4878,71";"162,62";"1154,75";"488,79";"40,72";"86,21";"4,76";"575,0";"45,49";"55,37";"1,91";"36,91";"4,88";"0,6";"0,0";"18,22";"5184,6";"172,82";"1298,56";"542,6";"44,95";"127,65";"6,81";"670,24";"51,76";"59,83";"1,95";"48,16";"8,27";"1,17";"0,0";"32,3";"0,0";"1,82";"51,94"
"André Boman";"A. Boman";"34880";"2001-11-15";"Halmstads BK";"1735";"SWE - Allsvenskan";"90";"2025/2025";"128";"Full Back";"87,04";"48,81";"21,76";"27,05";"13";"1";"10002,85";"114,92";"1472,46";"654,0";"56,0";"202,0";"11,69";"856,0";"67,69";"28,96";"30,02";"115,62";"5,69";"99,38";"16,69";"4,0";"0,69";"0,77";"1,23";"1,22";"null";"28,0";"2,0";"2,81";"10343,05";"114,92";"1522,54";"676,24";"57,9";"208,87";"12,09";"885,11";"69,99";"119,55";"5,89";"102,76";"17,26";"4,14";"1,27";"28,95";"8687,3";"144,79";"1582,9";"735,75";"60,42";"219,66";"11,73";"955,41";"72,15";"101,46";"4,44";"75,93";"11,73";"3034,46";"139,45";"521,0";"226,0";"18,46";"79,31";"3,46";"305,31";"21,92";"31,62";"1,62";"23,15";"3,69";"1,08";"0,31";"8,0";"4032,69";"149,08";"766,69";"372,54";"30,69";"99,38";"6,08";"471,92";"36,77";"50,92";"2,0";"38,62";"5,85";"1,23";"0,31";"17,77";"4183,49";"139,45";"718,28";"311,58";"25,45";"109,34";"4,77";"420,92";"30,22";"43,59";"2,23";"31,92";"5,09";"1,48";"0,42";"11,03";"4472,49";"149,08";"850,31";"413,17";"34,04";"110,22";"6,74";"523,39";"40,78";"56,48";"2,22";"42,83";"6,48";"1,36";"0,34";"19,71";"0,76";"2,84";"31,68"
"Áron Csongvai";"A. Csongvai";"35200";"2000-10-31";"AIK";"524";"SWE - Allsvenskan";"90";"2025/2025";"128";"Central Defender";"85,54";"46,66";"24,42";"22,24";"3";"0";"9809,33";"114,68";"1363,0";"376,33";"38,33";"138,33";"7,0";"514,67";"45,33";"30,47";"30,47";"104,0";"3,33";"80,0";"7,67";"1,67";"null";"null";"1,0";"null";"null";"22,67";"2,55";"null";"10320,92";"114,68";"1434,08";"395,96";"40,33";"145,55";"7,37";"541,51";"47,7";"109,42";"3,51";"84,17";"8,07";"1,75";"1,05";"23,85";"8828,1";"147,14";"1498,21";"422,67";"40,72";"147,04";"6,86";"569,71";"47,58";"90,02";"2,14";"67,3";"5,14";"3438,33";"140,82";"523,0";"112,0";"8,67";"19,33";"1,33";"131,33";"10,0";"29,33";"0,33";"23,33";"1,33";"0,0";"0,0";"4,67";"3426,33";"154,07";"642,0";"216,67";"23,0";"95,0";"4,0";"311,67";"27,0";"40,67";"1,33";"29,0";"2,67";"0,67";"0,33";"15,67";"4224,57";"140,82";"642,59";"137,61";"10,65";"23,75";"1,64";"161,37";"12,29";"36,04";"0,41";"28,67";"1,64";"0,0";"0,0";"5,73";"4622,08";"154,07";"866,05";"292,28";"31,03";"128,15";"5,4";"420,43";"36,42";"54,86";"1,8";"39,12";"3,6";"0,9";"0,45";"21,13";"0,43";"0,86";"26,15"
"Áron Csongvai";"A. Csongvai";"35200";"2000-10-31";"AIK";"524";"SWE - Allsvenskan";"90";"2025/2025";"128";"Midfield";"95,48";"48,31";"22,34";"25,97";"23";"0";"11768,35";"123,26";"1913,0";"622,78";"53,87";"176,35";"8,7";"799,13";"62,57";"28,95";"30,74";"115,43";"4,09";"96,13";"10,83";"2,57";"0,67";"0,67";"0,78";"1,3";"1,42";"35,48";"1,78";"2,72";"11093,28";"123,26";"1803,27";"587,06";"50,78";"166,23";"8,2";"753,29";"58,98";"108,81";"3,85";"90,62";"10,21";"2,42";"0,74";"33,44";"9969,36";"166,16";"2115,49";"704,78";"60,58";"201,02";"9,39";"905,8";"69,98";"100,91";"3,08";"75,38";"8,05";"3498,91";"156,59";"623,17";"143,48";"13,3";"27,87";"1,65";"171,35";"14,96";"31,39";"1,13";"23,91";"2,04";"0,3";"0,04";"9,0";"4528,83";"174,39";"1080,3";"424,04";"35,48";"134,0";"5,91";"558,04";"41,39";"49,87";"1,35";"36,78";"4,43";"0,91";"0,26";"23,65";"4697,59";"156,59";"836,66";"192,63";"17,86";"37,42";"2,22";"230,05";"20,08";"42,15";"1,52";"32,11";"2,74";"0,41";"0,06";"12,08";"5231,69";"174,39";"1247,97";"489,85";"40,98";"154,8";"6,83";"644,65";"47,82";"57,61";"1,56";"42,49";"5,12";"1,05";"0,3";"27,32";"0,38";"1,51";"40,55"
"Nasiru Moro";"N. Moro";"36922";"1996-09-24";"Degerfors IF";"1736";"SWE - Allsvenskan";"90";"2025/2025";"128";"Central Defender";"72,45";"39,12";"16,26";"22,86";"9";"0";"7631,33";"105,33";"850,22";"276,56";"27,67";"97,56";"4,89";"374,11";"32,56";"28,26";"29,56";"78,44";"2,89";"64,44";"5,89";"1,56";"0,75";"0,79";"0,22";"null";"null";"17,89";"2,46";"3,3";"9479,43";"105,33";"1056,12";"343,53";"34,37";"121,18";"6,07";"464,71";"40,44";"97,44";"3,59";"80,05";"7,32";"1,93";"0,28";"22,22";"8103,15";"135,05";"1106,11";"377,28";"37,49";"137,01";"6,48";"514,29";"43,96";"85,2";"3,07";"64,92";"5,45";"2172,0";"133,57";"272,78";"54,0";"5,67";"14,22";"0,67";"68,22";"6,33";"20,22";"0,67";"14,56";"1,0";"0,33";"0,11";"4,11";"3111,56";"136,11";"448,44";"192,0";"18,78";"75,11";"3,56";"267,11";"22,33";"35,33";"1,33";"27,78";"2,56";"0,44";"0,0";"12,33";"4007,11";"133,57";"503,25";"99,62";"10,45";"26,24";"1,23";"125,86";"11,68";"37,31";"1,23";"26,85";"1,84";"0,61";"0,2";"7,58";"4083,21";"136,11";"588,48";"251,96";"24,64";"98,57";"4,67";"350,52";"29,31";"46,37";"1,75";"36,45";"3,35";"0,58";"0,0";"16,18";"0,17";"1,19";"25,22"
"Lasse Berg Johnsen";"L. Berg Johnsen";"37894";"1999-08-18";"Malmo FF";"426";"SWE - Allsvenskan";"90";"2025/2025";"128";"Midfield";"90,22";"50,43";"29,05";"21,38";"22";"0";"10769,05";"119,36";"1858,0";"516,23";"43,23";"100,64";"5,0";"616,86";"48,23";"27,03";"28,78";"116,14";"3,32";"95,55";"9,82";"2,09";"0,71";"0,82";"0,5";"1,39";"1,76";"26,18";"1,95";"2,86";"10742,55";"119,36";"1853,43";"514,96";"43,12";"100,39";"4,99";"615,35";"48,11";"115,85";"3,31";"95,31";"9,79";"2,09";"0,5";"26,12";"9407,16";"156,79";"2042,42";"581,22";"48,13";"112,98";"4,71";"694,2";"52,84";"101,95";"2,49";"76,53";"6,92";"4449,68";"153,16";"959,91";"196,95";"16,55";"23,32";"1,18";"220,27";"17,73";"45,91";"0,95";"35,59";"2,55";"0,41";"0,0";"10,68";"3456,73";"161,71";"756,68";"291,55";"23,91";"71,64";"2,77";"363,18";"26,68";"39,77";"1,14";"28,73";"3,27";"0,77";"0,27";"13,73";"4594,84";"153,16";"991,22";"203,38";"17,09";"24,08";"1,22";"227,46";"18,31";"47,41";"0,99";"36,75";"2,63";"0,42";"0,0";"11,03";"4851,38";"161,71";"1061,97";"409,17";"33,56";"100,54";"3,89";"509,71";"37,45";"55,82";"1,59";"40,32";"4,59";"1,08";"0,38";"19,27";"0,32";"1,41";"29,04"
"Colin  Rösler";"C. Rösler";"38067";"2000-04-22";"Malmo FF";"426";"SWE - Allsvenskan";"90";"2025/2025";"128";"Central Defender";"94,95";"53,52";"29,77";"23,75";"23";"0";"10003,57";"105,36";"1355,74";"472,87";"38,78";"123,22";"6,61";"596,09";"45,39";"28,16";"30,08";"112,43";"5,48";"89,57";"10,74";"2,91";"0,64";"0,67";"0,57";"1,44";"1,45";"21,26";"2,01";"2,92";"9482,12";"105,36";"1285,07";"448,22";"36,76";"116,79";"6,26";"565,02";"43,03";"106,57";"5,19";"84,9";"10,18";"2,76";"0,54";"20,15";"8022,02";"133,7";"1274,51";"466,77";"38,17";"124,35";"5,95";"591,12";"44,11";"87,25";"4,0";"64,68";"6,14";"3712,48";"124,71";"511,91";"139,48";"11,65";"26,35";"1,57";"165,83";"13,22";"34,96";"1,52";"27,96";"2,17";"0,78";"0,09";"5,65";"3442,91";"144,96";"624,91";"276,87";"22,39";"84,57";"3,74";"361,43";"26,13";"42,87";"2,04";"29,74";"3,3";"1,22";"0,26";"13,26";"3741,4";"124,71";"515,9";"140,56";"11,74";"26,55";"1,58";"167,12";"13,32";"35,23";"1,53";"28,17";"2,19";"0,79";"0,09";"5,7";"4348,94";"144,96";"789,36";"349,73";"28,28";"106,82";"4,72";"456,55";"33,01";"54,15";"2,58";"37,57";"4,17";"1,54";"0,33";"16,75";"0,39";"2,24";"21,2"
"Rocco Ascone";"R. Ascone";"38086";"2003-09-12";"Halmstads BK";"1735";"SWE - Allsvenskan";"90";"2025/2025";"128";"Midfield";"75,65";"41,79";"19,28";"22,52";"10";"1";"9777,3";"129,24";"1783,6";"537,3";"43,1";"98,0";"6,1";"635,3";"49,2";"27,4";"28,84";"87,9";"3,1";"73,9";"7,7";"2,1";"0,67";"0,66";"0,5";"1,75";"1,75";"34,7";"1,94";"2,72";"11631,69";"129,24";"2121,88";"639,21";"51,27";"116,59";"7,26";"755,79";"58,53";"104,57";"3,69";"87,92";"9,16";"2,5";"0,59";"41,28";"10313,16";"171,89";"2363,72";"722,87";"57,57";"125,19";"6,6";"848,06";"64,18";"95,19";"2,58";"70,92";"6,46";"3191,7";"165,57";"680,2";"156,3";"11,5";"21,8";"1,2";"178,1";"12,7";"27,5";"1,1";"20,2";"1,9";"0,6";"0,3";"9,5";"3991,7";"177,29";"966,2";"347,2";"28,6";"65,4";"3,4";"412,6";"32,0";"38,8";"0,7";"29,2";"2,6";"0,5";"0,0";"23,6";"4967,2";"165,57";"1058,59";"243,25";"17,9";"33,93";"1,87";"277,17";"19,76";"42,8";"1,71";"31,44";"2,96";"0,93";"0,47";"14,78";"5318,72";"177,29";"1287,41";"462,62";"38,11";"87,14";"4,53";"549,77";"42,64";"51,7";"0,93";"38,91";"3,46";"0,67";"0,0";"31,45";"0,43";"1,58";"47,52"
"Oskar Fallenius";"O. Fallenius";"39596";"2001-11-01";"Djurgardens IF";"522";"SWE - Allsvenskan";"90";"2025/2025";"128";"Wide Attacker";"64,75";"35,57";"18,95";"16,61";"14";"1";"8243,64";"127,31";"1322,14";"603,21";"60,86";"310,5";"14,57";"913,71";"75,43";"31,22";"33,14";"86,86";"5,21";"70,5";"14,14";"4,36";"0,65";"0,72";"1,5";"1,21";"1,3";"39,29";"1,86";"2,7";"11457,92";"127,31";"1837,66";"838,41";"84,59";"431,57";"20,25";"1269,98";"104,84";"120,72";"7,25";"97,99";"19,66";"6,06";"2,08";"54,6";"9862,25";"164,37";"1975,27";"923,89";"91,46";"464,54";"22,29";"1388,43";"113,75";"105,8";"6,27";"75,8";"13,01";"3122,79";"164,75";"585,14";"328,57";"32,36";"195,43";"9,43";"524,0";"41,79";"35,57";"2,29";"23,43";"4,07";"1,79";"0,71";"20,93";"2723,14";"163,94";"585,71";"219,07";"21,86";"79,93";"3,79";"299,0";"25,64";"27,14";"1,43";"21,5";"3,64";"0,79";"0,21";"14,57";"4942,48";"164,75";"926,11";"520,04";"51,21";"309,31";"14,92";"829,34";"66,13";"56,3";"3,62";"37,08";"6,44";"2,83";"1,13";"33,12";"4918,17";"163,94";"1057,84";"395,66";"39,48";"144,36";"6,84";"540,01";"46,31";"49,02";"2,58";"38,83";"6,58";"1,42";"0,39";"26,32";"1,57";"4,34";"59,89"
"Ibrahima Breze Fofana";"I. Fofana";"40825";"2002-08-15";"Hammarby IF";"1478";"SWE - Allsvenskan";"90";"2025/2025";"128";"Central Defender";"88,83";"54,66";"35,14";"19,51";"3";"0";"10086,67";"113,55";"1204,0";"489,33";"48,0";"243,0";"11,0";"732,33";"59,0";"31,37";"31,37";"106,0";"6,0";"88,0";"11,67";"5,0";"0,74";"null";"2,67";"1,59";"null";"30,67";"2,51";"null";"10219,14";"113,55";"1219,81";"495,76";"48,63";"246,19";"11,14";"741,95";"59,77";"107,39";"6,08";"89,16";"11,82";"5,07";"2,7";"31,07";"8252,04";"137,53";"1184,87";"477,54";"47,2";"242,98";"10,61";"720,51";"57,82";"86,36";"4,39";"68,43";"8,05";"4525,0";"128,75";"517,33";"164,33";"16,0";"67,0";"3,0";"231,33";"19,0";"41,0";"1,0";"37,67";"4,0";"0,67";"0,33";"10,67";"2992,0";"153,35";"562,0";"270,67";"27,0";"154,33";"6,67";"425,0";"33,67";"37,67";"3,0";"24,67";"3,33";"3,0";"1,67";"16,67";"3862,63";"128,75";"441,61";"140,28";"13,66";"57,19";"2,56";"197,47";"16,22";"35,0";"0,85";"32,15";"3,41";"0,57";"0,28";"9,11";"4600,46";"153,35";"864,12";"416,17";"41,51";"237,3";"10,25";"653,47";"51,77";"57,92";"4,61";"37,93";"5,13";"4,61";"2,56";"25,63";"2,2";"4,03";"30,01"
"Ibrahima Breze Fofana";"I. Fofana";"40825";"2002-08-15";"Hammarby IF";"1478";"SWE - Allsvenskan";"90";"2025/2025";"128";"Full Back";"80,3";"45,31";"25,67";"19,64";"6";"0";"9654,17";"120,23";"1573,0";"696,5";"69,17";"295,33";"17,17";"991,83";"86,33";"29,92";"30,34";"111,17";"7,17";"89,5";"22,5";"5,0";"0,67";"0,69";"2,0";"1,31";"1,33";"40,0";"1,97";"2,74";"10820,74";"120,23";"1763,07";"780,66";"77,52";"331,02";"19,24";"1111,68";"96,77";"124,6";"8,03";"100,31";"25,22";"5,6";"2,24";"44,83";"9187,93";"153,13";"1829,69";"852,6";"83,43";"364,83";"20,75";"1217,44";"104,18";"105,72";"7,06";"78,79";"16,33";"3880,33";"151,17";"727,67";"336,5";"35,33";"161,83";"9,67";"498,33";"45,0";"43,33";"2,83";"33,67";"7,0";"2,0";"0,5";"17,83";"3057,83";"155,7";"654,0";"307,33";"27,67";"113,67";"6,0";"421,0";"33,67";"36,5";"2,5";"25,83";"5,33";"1,83";"1,33";"18,5";"4534,96";"151,17";"850,43";"393,27";"41,29";"189,14";"11,3";"582,4";"52,59";"50,64";"3,31";"39,35";"8,18";"2,34";"0,58";"20,84";"4671,09";"155,7";"999,04";"469,48";"42,26";"173,64";"9,17";"643,11";"51,43";"55,76";"3,82";"39,46";"8,15";"2,8";"2,04";"28,26";"2,43";"5,08";"48,11"
"Marius Lode";"M. Lode";"42315";"1993-03-11";"BK Hacken";"523";"SWE - Allsvenskan";"90";"2025/2025";"128";"Central Defender";"86,12";"50,16";"27,64";"22,52";"23";"2";"9265,61";"107,59";"1178,7";"347,78";"33,74";"111,74";"6,09";"459,52";"39,83";"29,37";"31,14";"103,17";"5,87";"83,43";"11,13";"3,43";"0,61";"0,77";"1,17";"1,22";"1,42";"20,09";"2,12";"2,87";"9683,19";"107,59";"1231,82";"363,46";"35,26";"116,77";"6,36";"480,23";"41,62";"107,82";"6,13";"87,19";"11,63";"3,59";"1,23";"20,99";"8106,19";"135,1";"1233,89";"374,04";"35,83";"120,09";"5,72";"494,13";"41,55";"89,77";"4,21";"68,44";"7,07";"3573,35";"129,27";"482,91";"87,26";"8,87";"23,22";"1,3";"110,48";"10,17";"33,26";"1,26";"27,26";"2,57";"0,48";"0,09";"6,22";"3203,35";"142,27";"548,61";"225,43";"21,09";"77,17";"3,48";"302,61";"24,57";"41,78";"2,26";"29,96";"3,35";"1,3";"0,61";"12,04";"3877,96";"129,27";"524,08";"94,7";"9,63";"25,2";"1,42";"119,9";"11,04";"36,1";"1,37";"29,58";"2,78";"0,52";"0,09";"6,75";"4268,11";"142,27";"730,96";"300,37";"28,1";"102,83";"4,63";"403,19";"32,73";"55,67";"3,01";"39,91";"4,46";"1,74";"0,81";"16,05";"0,83";"2,13";"21,84"
"Gísli Eyjólfsson";"G. Eyjólfsson";"49602";"1994-05-31";"Halmstads BK";"1735";"SWE - Allsvenskan";"90";"2025/2025";"128";"Midfield";"71,96";"41,3";"18,08";"23,22";"8";"0";"8856,62";"123,08";"1476,62";"458,25";"38,75";"92,12";"5,38";"550,38";"44,12";"27,04";"27,78";"94,88";"3,5";"82,5";"10,38";"2,0";"0,69";"0,8";"1,0";"1,3";"1,81";"27,88";"2,09";"2,74";"11077,19";"123,08";"1846,85";"573,14";"48,47";"115,22";"6,72";"688,37";"55,19";"118,66";"4,38";"103,18";"12,98";"2,5";"1,25";"34,86";"9529,54";"158,83";"1977,24";"641,22";"52,48";"126,76";"6,36";"767,98";"58,84";"102,42";"3,27";"79,18";"9,26";"2775,38";"153,49";"501,25";"150,62";"13,38";"40,88";"1,62";"191,5";"15,0";"25,75";"1,12";"20,0";"2,0";"0,62";"0,12";"9,75";"3784,12";"162,98";"859,75";"290,75";"22,75";"46,38";"2,75";"337,12";"25,5";"44,75";"1,12";"34,5";"4,38";"0,38";"0,25";"16,62";"4604,84";"153,49";"831,66";"249,91";"22,19";"67,82";"2,7";"317,73";"24,89";"42,72";"1,87";"33,18";"3,32";"1,04";"0,21";"16,18";"4889,31";"162,98";"1110,85";"375,67";"29,39";"59,92";"3,55";"435,59";"32,95";"57,82";"1,45";"44,58";"5,65";"0,48";"0,32";"21,48";"0,54";"1,45";"38,32"
"Gísli Eyjólfsson";"G. Eyjólfsson";"49602";"1994-05-31";"Halmstads BK";"1735";"SWE - Allsvenskan";"90";"2025/2025";"128";"Wide Attacker";"62,16";"32,83";"13,81";"19,03";"6";"0";"7127,33";"114,66";"1087,17";"425,0";"40,33";"105,0";"6,5";"530,0";"46,83";"27,47";"27,74";"76,5";"6,33";"63,17";"15,67";"4,33";"0,69";"0,82";"0,5";"1,75";"null";"28,67";"2,08";"2,68";"10319,77";"114,66";"1574,13";"615,36";"58,4";"152,03";"9,41";"767,4";"67,81";"110,77";"9,17";"91,46";"22,68";"6,27";"0,72";"41,51";"9176,65";"152,94";"1817,97";"727,01";"68,83";"177,87";"9,44";"904,87";"78,27";"102,34";"7,92";"75,84";"17,97";"2152,67";"155,93";"423,83";"177,17";"17,17";"51,67";"2,67";"228,83";"19,83";"25,0";"2,0";"17,33";"2,83";"1,67";"0,0";"13,0";"2869,0";"150,78";"571,0";"220,67";"20,5";"45,67";"2,5";"266,33";"23,0";"31,0";"2,33";"24,17";"7,0";"1,33";"0,33";"14,83";"4677,83";"155,93";"921,01";"384,99";"37,3";"112,27";"5,79";"497,26";"43,1";"54,33";"4,35";"37,67";"6,16";"3,62";"0,0";"28,25";"4523,39";"150,78";"900,26";"347,91";"32,32";"72,0";"3,94";"419,91";"36,26";"48,88";"3,68";"38,1";"11,04";"2,1";"0,53";"23,39";"0,61";"5,48";"50,86"
"Júlíus Magnússon";"J. Magnússon";"49682";"1998-06-28";"IF Elfsborg";"1483";"SWE - Allsvenskan";"90";"2025/2025";"128";"Center Forward";"93,92";"52,42";"28,55";"23,88";"4";"0";"12256,5";"130,5";"2418,75";"999,5";"90,0";"223,5";"14,75";"1223,0";"104,75";"27,35";"27,35";"157,25";"7,5";"129,5";"20,0";"3,75";"0,85";"0,9";"0,75";"null";"null";"72,0";"2,04";"2,84";"11744,84";"130,5";"2317,78";"957,77";"86,24";"214,17";"14,13";"1171,94";"100,38";"150,69";"7,19";"124,09";"19,17";"3,59";"0,72";"68,99";"10347,35";"172,46";"2542,78";"1046,35";"93,56";"243,2";"15,74";"1289,56";"109,3";"133,33";"4,29";"94,71";"14,88";"4697,0";"164,54";"1047,5";"428,0";"42,0";"116,75";"7,0";"544,75";"49,0";"61,75";"2,5";"41,5";"6,0";"1,0";"0,25";"25,25";"4344,0";"181,92";"1174,25";"486,25";"39,75";"95,75";"6,75";"582,0";"46,5";"54,75";"1,25";"41,25";"7,0";"0,5";"0,25";"42,25";"4936,27";"164,54";"1100,86";"449,8";"44,14";"122,7";"7,36";"572,5";"51,5";"64,9";"2,63";"43,61";"6,31";"1,05";"0,26";"26,54";"5457,48";"181,92";"1475,24";"610,89";"49,94";"120,29";"8,48";"731,18";"58,42";"68,78";"1,57";"51,82";"8,79";"0,63";"0,31";"53,08";"0,57";"1,72";"77,25"
"Júlíus Magnússon";"J. Magnússon";"49682";"1998-06-28";"IF Elfsborg";"1483";"SWE - Allsvenskan";"90";"2025/2025";"128";"Midfield";"81,79";"46,24";"22,48";"23,75";"10";"0";"10605,5";"129,67";"2080,6";"806,5";"68,5";"160,2";"10,0";"966,7";"78,5";"26,94";"27,62";"124,9";"4,5";"106,1";"16,2";"2,5";"0,68";"0,79";"0,9";"1,4";"null";"52,7";"1,98";"2,66";"11670,31";"129,67";"2289,5";"887,47";"75,38";"176,28";"11,0";"1063,76";"86,38";"137,44";"4,95";"116,75";"17,83";"2,75";"0,99";"57,99";"10219,57";"170,33";"2495,85";"979,71";"81,23";"198,02";"11,68";"1177,72";"92,91";"119,25";"3,76";"89,54";"13,5";"3609,6";"160,53";"824,7";"241,0";"20,9";"29,9";"1,8";"270,9";"22,7";"39,0";"1,7";"29,8";"3,3";"0,5";"0,2";"15,5";"4266,0";"179,6";"1098,7";"514,0";"41,7";"122,7";"7,2";"636,7";"48,9";"52,9";"1,2";"39,2";"7,1";"1,0";"0,1";"32,8";"4816,01";"160,53";"1100,33";"321,55";"27,89";"39,89";"2,4";"361,44";"30,29";"52,03";"2,27";"39,76";"4,4";"0,67";"0,27";"20,68";"5387,88";"179,6";"1387,64";"649,17";"52,67";"154,97";"9,09";"804,14";"61,76";"66,81";"1,52";"49,51";"8,97";"1,26";"0,13";"41,43";"0,39";"1,95";"62,68"
"Gabriel Dal Toé Busanello";"Busanello";"53096";"1998-10-29";"Malmo FF";"426";"SWE - Allsvenskan";"90";"2025/2025";"128";"Central Defender";"100,67";"52,66";"27,54";"25,12";"3";"0";"10429,67";"103,61";"1325,33";"385,67";"41,0";"177,0";"9,67";"562,67";"50,67";"30,27";"30,27";"110,0";"5,0";"82,33";"14,67";"3,0";"0,75";"null";"1,33";"null";"null";"22,0";"null";"null";"9324,54";"103,61";"1184,9";"344,8";"36,66";"158,25";"8,64";"503,05";"45,3";"98,34";"4,47";"73,61";"13,11";"2,68";"1,19";"19,67";"8122,98";"135,38";"1291,79";"384,38";"39,88";"196,75";"8,74";"581,14";"48,62";"88,12";"3,8";"60,77";"8,36";"3593,67";"130,49";"537,67";"135,33";"13,67";"59,0";"2,67";"194,33";"16,33";"36,0";"1,0";"25,33";"3,33";"0,33";"0,0";"6,67";"3535,0";"140,74";"596,0";"202,0";"21,33";"113,67";"5,0";"315,67";"26,33";"41,33";"2,33";"28,0";"4,0";"1,67";"0,67";"12,0";"3914,83";"130,49";"585,72";"147,43";"14,89";"64,27";"2,9";"211,7";"17,79";"39,22";"1,09";"27,6";"3,63";"0,36";"0,0";"7,26";"4222,3";"140,74";"711,88";"241,27";"25,48";"135,77";"5,97";"377,04";"31,45";"49,37";"2,79";"33,44";"4,78";"1,99";"0,8";"14,33";"0,76";"2,28";"21,27"
"Gabriel Dal Toé Busanello";"Busanello";"53096";"1998-10-29";"Malmo FF";"426";"SWE - Allsvenskan";"90";"2025/2025";"128";"Full Back";"92,95";"52,57";"29,66";"22,91";"25";"0";"10108,72";"108,76";"1345,56";"551,6";"50,2";"187,68";"9,96";"739,28";"60,16";"28,85";"30,46";"105,4";"6,64";"88,56";"16,36";"3,68";"0,66";"0,67";"1,32";"1,21";"1,37";"25,08";"2,0";"2,8";"9788,18";"108,76";"1302,89";"534,11";"48,61";"181,73";"9,64";"715,84";"58,25";"102,06";"6,43";"85,75";"15,84";"3,56";"1,28";"24,28";"8274,37";"137,91";"1370,31";"588,64";"52,18";"196,37";"9,86";"785,0";"62,05";"88,16";"5,02";"65,01";"10,5";"3900,84";"131,52";"598,76";"235,0";"21,84";"94,36";"4,6";"329,36";"26,44";"36,48";"2,24";"28,4";"4,4";"1,12";"0,32";"9,08";"3348,52";"146,17";"601,8";"280,72";"23,88";"77,68";"4,04";"358,4";"27,92";"40,76";"2,16";"28,56";"4,8";"1,32";"0,56";"14,36";"3945,64";"131,52";"605,64";"237,7";"22,09";"95,44";"4,65";"333,14";"26,74";"36,9";"2,27";"28,73";"4,45";"1,13";"0,32";"9,18";"4385,18";"146,17";"788,11";"367,63";"31,27";"101,73";"5,29";"469,36";"36,56";"53,38";"2,83";"37,4";"6,29";"1,73";"0,73";"18,81";"1,0";"2,78";"26,75"
"Amor Layouni";"A. Layouni";"54517";"1992-10-03";"BK Hacken";"523";"SWE - Allsvenskan";"90";"2025/2025";"128";"Wide Attacker";"74,95";"44,95";"24,74";"20,2";"17";"2";"8565,76";"114,28";"1187,12";"560,53";"57,24";"267,12";"13,06";"827,65";"70,29";"31,42";"33,5";"88,24";"6,82";"71,59";"15,59";"5,41";"0,62";"0,68";"2,82";"1,16";"1,38";"29,41";"1,97";"2,65";"10285,64";"114,28";"1425,47";"673,08";"68,73";"320,75";"15,68";"993,83";"84,41";"105,95";"8,19";"85,96";"18,72";"6,5";"3,39";"35,32";"8423,22";"140,39";"1417,65";"700,15";"70,12";"331,54";"15,71";"1031,69";"85,83";"90,15";"6,75";"63,92";"12,8";"3376,35";"136,46";"534,35";"298,12";"31,59";"176,12";"8,12";"474,24";"39,71";"39,47";"3,41";"25,65";"4,76";"2,59";"1,59";"15,65";"2933,35";"145,2";"527,59";"226,35";"20,94";"72,24";"3,65";"298,59";"24,59";"28,06";"1,65";"22,24";"4,82";"1,0";"0,29";"11,65";"4093,68";"136,46";"647,88";"361,45";"38,3";"213,54";"9,84";"574,99";"48,14";"47,86";"4,14";"31,1";"5,78";"3,14";"1,93";"18,97";"4356,04";"145,2";"783,47";"336,14";"31,1";"107,27";"5,42";"443,4";"36,51";"41,67";"2,45";"33,02";"7,16";"1,49";"0,44";"17,3";"2,51";"4,79";"36,44"
"Brice Wembangomo";"B. Wembangomo";"54588";"1996-12-18";"BK Hacken";"523";"SWE - Allsvenskan";"90";"2025/2025";"128";"Full Back";"62,63";"39,81";"23,85";"15,95";"5";"0";"7313,0";"116,77";"1050,6";"555,0";"55,2";"311,4";"14,6";"866,4";"69,8";"31,16";"31,16";"81,2";"8,6";"66,8";"16,4";"6,6";"0,65";"0,75";"3,0";"1,24";"null";"29,0";"2,22";"3,03";"10508,86";"116,77";"1509,72";"797,54";"79,32";"447,49";"20,98";"1245,03";"100,3";"116,69";"12,36";"95,99";"23,57";"9,48";"4,31";"41,67";"8485,71";"141,43";"1428,91";"782,88";"72,95";"460,02";"19,59";"1242,91";"92,55";"96,77";"9,04";"68,13";"16,28";"3215,0";"134,78";"481,8";"257,8";"25,4";"166,8";"6,8";"424,6";"32,2";"35,0";"4,6";"24,2";"6,0";"3,4";"2,0";"13,0";"2414,8";"151,37";"466,2";"261,6";"23,0";"138,4";"6,2";"400,0";"29,2";"29,2";"1,4";"21,0";"4,8";"1,2";"0,4";"14,4";"4043,46";"134,78";"605,95";"324,23";"31,95";"209,78";"8,55";"534,01";"40,5";"44,02";"5,79";"30,44";"7,55";"4,28";"2,52";"16,35";"4540,99";"151,37";"876,68";"491,93";"43,25";"260,26";"11,66";"752,19";"54,91";"54,91";"2,63";"39,49";"9,03";"2,26";"0,75";"27,08";"3,62";"6,93";"41,3"
"Sebastian Tounekti";"S. Tounekti";"58597";"2002-07-13";"Hammarby IF";"1478";"SWE - Allsvenskan";"90";"2025/2025";"128";"Wide Attacker";"80,07";"46,9";"29,18";"17,72";"17";"2";"9372,76";"117,06";"1457,71";"724,06";"72,0";"330,35";"17,24";"1054,41";"89,24";"30,04";"31,3";"110,82";"9,12";"83,71";"25,88";"7,53";"0,6";"0,64";"2,47";"1,27";"1,33";"51,94";"1,88";"2,7";"10535,45";"117,06";"1638,53";"813,88";"80,93";"371,33";"19,37";"1185,21";"100,3";"124,57";"10,25";"94,09";"29,09";"8,46";"2,78";"58,38";"8816,43";"146,94";"1698,23";"860,17";"84,13";"396,11";"19,79";"1256,29";"103,92";"104,22";"7,68";"69,83";"18,74";"4087,94";"140,09";"747,94";"402,47";"40,47";"198,18";"10,29";"600,65";"50,76";"51,29";"3,82";"34,29";"8,35";"3,06";"1,18";"28,53";"2804,0";"158,22";"579,59";"269,94";"25,29";"111,47";"5,18";"381,41";"30,47";"30,18";"2,18";"20,29";"6,29";"1,76";"0,41";"19,24";"4202,76";"140,09";"768,95";"413,78";"41,61";"203,74";"10,58";"617,52";"52,19";"52,73";"3,93";"35,26";"8,59";"3,14";"1,21";"29,33";"4746,5";"158,22";"981,1";"456,95";"42,82";"188,69";"8,76";"645,64";"51,58";"51,08";"3,68";"34,35";"10,65";"2,99";"0,7";"32,56";"2,03";"6,17";"61,1"
"Leo Walta";"L. Walta";"58962";"2003-06-24";"IK Sirius";"1487";"SWE - Allsvenskan";"90";"2025/2025";"128";"Midfield";"96,39";"54,62";"26,66";"27,96";"27";"0";"10917,11";"113,26";"1876,67";"653,11";"57,63";"176,63";"9,33";"829,74";"66,96";"28,4";"29,98";"130,07";"5,15";"115,7";"15,3";"3,07";"0,63";"0,7";"1,19";"1,26";"1,61";"39,89";"1,92";"2,61";"10193,76";"113,26";"1752,32";"609,84";"53,81";"164,93";"8,71";"774,76";"62,53";"121,46";"4,81";"108,04";"14,28";"2,87";"1,11";"37,25";"8796,12";"146,6";"1877,79";"681,01";"58,43";"181,46";"8,58";"862,47";"67,01";"105,09";"3,87";"83,98";"9,93";"3669,11";"137,63";"676,07";"265,56";"23,15";"91,26";"3,67";"356,81";"26,81";"43,67";"1,63";"33,22";"3,56";"1,0";"0,37";"12,63";"4338,07";"155,15";"1033,3";"354,37";"30,04";"73,93";"4,15";"428,3";"34,19";"52,0";"1,89";"43,22";"5,48";"1,11";"0,26";"24,52";"4128,99";"137,63";"760,81";"298,84";"26,05";"102,7";"4,13";"401,54";"30,18";"49,14";"1,83";"37,39";"4,0";"1,13";"0,42";"14,21";"4654,61";"155,15";"1108,69";"380,23";"32,23";"79,32";"4,45";"459,55";"36,68";"55,79";"2,03";"46,38";"5,88";"1,19";"0,28";"26,31";"0,69";"2,32";"40,81"
"Leo Walta";"L. Walta";"58962";"2003-06-24";"IK Sirius";"1487";"SWE - Allsvenskan";"90";"2025/2025";"128";"Wide Attacker";"100,55";"55,21";"30,72";"24,49";"3";"0";"10999,33";"109,39";"1688,67";"609,33";"56,67";"179,67";"10,33";"789,0";"67,0";"27,6";"27,6";"121,33";"5,33";"103,67";"15,0";"3,67";"0,78";"0,88";"0,67";"null";"null";"41,0";"2,3";"null";"9845,25";"109,39";"1511,49";"545,4";"50,72";"160,82";"9,25";"706,22";"59,97";"108,6";"4,77";"92,79";"13,43";"3,28";"0,6";"36,7";"8481,76";"141,36";"1662,15";"611,17";"55,43";"171,0";"9,42";"782,17";"64,85";"92,02";"3,62";"76,08";"9,06";"4220,33";"137,4";"742,0";"284,67";"28,33";"106,33";"5,0";"391,0";"33,33";"55,0";"1,67";"43,0";"3,67";"1,33";"0,33";"19,0";"3583,67";"146,34";"787,33";"277,67";"22,67";"51,0";"3,67";"328,67";"26,33";"29,67";"1,67";"27,0";"4,67";"1,0";"0,33";"19,33";"4121,87";"137,4";"724,69";"278,02";"27,67";"103,85";"4,88";"381,88";"32,56";"53,72";"1,63";"42,0";"3,58";"1,3";"0,33";"18,56";"4390,15";"146,34";"964,52";"340,15";"27,77";"62,48";"4,49";"402,63";"32,26";"36,34";"2,04";"33,08";"5,72";"1,23";"0,41";"23,68";"0,72";"2,54";"41,66"
"Victor Stange Lind";"V. Lind";"60632";"2003-07-12";"IF Brommapojkarna";"2941";"SWE - Allsvenskan";"90";"2025/2025";"128";"Center Forward";"79,95";"47,49";"21,02";"26,47";"4";"0";"9780,25";"122,32";"1459,25";"599,75";"61,25";"252,0";"15,0";"851,75";"76,25";"30,2";"30,2";"101,25";"7,0";"87,5";"18,0";"4,25";"0,69";"null";"1,25";"1,72";"null";"39,75";"2,08";"2,77";"11009,09";"122,32";"1642,6";"675,11";"68,95";"283,66";"16,88";"958,77";"85,83";"113,97";"7,88";"98,49";"20,26";"4,78";"1,41";"44,74";"9212,88";"153,55";"1687,56";"704,02";"72,96";"288,68";"16,74";"992,7";"89,7";"93,49";"6,63";"74,54";"13,27";"3125,5";"148,69";"569,75";"255,25";"25,25";"109,0";"6,25";"364,25";"31,5";"36,0";"2,5";"23,75";"4,25";"1,5";"0,5";"15,75";"4166,75";"157,41";"766,0";"302,0";"32,5";"119,5";"7,0";"421,5";"39,5";"38,0";"2,75";"35,25";"6,25";"1,75";"0,5";"22,25";"4460,57";"148,69";"813,12";"364,28";"36,04";"155,56";"8,92";"519,84";"44,96";"51,38";"3,57";"33,89";"6,07";"2,14";"0,71";"22,48";"4722,27";"157,41";"868,13";"342,26";"36,83";"135,43";"7,93";"477,7";"44,77";"43,07";"3,12";"39,95";"7,08";"1,98";"0,57";"25,22";"1,26";"4,11";"48,01"
"Victor Stange Lind";"V. Lind";"60632";"2003-07-12";"IF Brommapojkarna";"2941";"SWE - Allsvenskan";"90";"2025/2025";"128";"Wide Attacker";"84,65";"49,95";"22,74";"27,21";"19";"1";"10182,16";"120,29";"1599,53";"697,53";"69,68";"254,11";"15,32";"951,63";"85,0";"29,73";"30,94";"110,05";"7,63";"88,79";"21,47";"5,42";"0,6";"0,65";"2,58";"1,15";"1,2";"44,05";"1,89";"2,68";"10825,8";"120,29";"1700,64";"741,62";"74,09";"270,17";"16,28";"1011,79";"90,37";"117,01";"8,11";"94,4";"22,83";"5,76";"2,74";"46,84";"8977,84";"149,63";"1742,88";"783,79";"76,37";"288,09";"16,12";"1071,88";"92,49";"100,77";"6,07";"70,99";"15,62";"3415,84";"150,19";"654,26";"348,42";"32,37";"157,47";"7,79";"505,89";"40,16";"40,0";"2,47";"25,11";"5,21";"1,79";"0,95";"18,16";"4058,47";"149,17";"796,74";"304,11";"31,21";"82,37";"5,63";"386,47";"36,84";"43,89";"2,58";"34,0";"7,79";"1,53";"0,68";"23,37";"4505,62";"150,19";"863,0";"459,58";"42,7";"207,71";"10,27";"667,29";"52,97";"52,76";"3,26";"33,11";"6,87";"2,36";"1,25";"23,95";"4474,96";"149,17";"878,5";"335,31";"34,41";"90,82";"6,21";"426,13";"40,62";"48,4";"2,84";"37,49";"8,59";"1,68";"0,75";"25,77";"1,96";"3,98";"49,88"
"Miro Tenho";"M. Tenho";"60666";"1995-04-02";"Djurgardens IF";"522";"SWE - Allsvenskan";"90";"2025/2025";"128";"Central Defender";"88,86";"47,96";"25,45";"22,51";"19";"2";"9094,84";"102,36";"1103,84";"359,79";"33,37";"116,95";"5,53";"476,74";"38,89";"28,56";"31,3";"99,84";"4,58";"77,89";"10,11";"2,47";"0,68";"0,7";"0,58";"1,41";"null";"16,84";"2,11";"2,74";"9212,01";"102,36";"1118,06";"364,42";"33,8";"118,45";"5,6";"482,88";"39,4";"101,13";"4,64";"78,9";"10,24";"2,51";"0,59";"17,06";"7891,36";"131,52";"1175,51";"397,3";"36,87";"133,2";"5,0";"530,5";"41,88";"86,58";"3,49";"63,67";"6,58";"3106,89";"122,07";"373,32";"93,32";"9,37";"23,58";"0,95";"116,89";"10,32";"30,05";"1,05";"23,79";"2,37";"0,47";"0,16";"4,37";"3201,0";"142,21";"566,32";"224,26";"20,11";"82,89";"3,05";"307,16";"23,16";"39,16";"1,74";"27,11";"2,89";"0,79";"0,16";"11,16";"3662,23";"122,07";"440,04";"110,0";"11,04";"27,79";"1,12";"137,79";"12,16";"35,42";"1,24";"28,04";"2,79";"0,56";"0,19";"5,15";"4266,17";"142,21";"754,76";"298,89";"26,8";"110,48";"4,07";"409,37";"30,86";"52,19";"2,31";"36,12";"3,86";"1,05";"0,21";"14,87";"0,4";"1,58";"19,42"
"Sebastian Starke Hedlund";"S. Starke Hedlund";"60720";"1995-04-05";"Östers IF";"4623";"SWE - Allsvenskan";"90";"2025/2025";"128";"Central Defender";"107,88";"53,89";"22,78";"31,11";"3";"0";"10543,33";"97,73";"1241,0";"442,67";"39,0";"103,67";"5,67";"546,33";"44,67";"28,03";"28,03";"121,67";"6,33";"95,0";"13,33";"5,0";"0,8";"0,8";"1,0";"null";"null";"25,67";"null";"3,25";"8796,07";"97,73";"1035,34";"369,31";"32,54";"86,49";"4,73";"455,79";"37,26";"101,5";"5,28";"79,26";"11,12";"4,17";"0,83";"21,41";"7954,14";"132,57";"1153,11";"420,87";"37,48";"110,97";"4,82";"531,84";"42,31";"93,9";"4,08";"71,63";"8,16";"3180,33";"139,59";"476,33";"118,33";"11,0";"14,0";"0,67";"132,33";"11,67";"31,33";"1,33";"23,0";"2,33";"1,0";"0,0";"5,67";"3963,67";"127,43";"559,33";"259,67";"22,67";"85,67";"3,67";"345,33";"26,33";"53,0";"2,33";"41,33";"5,0";"1,33";"0,67";"14,0";"4187,71";"139,59";"627,21";"155,82";"14,48";"18,43";"0,88";"174,25";"15,36";"41,26";"1,76";"30,29";"3,07";"1,32";"0,0";"7,46";"3822,79";"127,43";"539,45";"250,44";"21,86";"82,62";"3,54";"333,06";"25,4";"51,12";"2,25";"39,86";"4,82";"1,29";"0,64";"13,5";"0,74";"2,6";"21,9"
"Taha Abdi Ali";"T. Ali";"61113";"1998-07-01";"Malmo FF";"426";"SWE - Allsvenskan";"90";"2025/2025";"128";"Center Forward";"73,34";"40,99";"22,95";"18,04";"10";"0";"8155,8";"111,2";"1034,1";"499,6";"58,1";"287,1";"16,1";"786,7";"74,2";"31,11";"31,6";"88,3";"8,1";"69,0";"17,8";"6,8";"0,56";"0,57";"2,7";"1,06";"1,21";"46,8";"1,75";"2,66";"10008,03";"111,2";"1268,95";"613,06";"71,29";"352,3";"19,76";"965,36";"91,05";"108,35";"9,94";"84,67";"21,84";"8,34";"3,31";"57,43";"8512,38";"141,87";"1352,64";"666,66";"76,71";"375,34";"20,64";"1042,0";"97,35";"92,37";"8,49";"65,73";"13,91";"3321,0";"144,72";"544,8";"311,6";"35,9";"204,1";"11,1";"515,7";"47,0";"41,5";"4,1";"26,6";"6,2";"3,5";"2,0";"27,7";"2493,9";"138,26";"379,2";"143,8";"16,5";"52,3";"3,0";"196,1";"19,5";"21,6";"1,7";"18,3";"3,3";"1,2";"0,2";"16,0";"4341,49";"144,72";"712,21";"407,35";"46,93";"266,82";"14,51";"674,17";"61,44";"54,25";"5,36";"34,77";"8,11";"4,58";"2,61";"36,21";"4147,67";"138,26";"630,66";"239,16";"27,44";"86,98";"4,99";"326,14";"32,43";"35,92";"2,83";"30,44";"5,49";"2,0";"0,33";"26,61";"3,22";"6,88";"63,97"
"Taha Abdi Ali";"T. Ali";"61113";"1998-07-01";"Malmo FF";"426";"SWE - Allsvenskan";"90";"2025/2025";"128";"Wide Attacker";"69,62";"37,75";"21,1";"16,65";"9";"0";"7926,78";"113,86";"1093,22";"507,89";"57,89";"267,22";"14,22";"775,11";"72,11";"30,59";"31,26";"86,89";"9,22";"68,67";"14,11";"8,11";"0,65";"0,67";"3,11";"1,2";"1,21";"43,22";"1,84";"2,68";"10247,69";"113,86";"1413,31";"656,6";"74,84";"345,46";"18,39";"1002,06";"93,22";"112,33";"11,92";"88,77";"18,24";"10,49";"4,02";"55,88";"8853,43";"147,56";"1557,19";"757,23";"82,12";"404,75";"19,95";"1161,97";"102,07";"101,36";"9,89";"68,16";"13,77";"3020,89";"143,17";"531,11";"311,22";"33,0";"193,56";"9,22";"504,78";"42,22";"37,0";"4,67";"22,78";"5,44";"4,33";"1,89";"25,0";"2549,67";"153,12";"448,67";"165,22";"18,67";"61,11";"3,33";"226,33";"22,0";"26,78";"1,56";"20,11";"3,22";"1,22";"0,22";"15,33";"4295,1";"143,17";"755,13";"442,5";"46,92";"275,2";"13,11";"717,69";"60,03";"52,61";"6,64";"32,39";"7,74";"6,16";"2,69";"35,55";"4593,48";"153,12";"808,32";"297,66";"33,63";"110,1";"6,01";"407,76";"39,64";"48,24";"2,8";"36,23";"5,81";"2,2";"0,4";"27,62";"3,36";"8,83";"64,1"
"Noah Shamoun";"N. Shamoun";"61116";"2002-12-08";"IFK Värnamo";"2394";"SWE - Allsvenskan";"90";"2025/2025";"128";"Midfield";"67,46";"39,84";"18,23";"21,61";"7";"1";"8266,71";"122,54";"1397,14";"525,29";"55,86";"235,0";"11,0";"760,29";"66,86";"30,49";"31,18";"95,43";"4,0";"83,0";"13,0";"3,0";"0,67";"0,7";"1,0";"1,41";"null";"34,71";"2,14";"2,77";"11028,51";"122,54";"1863,91";"700,78";"74,52";"313,51";"14,67";"1014,29";"89,19";"127,31";"5,34";"110,73";"17,34";"4,0";"1,33";"46,31";"9249,55";"154,16";"1922,62";"753,39";"77,45";"328,72";"14,84";"1082,11";"92,29";"105,2";"4,95";"83,69";"11,62";"2674,86";"146,72";"539,43";"227,0";"24,29";"125,43";"5,57";"352,43";"29,86";"30,0";"1,14";"23,14";"3,43";"0,57";"0,29";"12,29";"3467,29";"160,43";"737,29";"273,29";"27,14";"92,86";"4,29";"366,14";"31,43";"39,86";"2,14";"32,43";"4,29";"1,71";"0,29";"20,14";"4401,62";"146,72";"887,66";"373,54";"39,96";"206,4";"9,17";"579,94";"49,13";"49,37";"1,88";"38,08";"5,64";"0,94";"0,47";"20,22";"4813,02";"160,43";"1023,44";"379,35";"37,68";"128,9";"5,95";"508,25";"43,63";"55,33";"2,97";"45,01";"5,95";"2,38";"0,4";"27,96";"0,86";"3,44";"48,83"
"Noah Shamoun";"N. Shamoun";"61116";"2002-12-08";"IFK Värnamo";"2394";"SWE - Allsvenskan";"90";"2025/2025";"128";"Wide Attacker";"68,27";"40,74";"20,66";"20,08";"5";"0";"7923,2";"116,06";"1206,4";"581,6";"62,0";"317,4";"16,0";"899,0";"78,0";"32,1";"32,1";"95,0";"8,4";"71,8";"22,6";"6,8";"0,63";"0,65";"2,2";"1,3";"1,34";"43,6";"2,09";"2,84";"10445,62";"116,06";"1590,47";"766,76";"81,74";"418,45";"21,09";"1185,21";"102,83";"125,24";"11,07";"94,66";"29,79";"8,96";"2,9";"57,48";"8633,28";"143,89";"1639,47";"812,67";"83,65";"440,06";"20,03";"1252,72";"103,68";"103,68";"9,13";"65,39";"20,91";"2866,8";"138,76";"496,4";"239,4";"26,0";"166,0";"6,8";"405,4";"32,8";"35,2";"3,0";"21,0";"6,2";"2,4";"1,0";"18,8";"2995,2";"149,16";"616,8";"312,4";"30,8";"132,8";"6,8";"445,2";"37,6";"35,2";"3,2";"23,4";"8,0";"2,8";"0,6";"21,4";"4162,83";"138,76";"720,81";"347,63";"37,75";"241,05";"9,87";"588,67";"47,63";"51,11";"4,36";"30,49";"9,0";"3,48";"1,45";"27,3";"4474,9";"149,16";"921,51";"466,73";"46,02";"198,41";"10,16";"665,14";"56,18";"52,59";"4,78";"34,96";"11,95";"4,18";"0,9";"31,97";"2,36";"7,66";"59,2"
"Ivan Kričak";"I. Kričak";"61117";"1996-07-19";"Östers IF";"4623";"SWE - Allsvenskan";"90";"2025/2025";"128";"Central Defender";"94,15";"52,4";"25,46";"26,94";"25";"0";"9763,6";"103,7";"1177,6";"366,16";"33,44";"112,0";"5,6";"478,16";"39,04";"28,76";"30,88";"106,44";"5,48";"83,48";"11,2";"3,32";"0,65";"0,68";"0,88";"1,17";"1,27";"24,36";"1,97";"2,91";"9333,17";"103,7";"1125,69";"350,02";"31,97";"107,06";"5,35";"457,08";"37,32";"101,75";"5,24";"79,8";"10,71";"3,17";"0,84";"23,29";"7876,14";"131,27";"1144,81";"367,27";"33,75";"111,84";"4,81";"479,11";"38,56";"85,51";"3,8";"64,26";"6,6";"3287,56";"129,13";"462,16";"98,32";"9,44";"20,16";"0,96";"118,48";"10,4";"28,92";"1,12";"22,04";"2,44";"0,52";"0,16";"6,72";"3591,2";"133,29";"537,68";"222,44";"20,04";"77,52";"3,24";"299,96";"23,28";"45,76";"2,2";"34,08";"3,32";"1,4";"0,48";"14,6";"3873,79";"129,13";"544,57";"115,85";"11,12";"23,75";"1,13";"139,61";"12,25";"34,08";"1,32";"25,97";"2,88";"0,61";"0,19";"7,92";"3998,81";"133,29";"598,71";"247,69";"22,31";"86,32";"3,61";"334,01";"25,92";"50,95";"2,45";"37,95";"3,7";"1,56";"0,53";"16,26";"0,73";"2,2";"24,41"
"Herman Johansson";"H. Johansson";"61120";"1997-10-16";"Mjällby AIF";"1486";"SWE - Allsvenskan";"90";"2025/2025";"128";"Full Back";"82,15";"47,17";"25,25";"21,92";"25";"2";"9779,6";"119,04";"1441,56";"684,04";"64,52";"332,36";"16,32";"1016,4";"80,84";"31,46";"33,92";"105,32";"7,8";"88,64";"19,36";"5,76";"0,63";"0,67";"2,24";"1,27";"1,33";"33,64";"1,82";"2,71";"10713,67";"119,04";"1579,25";"749,37";"70,68";"364,1";"17,88";"1113,48";"88,56";"115,38";"8,54";"97,11";"21,21";"6,31";"2,45";"36,85";"8912,49";"148,54";"1609,67";"815,47";"74,28";"390,49";"18,42";"1205,95";"92,7";"97,13";"6,51";"71,03";"13,84";"3695,04";"146,33";"632,12";"356,76";"33,16";"222,8";"9,68";"579,56";"42,84";"37,24";"2,92";"26,88";"5,52";"2,04";"1,04";"13,68";"3311,96";"151,09";"633,4";"284,36";"25,24";"84,2";"4,8";"368,56";"30,04";"39,12";"2,2";"28,96";"5,36";"1,64";"0,48";"16,8";"4389,91";"146,33";"750,99";"423,85";"39,4";"264,7";"11,5";"688,55";"50,9";"44,24";"3,47";"31,93";"6,56";"2,42";"1,24";"16,25";"4532,65";"151,09";"866,85";"389,17";"34,54";"115,23";"6,57";"504,4";"41,11";"53,54";"3,01";"39,63";"7,34";"2,24";"0,66";"22,99";"1,93";"4,68";"38,77"
"Jusef Erabi";"J. Erabi";"61125";"2003-06-08";"Hammarby IF";"1478";"SWE - Allsvenskan";"90";"2025/2025";"128";"Center Forward";"76,74";"43,93";"26,32";"17,62";"11";"0";"8399,64";"109,45";"1201,91";"559,73";"58,18";"249,64";"13,91";"809,36";"72,09";"30,56";"31,44";"90,0";"8,64";"72,73";"18,45";"6,0";"0,63";"0,63";"1,45";"1,13";"1,34";"37,64";"2,0";"3,04";"9850,9";"109,45";"1409,57";"656,44";"68,23";"292,77";"16,31";"949,2";"84,55";"105,55";"10,13";"85,29";"21,64";"7,04";"1,71";"44,14";"8361,01";"139,35";"1484,95";"707,46";"71,89";"317,35";"15,89";"1024,81";"87,78";"89,02";"7,08";"64,31";"15,02";"3436,91";"130,61";"580,09";"248,82";"26,45";"116,18";"5,82";"365,0";"32,27";"39,64";"2,91";"27,73";"5,64";"1,91";"0,73";"17,27";"2685,0";"152,41";"507,18";"269,18";"26,18";"116,18";"5,82";"385,36";"32,0";"25,55";"2,27";"19,36";"5,36";"1,64";"0,18";"17,45";"3918,17";"130,61";"661,32";"283,66";"30,16";"132,45";"6,63";"416,11";"36,79";"45,19";"3,32";"31,61";"6,43";"2,18";"0,83";"19,69";"4572,37";"152,41";"863,7";"458,4";"44,59";"197,85";"9,91";"656,25";"54,49";"43,5";"3,87";"32,97";"9,13";"2,79";"0,31";"29,72";"1,24";"4,84";"47,43"
"Sebastian Ohlsson";"S. Ohlsson";"61133";"1992-12-31";"Degerfors IF";"1736";"SWE - Allsvenskan";"90";"2025/2025";"128";"Central Defender";"93,41";"51,43";"24,1";"27,33";"10";"2";"10219,5";"109,41";"1302,1";"380,3";"35,1";"96,7";"5,7";"477,0";"40,8";"27,41";"28,7";"104,3";"5,3";"84,1";"10,4";"2,5";"0,66";"0,86";"0,7";"1,56";"null";"26,5";"1,99";"2,74";"9846,78";"109,41";"1254,61";"366,43";"33,82";"93,17";"5,49";"459,6";"39,31";"100,5";"5,11";"81,03";"10,02";"2,41";"0,67";"25,53";"8380,17";"139,67";"1313,4";"404,24";"36,63";"104,53";"5,02";"508,77";"41,65";"88,2";"4,08";"66,61";"7,0";"3287,6";"136,41";"488,4";"93,9";"8,6";"18,3";"0,5";"112,2";"9,1";"29,4";"1,3";"24,1";"2,0";"0,2";"0,2";"5,7";"3895,6";"142,54";"637,4";"252,6";"22,8";"71,3";"3,8";"323,9";"26,6";"46,2";"2,2";"33,0";"4,0";"1,4";"0,4";"18,4";"4092,45";"136,41";"607,97";"116,89";"10,71";"22,78";"0,62";"139,67";"11,33";"36,6";"1,62";"30,0";"2,49";"0,25";"0,25";"7,1";"4276,18";"142,54";"699,67";"277,28";"25,03";"78,27";"4,17";"355,54";"29,2";"50,71";"2,41";"36,22";"4,39";"1,54";"0,44";"20,2";"0,7";"1,87";"28,12"
"Adam Carlén";"A. Carlén";"61134";"2000-06-27";"IFK Göteborg";"1480";"SWE - Allsvenskan";"90";"2025/2025";"128";"Midfield";"58,27";"32,34";"17,64";"14,7";"5";"0";"7363,4";"126,36";"1373,6";"489,2";"33,4";"126,8";"5,0";"616,0";"38,4";"27,7";"27,7";"76,0";"2,8";"62,2";"8,8";"2,2";"0,73";"null";"1,0";"null";"null";"27,8";"2,17";"2,69";"11372,37";"126,36";"2121,45";"755,54";"51,58";"195,84";"7,72";"951,38";"59,31";"117,38";"4,32";"96,06";"13,59";"3,4";"1,54";"42,94";"9829,68";"163,83";"2261,22";"732,47";"55,29";"137,29";"7,42";"869,76";"62,71";"97,22";"3,34";"69,02";"8,16";"2646,8";"150,02";"488,6";"128,0";"10,4";"25,2";"1,2";"153,2";"11,6";"25,8";"1,0";"19,2";"2,2";"0,6";"0,2";"9,2";"2651,4";"180,41";"730,2";"266,8";"19,4";"48,8";"2,8";"315,6";"22,2";"26,6";"0,8";"18,0";"2,2";"0,6";"0,2";"15,8";"4500,51";"150,02";"830,8";"217,65";"17,68";"42,85";"2,04";"260,49";"19,72";"43,87";"1,7";"32,65";"3,74";"1,02";"0,34";"15,64";"5412,25";"180,41";"1490,54";"544,61";"39,6";"99,61";"5,72";"644,23";"45,32";"54,3";"1,63";"36,74";"4,49";"1,22";"0,41";"32,25";"0,74";"2,23";"46,38"
"Christos Gravius";"C. Gravius";"61135";"1997-10-14";"Degerfors IF";"1736";"SWE - Allsvenskan";"90";"2025/2025";"128";"Midfield";"92,74";"50,08";"22,71";"27,37";"20";"2";"10973,35";"118,33";"1740,7";"429,55";"33,05";"84,65";"3,75";"514,2";"36,8";"26,38";"28,44";"97,85";"2,7";"83,1";"7,95";"1,6";"0,67";"0,71";"0,4";"1,46";"null";"29,0";"1,79";"2,71";"10649,62";"118,33";"1689,35";"416,88";"32,07";"82,15";"3,64";"499,03";"35,71";"94,96";"2,62";"80,65";"7,72";"1,55";"0,39";"28,14";"9424,36";"157,07";"1920,71";"464,8";"36,42";"79,13";"2,94";"543,93";"39,36";"90,58";"1,74";"67,99";"6,65";"3455,35";"152,12";"675,95";"104,0";"8,6";"13,1";"0,4";"117,1";"9,0";"29,95";"0,75";"22,15";"2,05";"0,4";"0,0";"10,4";"4410,85";"161,18";"927,2";"283,95";"21,8";"52,95";"2,05";"336,9";"23,85";"45,65";"0,7";"34,6";"3,5";"0,35";"0,05";"16,95";"4563,69";"152,12";"892,77";"137,36";"11,36";"17,3";"0,53";"154,66";"11,89";"39,56";"0,99";"29,25";"2,71";"0,53";"0,0";"13,74";"4835,43";"161,18";"1016,45";"311,28";"23,9";"58,05";"2,25";"369,33";"26,15";"50,04";"0,77";"37,93";"3,84";"0,38";"0,05";"18,58";"0,06";"0,9";"32,77"
"Abdelrahman Boudah Saidi";"A. Boudah";"61136";"1999-08-13";"Hammarby IF";"1478";"SWE - Allsvenskan";"90";"2025/2025";"128";"Center Forward";"89,1";"53,18";"34,04";"19,14";"4";"1";"10854,75";"121,82";"1682,75";"642,0";"64,0";"274,25";"14,75";"916,25";"78,75";"29,55";"29,55";"113,75";"6,5";"89,5";"13,25";"5,0";"0,91";"0,84";"0,75";"1,7";"null";"47,25";"2,12";"2,75";"10963,88";"121,82";"1699,67";"648,45";"64,64";"277,01";"14,9";"925,46";"79,54";"114,89";"6,57";"90,4";"13,38";"5,05";"0,76";"47,73";"9055,0";"150,92";"1708,05";"683,11";"66,84";"288,81";"14,95";"971,92";"81,79";"93,36";"5,08";"65,43";"9,31";"4860,5";"142,78";"851,5";"355,75";"33,5";"141,25";"8,25";"497,0";"41,75";"55,75";"3,0";"39,0";"4,0";"2,5";"0,75";"20,5";"3165,75";"165,39";"662,5";"249,75";"25,75";"114,75";"5,0";"364,5";"30,75";"27,0";"1,5";"19,0";"4,25";"0,5";"0,0";"22,5";"4283,43";"142,78";"750,4";"313,51";"29,52";"124,48";"7,27";"437,99";"36,79";"49,13";"2,64";"34,37";"3,53";"2,2";"0,66";"18,07";"4961,56";"165,39";"1038,31";"391,42";"40,36";"179,84";"7,84";"571,27";"48,19";"42,32";"2,35";"29,78";"6,66";"0,78";"0,0";"35,26";"0,85";"3,38";"48,51"
"Abdelrahman Boudah Saidi";"A. Boudah";"61136";"1999-08-13";"Hammarby IF";"1478";"SWE - Allsvenskan";"90";"2025/2025";"128";"Wide Attacker";"60,37";"33,11";"21,62";"11,49";"5";"0";"7314,8";"121,16";"1229,0";"501,8";"45,8";"160,2";"9,2";"662,0";"55,0";"28,36";"28,36";"82,6";"4,8";"64,0";"11,4";"3,8";"0,85";"0,88";"1,2";"1,62";"null";"32,4";"2,15";"3,08";"10904,35";"121,16";"1832,1";"748,05";"68,28";"238,81";"13,71";"986,86";"81,99";"123,13";"7,16";"95,41";"16,99";"5,66";"1,79";"48,3";"9420,6";"157,01";"1988,28";"841,56";"74,3";"260,95";"13,05";"1102,51";"87,35";"111,27";"6,16";"72,12";"13,05";"3127,4";"144,65";"577,4";"222,2";"21,4";"72,6";"4,2";"294,8";"25,6";"40,2";"2,0";"24,4";"4,0";"1,4";"0,8";"18,0";"2071,2";"180,26";"519,8";"242,2";"19,6";"71,4";"3,0";"313,6";"22,6";"21,2";"1,4";"15,4";"3,2";"0,8";"0,2";"12,6";"4339,59";"144,65";"801,2";"308,33";"29,69";"100,74";"5,83";"409,07";"35,52";"55,78";"2,78";"33,86";"5,55";"1,94";"1,11";"24,98";"5407,83";"180,26";"1357,18";"632,38";"51,17";"186,42";"7,83";"818,8";"59,01";"55,35";"3,66";"40,21";"8,36";"2,09";"0,52";"32,9";"1,81";"3,99";"55,45"
"Joel Allansson";"J. Allansson";"61159";"1992-11-03";"Halmstads BK";"1735";"SWE - Allsvenskan";"90";"2025/2025";"128";"Midfield";"94,71";"53,02";"22,62";"30,4";"28";"1";"11637,96";"122,88";"2110,86";"615,75";"50,46";"112,79";"6,93";"728,54";"57,39";"26,97";"28,32";"133,21";"3,96";"114,21";"13,71";"2,5";"0,62";"0,68";"0,54";"1,38";"1,57";"41,93";"1,97";"2,69";"11059,19";"122,88";"2005,88";"585,13";"47,95";"107,18";"6,58";"692,3";"54,54";"126,59";"3,77";"108,53";"13,03";"2,38";"0,51";"39,84";"9751,58";"162,53";"2205,64";"652,97";"52,58";"116,8";"6,02";"769,77";"58,6";"112,55";"2,59";"85,15";"9,21";"3510,11";"155,17";"729,14";"166,93";"12,96";"25,79";"1,39";"192,71";"14,36";"34,11";"0,96";"25,75";"2,71";"0,61";"0,04";"9,14";"5107,46";"168,0";"1220,0";"410,11";"33,5";"77,43";"3,93";"487,54";"37,43";"65,36";"1,32";"49,5";"5,43";"0,71";"0,11";"30,68";"4655,14";"155,17";"967,0";"221,38";"17,19";"34,2";"1,85";"255,58";"19,04";"45,23";"1,28";"34,15";"3,6";"0,81";"0,05";"12,13";"5039,96";"168,0";"1203,88";"404,69";"33,06";"76,41";"3,88";"481,09";"36,93";"64,49";"1,3";"48,85";"5,36";"0,7";"0,11";"30,27";"0,16";"1,5";"45,06"
"Erik Lindell";"E. Lindell";"61175";"1996-02-14";"Degerfors IF";"1736";"SWE - Allsvenskan";"90";"2025/2025";"128";"Full Back";"77,71";"42,74";"18,57";"24,17";"9";"1";"9679,89";"124,56";"1715,89";"801,0";"59,33";"272,44";"12,89";"1073,44";"72,22";"28,9";"29,5";"97,56";"6,0";"82,67";"17,44";"3,56";"0,66";"0,69";"1,11";"1,49";"null";"43,56";"2,03";"2,72";"11210,62";"124,56";"1987,23";"927,67";"68,72";"315,53";"14,93";"1243,19";"83,64";"112,98";"6,95";"95,74";"20,2";"4,12";"1,29";"50,44";"9571,14";"159,52";"2061,04";"970,7";"74,72";"308,07";"15,91";"1278,77";"90,63";"99,21";"5,3";"71,75";"13,88";"3013,11";"162,25";"664,67";"307,0";"25,22";"119,67";"5,67";"426,67";"30,89";"28,78";"1,67";"20,78";"3,56";"0,67";"0,33";"13,44";"3804,56";"157,42";"803,44";"384,44";"28,0";"99,78";"5,67";"484,22";"33,67";"41,89";"2,11";"30,33";"6,33";"1,44";"0,33";"25,67";"4867,61";"162,25";"1073,75";"495,95";"40,75";"193,32";"9,15";"689,27";"49,9";"46,49";"2,69";"33,57";"5,74";"1,08";"0,54";"21,72";"4722,53";"157,42";"997,3";"477,2";"34,76";"123,85";"7,03";"601,06";"41,79";"52,0";"2,62";"37,65";"7,86";"1,79";"0,41";"31,86";"0,94";"2,96";"54,91"
"Oliver Zandén";"O. Zandén";"61182";"2001-08-14";"IF Brommapojkarna";"2941";"SWE - Allsvenskan";"90";"2025/2025";"128";"Full Back";"98,15";"57,47";"25,42";"32,05";"21";"2";"11403,62";"116,18";"1653,48";"778,05";"73,05";"309,57";"17,29";"1087,62";"90,33";"29,54";"30,76";"125,76";"8,62";"104,62";"19,43";"6,81";"0,57";"0,6";"1,81";"1,25";"1,25";"39,57";"1,89";"2,65";"10456,28";"116,18";"1516,12";"713,41";"66,98";"283,85";"15,85";"997,27";"82,83";"115,31";"7,9";"95,93";"17,81";"6,24";"1,66";"36,28";"8690,39";"144,84";"1523,01";"752,65";"68,21";"305,66";"16,11";"1058,31";"84,32";"96,55";"6,36";"71,64";"11,43";"3791,19";"149,12";"649,9";"366,14";"32,57";"182,76";"8,52";"548,9";"41,1";"36,52";"3,24";"26,95";"4,81";"2,67";"0,67";"11,86";"4532,62";"141,44";"808,86";"354,76";"32,76";"110,0";"6,9";"464,76";"39,67";"55,95";"2,86";"41,67";"6,14";"1,95";"0,67";"25,52";"4473,59";"149,12";"766,89";"432,05";"38,43";"215,66";"10,06";"647,71";"48,49";"43,1";"3,82";"31,8";"5,68";"3,15";"0,79";"13,99";"4243,33";"141,44";"757,23";"332,12";"30,67";"102,98";"6,46";"435,1";"37,14";"52,38";"2,67";"39,01";"5,75";"1,83";"0,62";"23,89";"1,39";"4,82";"39,03"
"William Milovanović";"W. Milovanović";"61183";"2002-05-06";"GAIS";"3534";"SWE - Allsvenskan";"90";"2025/2025";"128";"Midfield";"82,81";"48,19";"24,62";"23,57";"18";"2";"10732,22";"129,59";"2010,0";"814,22";"69,5";"207,0";"12,56";"1021,22";"82,06";"28,21";"29,42";"124,17";"4,44";"104,44";"18,89";"3,22";"0,72";"0,75";"0,78";"1,43";"1,43";"54,28";"1,91";"2,64";"11663,37";"129,59";"2184,39";"884,87";"75,53";"224,96";"13,64";"1109,83";"89,17";"134,94";"4,83";"113,51";"20,53";"3,5";"0,85";"58,99";"9879,54";"164,66";"2273,23";"949,65";"79,82";"237,53";"13,83";"1187,18";"93,66";"113,99";"3,46";"81,76";"13,77";"3819,22";"155,12";"794,72";"320,61";"28,89";"82,17";"5,28";"402,78";"34,17";"41,28";"1,5";"28,17";"4,44";"1,22";"0,22";"21,22";"4115,67";"174,63";"1031,06";"442,11";"35,22";"108,61";"5,83";"550,72";"41,06";"50,28";"1,28";"37,5";"6,61";"0,72";"0,17";"29,61";"4653,56";"155,12";"968,34";"390,65";"35,2";"100,12";"6,43";"490,77";"41,63";"50,3";"1,83";"34,32";"5,42";"1,49";"0,27";"25,86";"5238,77";"174,63";"1312,41";"562,76";"44,83";"138,25";"7,43";"701,01";"52,26";"64,0";"1,63";"47,73";"8,42";"0,92";"0,21";"37,69";"0,48";"2,42";"63,29"
"Montader Madjed";"Montader Madjed";"61186";"2005-04-24";"Hammarby IF";"1478";"SWE - Allsvenskan";"90";"2025/2025";"128";"Wide Attacker";"70,98";"41,15";"26,03";"15,12";"16";"1";"8100,81";"114,12";"1234,25";"503,0";"44,94";"151,94";"7,44";"654,94";"52,38";"28,55";"29,7";"87,25";"4,44";"71,0";"13,0";"3,56";"0,63";"0,64";"1,25";"1,16";"1,16";"29,19";"1,94";"2,88";"10270,9";"114,12";"1564,89";"637,75";"56,98";"192,64";"9,43";"830,39";"66,41";"110,62";"5,63";"90,02";"16,48";"4,52";"1,58";"37,01";"8588,73";"143,15";"1629,04";"680,92";"59,23";"201,85";"8,48";"882,78";"67,71";"93,68";"4,1";"67,89";"11,3";"3538,75";"135,93";"641,38";"264,12";"24,56";"84,88";"3,88";"349,0";"28,44";"41,62";"1,81";"29,0";"4,75";"1,5";"0,5";"17,5";"2351,69";"155,57";"475,88";"202,88";"16,06";"53,56";"1,94";"256,44";"18,0";"22,62";"1,0";"17,56";"3,0";"0,56";"0,19";"9,44";"4077,94";"135,93";"739,1";"304,37";"28,31";"97,81";"4,47";"402,18";"32,77";"47,97";"2,09";"33,42";"5,47";"1,73";"0,58";"20,17";"4667,08";"155,57";"944,4";"402,62";"31,88";"106,3";"3,85";"508,92";"35,72";"44,9";"1,98";"34,85";"5,95";"1,12";"0,37";"18,73";"1,0";"3,01";"39,28"
"Adam Wikman";"A. Wikman";"61194";"2003-12-15";"IK Sirius";"1487";"SWE - Allsvenskan";"90";"2025/2025";"128";"Midfield";"69,28";"38,65";"19,8";"18,85";"8";"0";"8886,62";"128,26";"1755,0";"425,0";"33,12";"61,88";"3,62";"486,88";"36,75";"26,31";"27,14";"96,25";"3,12";"85,5";"11,12";"2,12";"0,64";"0,9";"0,38";"null";"null";"26,62";"2,05";"2,96";"11543,85";"128,26";"2279,77";"552,08";"43,03";"80,38";"4,71";"632,46";"47,74";"125,03";"4,06";"111,07";"14,45";"2,76";"0,49";"34,59";"10130,37";"168,84";"2501,35";"617,04";"46,38";"94,88";"4,27";"711,93";"50,64";"108,08";"2,52";"86,74";"10,48";"3267,5";"165,04";"747,5";"82,38";"6,5";"4,38";"0,12";"86,75";"6,62";"31,75";"0,62";"25,88";"2,5";"0,12";"0,0";"8,0";"3258,5";"172,83";"863,88";"315,12";"23,38";"56,75";"2,62";"371,88";"26,0";"37,88";"1,0";"30,0";"4,25";"0,62";"0,0";"17,38";"4951,28";"165,04";"1132,69";"124,82";"9,85";"6,63";"0,19";"131,45";"10,04";"48,11";"0,95";"39,21";"3,79";"0,19";"0,0";"12,12";"5184,8";"172,83";"1374,56";"501,41";"37,19";"90,3";"4,18";"591,71";"41,37";"60,27";"1,59";"47,73";"6,76";"0,99";"0,0";"27,65";"0,0";"1,16";"39,39"
"Carl Johansson";"C. Johansson";"61736";"1998-06-17";"IFK Värnamo";"2394";"SWE - Allsvenskan";"90";"2025/2025";"128";"Midfield";"83,52";"47,28";"21,77";"25,52";"11";"1";"11133,64";"133,31";"2055,27";"855,27";"76,36";"190,09";"13,45";"1045,36";"89,82";"27,95";"28,48";"114,45";"5,36";"99,27";"17,91";"4,36";"0,58";"0,64";"0,64";"1,34";"1,7";"68,91";"1,84";"2,65";"11997,5";"133,31";"2214,74";"921,63";"82,29";"204,84";"14,5";"1126,47";"96,79";"123,34";"5,78";"106,98";"19,3";"4,7";"0,69";"74,26";"10256,08";"170,93";"2358,39";"1021,16";"89,52";"223,45";"14,77";"1244,61";"104,28";"106,82";"4,5";"82,02";"13,61";"3695,36";"169,76";"806,91";"403,18";"35,0";"95,0";"6,55";"498,18";"41,55";"36,73";"1,73";"27,55";"3,27";"1,27";"0,18";"29,45";"4387,0";"171,94";"1051,64";"401,55";"35,55";"81,09";"5,09";"482,64";"40,64";"47,45";"1,82";"37,09";"7,45";"1,45";"0,27";"35,55";"5092,8";"169,76";"1112,05";"555,65";"48,24";"130,93";"9,02";"686,57";"57,26";"50,62";"2,38";"37,96";"4,51";"1,75";"0,25";"40,59";"5158,11";"171,94";"1236,48";"472,13";"41,79";"95,34";"5,99";"567,47";"47,78";"55,8";"2,14";"43,61";"8,76";"1,71";"0,32";"41,79";"0,58";"3,46";"82,48"
"Carl Johansson";"C. Johansson";"61736";"1998-06-17";"IFK Värnamo";"2394";"SWE - Allsvenskan";"90";"2025/2025";"128";"Wide Attacker";"70,22";"40,84";"19,84";"20,99";"9";"0";"9270,22";"132,02";"1565,78";"696,22";"67,56";"194,89";"13,22";"891,11";"80,78";"29,02";"30,04";"97,0";"7,33";"81,33";"17,0";"5,78";"0,64";"0,7";"1,56";"1,4";"1,59";"55,33";"1,94";"2,81";"11881,45";"132,02";"2006,83";"892,33";"86,58";"249,79";"16,95";"1142,12";"103,53";"124,32";"9,4";"104,24";"21,79";"7,41";"1,99";"70,92";"9789,76";"163,16";"2052,48";"924,2";"90,28";"267,09";"16,49";"1191,29";"106,77";"101,87";"7,18";"74,45";"14,2";"3267,78";"164,69";"670,33";"356,33";"33,89";"117,0";"7,11";"473,33";"41,0";"35,78";"2,33";"24,11";"4,33";"1,67";"0,44";"26,33";"3395,0";"161,72";"726,56";"272,67";"27,56";"64,78";"4,11";"337,44";"31,67";"33,56";"2,56";"26,56";"5,33";"1,78";"0,44";"24,44";"4940,55";"164,69";"1013,48";"538,74";"51,24";"176,89";"10,75";"715,63";"61,99";"54,09";"3,53";"36,45";"6,55";"2,52";"0,67";"39,81";"4851,71";"161,72";"1038,3";"389,66";"39,38";"92,57";"5,88";"482,23";"45,25";"47,95";"3,65";"37,95";"7,62";"2,54";"0,64";"34,93";"1,31";"5,06";"74,61"
"Frederik Ørsøe Christensen";"F. Christensen";"61757";"2002-06-07";"IF Brommapojkarna";"2941";"SWE - Allsvenskan";"90";"2025/2025";"128";"Full Back";"84,75";"41,99";"23,64";"18,35";"3";"0";"9696,0";"114,41";"1527,67";"560,33";"52,67";"198,0";"10,0";"758,33";"62,67";"30,23";"30,23";"113,67";"6,0";"85,67";"15,67";"3,33";"null";"null";"1,67";"null";"null";"32,67";"2,61";"null";"10296,64";"114,41";"1622,3";"595,04";"55,93";"210,27";"10,62";"805,31";"66,55";"120,71";"6,37";"90,97";"16,64";"3,54";"1,77";"34,69";"9015,95";"150,27";"1768,81";"674,85";"65,25";"250,03";"11,91";"924,88";"77,15";"111,44";"5,72";"72,39";"12,86";"3604,67";"152,45";"726,67";"259,0";"23,67";"67,0";"3,33";"326,0";"27,0";"41,33";"2,33";"28,67";"4,33";"1,0";"0,67";"11,67";"2705,67";"147,45";"511,33";"213,33";"22,0";"108,0";"5,0";"321,33";"27,0";"36,67";"1,67";"22,0";"4,67";"1,0";"0,67";"17,0";"4573,59";"152,45";"921,99";"328,62";"30,03";"85,01";"4,23";"413,63";"34,26";"52,44";"2,96";"36,37";"5,5";"1,27";"0,85";"14,8";"4423,43";"147,45";"835,97";"348,77";"35,97";"176,57";"8,17";"525,34";"44,14";"59,95";"2,72";"35,97";"7,63";"1,63";"1,09";"27,79";"1,91";"2,86";"40,96"
"Frederik Ørsøe Christensen";"F. Christensen";"61757";"2002-06-07";"IF Brommapojkarna";"2941";"SWE - Allsvenskan";"90";"2025/2025";"128";"Wide Attacker";"52,54";"32,23";"11,72";"20,51";"3";"0";"6611,0";"125,82";"1149,67";"591,33";"48,0";"188,67";"9,67";"780,0";"57,67";"28,1";"28,1";"77,0";"4,67";"63,0";"11,67";"2,33";"0,93";"null";"0,33";"null";"null";"34,67";"2,27";"2,86";"11323,56";"125,82";"1969,19";"1012,86";"82,22";"323,16";"16,56";"1336,01";"98,77";"131,89";"7,99";"107,91";"19,98";"4,0";"0,57";"59,38";"9229,31";"153,82";"1917,6";"1020,86";"85,02";"346,91";"17,38";"1367,76";"102,4";"110,46";"4,34";"82,54";"12,41";"1810,33";"154,44";"389,67";"250,67";"20,67";"85,0";"4,33";"335,67";"25,0";"20,67";"1,0";"12,33";"2,0";"0,0";"0,0";"10,33";"3147,0";"153,47";"640,33";"297,67";"25,0";"101,33";"5,0";"399,0";"30,0";"38,67";"1,33";"32,0";"4,67";"0,67";"0,0";"22,67";"4633,08";"154,44";"997,25";"641,52";"52,89";"217,54";"11,09";"859,05";"63,98";"52,89";"2,56";"31,56";"5,12";"0,0";"0,0";"26,45";"4604,12";"153,47";"936,82";"435,49";"36,58";"148,25";"7,32";"583,74";"43,89";"56,57";"1,95";"46,82";"6,83";"0,98";"0,0";"33,16";"0,0";"1,24";"61,44"
"Anssi Tapio Suhonen";"A. Suhonen";"61893";"2001-01-14";"Östers IF";"4623";"SWE - Allsvenskan";"90";"2025/2025";"128";"Midfield";"87,09";"50,01";"22,9";"27,11";"12";"0";"11583,42";"133,01";"2251,42";"773,42";"64,0";"141,42";"9,17";"914,83";"73,17";"27,23";"28,06";"127,25";"3,75";"112,5";"13,92";"2,58";"0,77";"0,77";"0,25";"null";"null";"52,75";"1,86";"2,78";"11970,61";"133,01";"2326,67";"799,27";"66,14";"146,14";"9,47";"945,41";"75,61";"131,5";"3,88";"116,26";"14,38";"2,67";"0,26";"54,51";"10299,3";"171,65";"2481,32";"873,83";"71,09";"160,27";"9,6";"1034,1";"80,68";"111,78";"3,3";"87,98";"9,6";"3846,58";"167,97";"907,0";"298,08";"24,33";"46,17";"2,92";"344,25";"27,25";"40,75";"1,25";"31,25";"3,08";"0,5";"0,08";"17,25";"4737,83";"174,77";"1161,17";"430,25";"34,92";"87,42";"5,08";"517,67";"40,0";"52,42";"1,5";"42,08";"4,92";"1,0";"0,0";"31,92";"5039,19";"167,97";"1188,21";"390,5";"31,88";"60,48";"3,82";"450,98";"35,7";"53,38";"1,64";"40,94";"4,04";"0,66";"0,11";"22,6";"5242,95";"174,77";"1284,96";"476,12";"38,64";"96,74";"5,63";"572,86";"44,26";"58,01";"1,66";"46,57";"5,44";"1,11";"0,0";"35,32";"0,1";"1,8";"58,99"
"Emmanuel Ekong";"E. Ekong";"63026";"2002-06-25";"Malmo FF";"426";"SWE - Allsvenskan";"90";"2025/2025";"128";"Center Forward";"63,26";"37,46";"19,98";"17,48";"8";"0";"7364,12";"116,41";"1078,88";"475,25";"49,38";"200,5";"11,12";"675,75";"60,5";"30,52";"31,66";"79,38";"5,62";"65,75";"12,62";"3,75";"0,7";"0,75";"1,88";"1,34";"1,56";"30,25";"1,99";"2,84";"10477,22";"116,41";"1534,96";"676,16";"70,25";"285,26";"15,83";"961,41";"86,08";"112,93";"8,0";"93,54";"17,96";"5,34";"2,67";"43,04";"8801,27";"146,69";"1589,45";"711,83";"74,69";"300,15";"16,02";"1011,98";"90,71";"95,11";"6,41";"68,88";"11,81";"2812,12";"140,77";"479,75";"236,75";"24,75";"107,88";"6,25";"344,62";"31,0";"31,25";"2,5";"21,75";"3,12";"1,88";"1,12";"14,62";"2682,25";"153,45";"512,5";"207,62";"21,88";"79,5";"3,75";"287,12";"25,62";"28,12";"1,5";"21,25";"4,25";"0,88";"0,25";"13,12";"4223,03";"140,77";"720,45";"355,53";"37,17";"162,0";"9,39";"517,53";"46,55";"46,93";"3,75";"32,66";"4,69";"2,82";"1,69";"21,96";"4603,62";"153,45";"879,62";"356,35";"37,54";"136,45";"6,44";"492,8";"43,98";"48,27";"2,57";"36,47";"7,29";"1,5";"0,43";"22,53";"2,2";"4,41";"44,45"
"Emmanuel Ekong";"E. Ekong";"63026";"2002-06-25";"Malmo FF";"426";"SWE - Allsvenskan";"90";"2025/2025";"128";"Wide Attacker";"69,11";"41,3";"22,12";"19,18";"4";"0";"8076,25";"116,86";"1194,75";"548,25";"56,5";"225,0";"11,5";"773,25";"68,0";"30,8";"30,8";"90,0";"8,75";"72,75";"16,5";"6,75";"0,63";"0,63";"4,0";"1,22";"1,97";"34,0";"1,9";"2,9";"10517,73";"116,86";"1555,93";"713,99";"73,58";"293,02";"14,98";"1007,01";"88,56";"117,21";"11,4";"94,74";"21,49";"8,79";"5,21";"44,28";"8727,45";"145,46";"1592,45";"750,65";"76,99";"292,71";"14,89";"1043,36";"91,88";"95,51";"7,63";"66,1";"13,07";"3195,0";"144,41";"568,25";"280,0";"30,75";"127,75";"6,75";"407,75";"37,5";"37,5";"3,25";"23,0";"5,0";"2,5";"1,5";"17,0";"2813,0";"146,67";"528,0";"236,75";"22,25";"73,75";"3,5";"310,5";"25,75";"28,25";"2,0";"22,5";"4,0";"1,5";"0,5";"15,25";"4332,2";"144,41";"770,51";"379,66";"41,69";"173,22";"9,15";"552,88";"50,85";"50,85";"4,41";"31,19";"6,78";"3,39";"2,03";"23,05";"4400,09";"146,67";"825,9";"370,32";"34,8";"115,36";"5,47";"485,68";"40,28";"44,19";"3,13";"35,19";"6,26";"2,35";"0,78";"23,85";"2,91";"5,81";"46,85"
"Kevin Holmén";"K. Holmén";"64213";"2001-12-13";"GAIS";"3534";"SWE - Allsvenskan";"90";"2025/2025";"128";"Midfield";"75,19";"42,09";"22,16";"19,93";"17";"3";"9473,12";"125,99";"1971,59";"579,35";"48,29";"128,35";"5,94";"707,71";"54,24";"27,52";"28,88";"117,88";"3,94";"97,82";"12,88";"2,65";"0,66";"0,71";"0,47";"1,38";"1,67";"39,76";"1,96";"2,72";"11338,99";"125,99";"2359,92";"693,46";"57,81";"153,63";"7,11";"847,1";"64,92";"141,1";"4,72";"117,09";"15,42";"3,17";"0,56";"47,6";"9992,2";"166,54";"2588,09";"746,08";"63,31";"151,95";"6,88";"898,03";"70,19";"120,92";"3,86";"89,14";"11,24";"3580,59";"161,58";"885,24";"162,35";"15,0";"18,06";"1,0";"180,41";"16,0";"40,82";"1,0";"30,53";"2,47";"0,65";"0,0";"14,53";"3428,65";"172,05";"930,24";"361,0";"29,41";"88,53";"3,82";"449,53";"33,24";"44,0";"1,71";"32,0";"5,41";"1,06";"0,29";"23,29";"4847,41";"161,58";"1198,43";"219,79";"20,31";"24,45";"1,35";"244,24";"21,66";"55,27";"1,35";"41,33";"3,34";"0,88";"0,0";"19,67";"5161,44";"172,05";"1400,36";"543,44";"44,28";"133,27";"5,76";"676,72";"50,03";"66,24";"2,57";"48,17";"8,15";"1,59";"0,44";"35,07";"0,42";"2,43";"53,92"
"Ísak Andri Sigurgeirsson";"Í. Sigurgeirsson";"65297";"2003-09-11";"IFK Norrköping";"1484";"SWE - Allsvenskan";"90";"2025/2025";"128";"Wide Attacker";"95,39";"50,68";"22,35";"28,33";"25";"0";"11038,92";"115,72";"1719,12";"802,2";"72,8";"262,4";"14,16";"1064,6";"86,96";"28,96";"30,3";"119,44";"8,4";"97,44";"18,16";"6,36";"0,56";"0,63";"2,16";"1,22";"1,37";"42,0";"1,82";"2,6";"10415,17";"115,72";"1621,98";"756,87";"68,69";"247,57";"13,36";"1004,44";"82,05";"112,69";"7,93";"91,93";"17,13";"6,0";"2,04";"39,63";"9085,01";"151,42";"1804,21";"872,22";"78,04";"288,93";"14,59";"1161,15";"92,63";"103,19";"6,44";"73,26";"12,83";"3363,0";"150,48";"652,64";"356,36";"32,36";"142,72";"7,12";"499,08";"39,48";"40,88";"2,88";"24,84";"4,64";"2,4";"0,96";"18,68";"4310,6";"152,15";"871,28";"380,36";"33,56";"101,32";"5,2";"481,68";"38,76";"46,28";"2,56";"37,04";"6,2";"1,68";"0,52";"20,0";"4514,5";"150,48";"876,11";"478,38";"43,44";"191,59";"9,56";"669,97";"53,0";"54,88";"3,87";"33,35";"6,23";"3,22";"1,29";"25,08";"4564,59";"152,15";"922,62";"402,77";"35,54";"107,29";"5,51";"510,06";"41,04";"49,01";"2,71";"39,22";"6,57";"1,78";"0,55";"21,18";"1,75";"4,83";"45,79"
"Nino Žugelj";"N. Žugelj";"66255";"2000-05-23";"Djurgardens IF";"522";"SWE - Allsvenskan";"90";"2025/2025";"128";"Wide Attacker";"38,8";"19,26";"12,64";"6,62";"3";"0";"4576,33";"117,95";"667,0";"355,33";"35,33";"205,0";"8,0";"560,33";"43,33";"30,43";"30,43";"45,0";"4,33";"36,0";"10,0";"4,0";"0,8";"0,91";"2,33";"null";"null";"19,0";"null";"3,13";"10615,21";"117,95";"1547,16";"824,23";"81,96";"475,52";"18,56";"1299,74";"100,52";"104,38";"10,05";"83,51";"23,2";"9,28";"5,41";"44,07";"9513,47";"158,56";"1776,64";"1034,21";"96,57";"530,6";"20,77";"1564,81";"117,33";"95,53";"9,35";"65,42";"16,61";"1930,33";"152,66";"298,67";"229,33";"22,0";"122,67";"5,0";"352,0";"27,0";"20,67";"2,0";"13,67";"2,67";"2,0";"1,33";"11,33";"1123,67";"169,82";"271,67";"102,67";"9,0";"47,67";"1,67";"150,33";"10,67";"10,0";"1,0";"7,33";"2,67";"1,0";"0,33";"6,33";"4579,88";"152,66";"708,61";"544,11";"52,2";"291,04";"11,86";"835,15";"64,06";"49,03";"4,75";"32,43";"6,33";"4,75";"3,16";"26,89";"5094,71";"169,82";"1231,74";"465,49";"40,81";"216,12";"7,56";"681,61";"48,36";"45,34";"4,53";"33,25";"12,09";"4,53";"1,51";"28,72";"5,19";"9,35";"55,03"
"Adi Fisic";"A. Fisic";"70667";"2003-12-22";"Degerfors IF";"1736";"SWE - Allsvenskan";"90";"2025/2025";"128";"Center Forward";"48,54";"26,96";"10,8";"16,16";"5";"2";"5421,6";"111,69";"658,0";"302,8";"30,2";"115,2";"6,2";"418,0";"36,4";"29,62";"29,62";"47,6";"2,8";"38,6";"8,0";"1,2";"0,9";"null";"0,2";"null";"null";"17,6";"1,94";"3,2";"10052,41";"111,69";"1220,02";"561,43";"56,0";"213,6";"11,5";"775,03";"67,49";"88,26";"5,19";"71,57";"14,83";"2,22";"0,37";"32,63";"8502,82";"141,71";"1262,76";"610,68";"61,42";"234,12";"11,57";"844,81";"73,0";"75,22";"3,56";"57,42";"10,24";"1508,6";"139,64";"261,8";"126,0";"12,0";"39,0";"2,2";"165,0";"14,2";"14,4";"0,8";"8,8";"1,6";"0,2";"0,0";"6,8";"2312,0";"143,1";"305,6";"148,4";"15,6";"66,2";"3,0";"214,6";"18,6";"19,4";"0,8";"17,0";"3,0";"0,0";"0,0";"9,4";"4189,26";"139,64";"727,0";"349,89";"33,32";"108,3";"6,11";"458,19";"39,43";"39,99";"2,22";"24,44";"4,44";"0,56";"0,0";"18,88";"4292,96";"143,1";"567,44";"275,55";"28,97";"122,92";"5,57";"398,47";"34,54";"36,02";"1,49";"31,57";"5,57";"0,0";"0,0";"17,45";"0,0";"0,45";"36,05"
"Yannick Agnero";"Y. Agnero";"71453";"2003-02-20";"Halmstads BK";"1735";"SWE - Allsvenskan";"90";"2025/2025";"128";"Center Forward";"87,3";"49,38";"20,29";"29,09";"19";"0";"8983,58";"102,91";"1027,89";"457,53";"54,68";"237,63";"12,0";"695,16";"66,68";"31,06";"32,96";"97,63";"8,84";"79,26";"16,79";"6,16";"0,65";"0,69";"2,16";"1,18";"1,3";"36,79";"1,86";"2,78";"9261,61";"102,91";"1059,71";"471,69";"56,38";"244,99";"12,37";"716,67";"68,75";"100,65";"9,12";"81,72";"17,31";"6,35";"2,22";"37,93";"7784,11";"129,74";"1133,37";"512,17";"59,73";"260,66";"12,53";"772,82";"72,26";"84,09";"6,71";"63,44";"11,57";"2794,89";"137,74";"424,26";"233,21";"26,74";"152,21";"6,63";"385,42";"33,37";"34,58";"2,68";"22,63";"3,89";"1,95";"0,84";"16,63";"3611,63";"124,15";"508,53";"188,32";"22,42";"62,32";"3,68";"250,63";"26,11";"34,63";"2,84";"29,58";"5,63";"2,0";"0,53";"17,11";"4132,17";"137,74";"627,26";"344,8";"39,53";"225,04";"9,8";"569,83";"49,33";"51,12";"3,97";"33,46";"5,76";"2,88";"1,25";"24,59";"3724,57";"124,15";"524,43";"194,2";"23,12";"64,26";"3,8";"258,47";"26,92";"35,71";"2,93";"30,5";"5,81";"2,06";"0,54";"17,64";"1,66";"4,8";"40,99"
"August Priske Flyger";"A. Priske";"71798";"2004-03-23";"Djurgardens IF";"522";"SWE - Allsvenskan";"90";"2025/2025";"128";"Center Forward";"88,81";"47,86";"25,77";"22,09";"18";"1";"9089,78";"102,35";"997,39";"461,0";"48,67";"205,0";"10,89";"666,0";"59,56";"30,84";"32,8";"92,11";"7,11";"74,89";"15,67";"3,94";"0,61";"0,65";"1,33";"1,28";"null";"27,83";"1,82";"2,79";"9211,08";"102,35";"1010,7";"467,15";"49,32";"207,74";"11,03";"674,89";"60,35";"93,34";"7,21";"75,89";"15,88";"4,0";"1,35";"28,2";"7800,6";"130,01";"1092,01";"535,42";"54,53";"238,46";"11,28";"773,88";"65,81";"81,48";"5,5";"59,41";"10,66";"3227,22";"125,23";"465,78";"236,78";"25,0";"125,28";"5,28";"362,06";"30,28";"39,83";"2,67";"25,56";"4,5";"1,78";"0,61";"13,5";"2995,44";"135,59";"405,33";"190,33";"18,5";"64,94";"3,72";"255,28";"22,22";"25,17";"1,72";"21,83";"4,0";"0,78";"0,33";"11,61";"3756,76";"125,23";"542,21";"275,63";"29,1";"145,83";"6,14";"421,46";"35,25";"46,37";"3,1";"29,75";"5,24";"2,07";"0,71";"15,72";"4067,75";"135,59";"550,43";"258,47";"25,12";"88,19";"5,05";"346,66";"30,18";"34,18";"2,34";"29,65";"5,43";"1,06";"0,45";"15,77";"1,18";"3,2";"31,48"
"August Priske Flyger";"A. Priske";"71798";"2004-03-23";"Djurgardens IF";"522";"SWE - Allsvenskan";"90";"2025/2025";"128";"Wide Attacker";"78,59";"44,1";"21,64";"22,46";"6";"0";"8310,0";"105,74";"1019,83";"426,5";"46,5";"215,0";"9,33";"641,5";"55,83";"30,87";"31,26";"92,83";"5,5";"76,0";"15,0";"3,83";"0,71";"0,91";"1,67";"1,6";"1,93";"23,17";"2,08";"null";"9516,28";"105,74";"1167,87";"488,41";"53,25";"246,21";"10,69";"734,62";"63,94";"106,31";"6,3";"87,03";"17,18";"4,39";"1,91";"26,53";"8064,45";"134,41";"1282,17";"546,52";"57,37";"264,19";"10,43";"810,71";"67,8";"93,2";"4,99";"68,71";"10,89";"2826,5";"130,64";"451,33";"198,5";"23,33";"130,5";"5,0";"329,0";"28,33";"34,33";"1,83";"21,5";"3,83";"1,5";"0,67";"9,33";"3100,5";"138,04";"491,0";"203,17";"18,83";"63,67";"2,67";"266,83";"21,5";"34,17";"1,83";"29,0";"4,17";"0,83";"0,5";"12,0";"3919,14";"130,64";"625,81";"275,23";"32,35";"180,95";"6,93";"456,18";"39,29";"47,61";"2,54";"29,81";"5,32";"2,08";"0,92";"12,94";"4141,16";"138,04";"655,8";"271,36";"25,15";"85,04";"3,56";"356,39";"28,72";"45,63";"2,45";"38,73";"5,57";"1,11";"0,67";"16,03";"1,59";"3,17";"29,03"
"Ben Engdahl";"B. Engdahl";"71891";"2003-09-17";"BK Hacken";"523";"SWE - Allsvenskan";"90";"2025/2025";"128";"Full Back";"53,33";"34,33";"19,33";"15,0";"3";"0";"6770,33";"126,96";"983,33";"438,0";"47,0";"222,67";"10,67";"660,67";"57,67";"30,33";"30,33";"77,67";"4,0";"65,67";"15,0";"3,67";"0,7";"0,8";"0,67";"null";"null";"28,33";"null";"null";"11426,13";"126,96";"1659,55";"739,2";"79,32";"375,79";"18,0";"1114,99";"97,32";"131,08";"6,75";"110,82";"25,32";"6,19";"1,13";"47,82";"9180,0";"153,0";"1576,31";"693,79";"72,82";"367,57";"17,48";"1061,36";"90,29";"99,61";"4,66";"75,73";"17,48";"2922,0";"151,14";"485,67";"213,67";"22,67";"116,33";"5,33";"330,0";"28,0";"29,33";"1,67";"22,67";"5,67";"1,67";"0,0";"14,33";"2331,0";"155,4";"416,33";"183,33";"19,0";"94,0";"4,67";"277,33";"23,67";"27,67";"1,0";"20,67";"4,33";"0,67";"0,33";"12,67";"4534,14";"151,14";"753,62";"331,55";"35,17";"180,52";"8,28";"512,07";"43,45";"45,52";"2,59";"35,17";"8,79";"2,59";"0,0";"22,24";"4662,0";"155,4";"832,67";"366,67";"38,0";"188,0";"9,33";"554,67";"47,33";"55,33";"2,0";"41,33";"8,67";"1,33";"0,67";"25,33";"0,58";"4,08";"47,18"
"Eskil Smidesang Edh";"E. Edh";"72011";"2002-08-04";"AIK";"524";"SWE - Allsvenskan";"90";"2025/2025";"128";"Full Back";"98,86";"53,38";"26,43";"26,95";"6";"0";"11571,83";"117,05";"1760,5";"671,67";"56,5";"169,5";"10,83";"841,17";"67,33";"28,67";"29,0";"120,67";"7,0";"103,33";"17,83";"5,67";"0,68";"0,74";"1,0";"1,49";"null";"30,33";"2,18";"3,04";"10534,33";"117,05";"1602,66";"611,45";"51,43";"154,3";"9,86";"765,75";"61,3";"109,85";"6,37";"94,07";"16,23";"5,16";"0,91";"27,61";"9056,58";"150,94";"1731,99";"693,92";"56,39";"174,23";"10,12";"868,15";"66,51";"96,29";"4,68";"73,44";"11,05";"3957,33";"149,73";"779,67";"282,67";"22,67";"69,83";"4,0";"352,5";"26,67";"40,17";"2,0";"30,5";"4,67";"1,5";"0,5";"8,17";"4099,67";"152,14";"761,17";"334,67";"27,5";"85,17";"5,0";"419,83";"32,5";"45,5";"2,17";"34,83";"5,17";"1,67";"0,33";"19,0";"4491,77";"149,73";"884,96";"320,84";"25,73";"79,26";"4,54";"400,11";"30,27";"45,59";"2,27";"34,62";"5,3";"1,7";"0,57";"9,27";"4564,11";"152,14";"847,4";"372,58";"30,62";"94,81";"5,57";"467,4";"36,18";"50,65";"2,41";"38,78";"5,75";"1,86";"0,37";"21,15";"0,94";"3,56";"30,54"
"Tobias Fjeld Gulliksen";"T. Gulliksen";"72077";"2003-07-09";"Djurgardens IF";"522";"SWE - Allsvenskan";"90";"2025/2025";"128";"Midfield";"84,71";"44,96";"24,15";"20,81";"15";"0";"9771,2";"115,35";"1516,53";"611,13";"56,4";"218,47";"11,4";"829,6";"67,8";"29,32";"30,38";"95,0";"5,67";"80,4";"11,6";"4,07";"0,58";"0,62";"1,47";"1,25";"1,3";"43,2";"1,81";"2,66";"10381,26";"115,35";"1611,22";"649,29";"59,92";"232,11";"12,11";"881,4";"72,03";"100,93";"6,02";"85,42";"12,32";"4,32";"1,56";"45,9";"9177,36";"152,96";"1804,32";"754,11";"69,49";"267,8";"13,17";"1021,91";"82,65";"93,69";"4,89";"70,64";"9,07";"3593,2";"148,79";"707,27";"300,2";"27,4";"117,93";"5,47";"418,13";"32,87";"38,33";"2,27";"28,27";"3,13";"1,87";"0,4";"16,53";"3283,53";"157,79";"644,73";"264,87";"24,67";"82,73";"4,4";"347,6";"29,07";"31,87";"1,4";"24,67";"3,67";"0,73";"0,33";"23,07";"4463,81";"148,79";"878,63";"372,94";"34,04";"146,51";"6,79";"519,44";"40,83";"47,62";"2,82";"35,12";"3,89";"2,32";"0,5";"20,54";"4733,59";"157,79";"929,46";"381,84";"35,56";"119,27";"6,34";"501,11";"41,9";"45,94";"2,02";"35,56";"5,29";"1,06";"0,48";"33,25";"0,98";"3,47";"52,85"
"Johan Hove";"J. Hove";"72080";"2000-09-07";"AIK";"524";"SWE - Allsvenskan";"90";"2025/2025";"128";"Midfield";"84,3";"41,1";"19,12";"21,98";"5";"0";"9989,8";"118,5";"1556,8";"687,8";"54,2";"143,0";"8,2";"830,8";"62,4";"27,64";"27,64";"104,8";"3,2";"84,6";"12,0";"1,4";"0,81";"null";"0,2";"null";"null";"42,2";"2,08";"2,95";"10665,27";"118,5";"1662,06";"734,31";"57,86";"152,67";"8,75";"886,98";"66,62";"111,89";"3,42";"90,32";"12,81";"1,49";"0,21";"45,05";"9660,05";"161,0";"1988,48";"937,59";"71,83";"191,84";"10,8";"1129,43";"82,63";"107,45";"2,92";"75,92";"9,34";"2993,0";"156,56";"564,0";"288,8";"21,8";"59,6";"3,0";"348,4";"24,8";"31,4";"1,2";"20,8";"2,8";"0,6";"0,2";"15,8";"3623,6";"164,86";"798,0";"353,4";"27,4";"71,8";"4,4";"425,2";"31,8";"42,2";"0,8";"31,2";"3,6";"0,2";"0,0";"21,6";"4696,95";"156,56";"885,09";"453,22";"34,21";"93,53";"4,71";"546,75";"38,92";"49,28";"1,88";"32,64";"4,39";"0,94";"0,31";"24,8";"4945,77";"164,86";"1089,17";"482,35";"37,4";"98,0";"6,01";"580,35";"43,4";"57,6";"1,09";"42,58";"4,91";"0,27";"0,0";"29,48";"0,29";"1,17";"54,6"
"Johan Hove";"J. Hove";"72080";"2000-09-07";"AIK";"524";"SWE - Allsvenskan";"90";"2025/2025";"128";"Wide Attacker";"85,97";"44,62";"20,94";"23,67";"14";"0";"10424,86";"121,26";"1703,36";"613,86";"51,0";"122,29";"7,5";"736,14";"58,5";"27,44";"29,22";"105,21";"4,14";"84,0";"14,29";"2,93";"0,83";"0,91";"0,5";"1,58";"null";"38,07";"2,03";"2,68";"10913,06";"121,26";"1783,13";"642,6";"53,39";"128,01";"7,85";"770,62";"61,24";"110,14";"4,34";"87,93";"14,95";"3,07";"0,52";"39,85";"9598,53";"159,98";"2063,58";"758,75";"63,11";"147,73";"8,84";"906,48";"71,95";"100,57";"3,55";"70,99";"11,53";"3240,29";"154,72";"623,29";"224,71";"19,93";"51,07";"3,07";"275,79";"23,0";"34,29";"1,43";"21,64";"2,71";"0,79";"0,29";"15,0";"3897,29";"164,62";"911,21";"339,5";"27,0";"58,79";"3,5";"398,29";"30,5";"40,5";"1,21";"31,14";"5,86";"0,5";"0,0";"20,0";"4641,61";"154,72";"892,84";"321,9";"28,55";"73,16";"4,4";"395,05";"32,95";"49,11";"2,05";"31,0";"3,89";"1,13";"0,41";"21,49";"4938,73";"164,62";"1154,71";"430,22";"34,22";"74,49";"4,44";"504,72";"38,65";"51,32";"1,54";"39,46";"7,42";"0,63";"0,0";"25,34";"0,38";"1,73";"47,07"
"Kent-Are Antonsen";"K. Antonsen";"72190";"1995-02-12";"IFK Värnamo";"2394";"SWE - Allsvenskan";"90";"2025/2025";"128";"Midfield";"90,91";"53,74";"25,84";"27,9";"9";"1";"11666,67";"128,33";"2299,67";"728,0";"62,78";"131,67";"8,11";"859,67";"70,89";"27,36";"28,12";"135,33";"4,78";"116,44";"19,0";"2,56";"0,75";"0,77";"0,78";"1,49";"1,68";"48,67";"2,09";"2,84";"11549,98";"128,33";"2276,67";"720,72";"62,15";"130,35";"8,03";"851,07";"70,18";"133,98";"4,73";"115,28";"18,81";"2,53";"0,77";"48,18";"9985,13";"166,42";"2399,96";"770,46";"65,87";"134,47";"7,69";"904,93";"73,56";"111,77";"3,47";"85,35";"12,28";"4096,89";"158,53";"927,22";"185,22";"16,33";"12,56";"1,22";"197,78";"17,56";"41,78";"1,44";"32,44";"2,78";"0,78";"0,11";"12,67";"4846,89";"173,72";"1222,44";"504,89";"42,67";"107,89";"5,67";"612,78";"48,33";"58,33";"1,67";"44,0";"8,22";"0,78";"0,44";"33,33";"4755,97";"158,53";"1076,39";"215,02";"18,96";"14,58";"1,42";"229,6";"20,38";"48,5";"1,68";"37,66";"3,22";"0,9";"0,13";"14,7";"5211,71";"173,72";"1314,46";"542,89";"45,88";"116,01";"6,09";"658,9";"51,97";"62,72";"1,79";"47,31";"8,84";"0,84";"0,48";"35,84";"0,62";"1,74";"51,36"
"Pawel Chrupalla";"P. Chrupalla";"72221";"2003-03-16";"Halmstads BK";"1735";"SWE - Allsvenskan";"90";"2025/2025";"128";"Full Back";"83,35";"49,17";"19,76";"29,41";"4";"0";"9228,75";"110,72";"1439,5";"610,0";"51,75";"275,75";"10,25";"885,75";"62,0";"29,77";"29,77";"96,75";"5,75";"83,0";"14,0";"4,25";"0,73";"0,75";"0,5";"null";"null";"25,5";"2,65";"2,91";"9965,06";"110,72";"1554,35";"658,67";"55,88";"297,75";"11,07";"956,42";"66,95";"104,47";"6,21";"89,62";"15,12";"4,59";"0,54";"27,53";"8155,44";"135,92";"1471,6";"582,97";"56,13";"227,27";"10,07";"810,24";"66,2";"86,64";"3,97";"63,76";"9,76";"2829,75";"143,19";"531,5";"242,0";"23,75";"110,25";"4,75";"352,25";"28,5";"27,5";"1,75";"18,5";"3,5";"1,25";"0,0";"9,25";"3853,75";"131,04";"674,5";"235,75";"22,25";"76,0";"3,5";"311,75";"25,75";"43,5";"1,5";"33,75";"4,5";"0,75";"0,0";"13,75";"4295,64";"143,19";"806,83";"367,36";"36,05";"167,36";"7,21";"534,72";"43,26";"41,75";"2,66";"28,08";"5,31";"1,9";"0,0";"14,04";"3931,28";"131,04";"688,07";"240,49";"22,7";"77,53";"3,57";"318,02";"26,27";"44,38";"1,53";"34,43";"4,59";"0,77";"0,0";"14,03";"0,0";"2,44";"28,07"
"Srdjan Hrstić";"S. Hrstić";"73071";"2003-07-18";"BK Hacken";"523";"SWE - Allsvenskan";"90";"2025/2025";"128";"Center Forward";"70,11";"41,35";"23,03";"18,32";"10";"1";"7962,7";"113,58";"1114,3";"466,5";"45,5";"148,0";"7,4";"614,5";"52,9";"29,0";"30,36";"88,3";"6,4";"72,9";"12,5";"4,2";"0,69";"0,74";"1,1";"1,31";"1,57";"33,8";"1,93";"3,14";"10221,94";"113,58";"1430,46";"598,86";"58,41";"189,99";"9,5";"788,85";"67,91";"113,35";"8,22";"93,58";"16,05";"5,39";"1,41";"43,39";"8479,07";"141,32";"1461,01";"638,96";"60,36";"201,09";"9,14";"840,04";"69,5";"94,74";"5,95";"70,37";"11,9";"3096,9";"134,47";"480,5";"222,7";"21,5";"98,7";"4,3";"321,4";"25,8";"36,3";"2,6";"24,3";"4,3";"1,4";"0,3";"15,9";"2747,3";"149,92";"526,5";"217,7";"20,1";"39,9";"2,0";"257,6";"22,1";"29,0";"1,5";"24,2";"3,9";"1,0";"0,1";"15,9";"4034,17";"134,47";"625,92";"290,1";"28,01";"128,57";"5,6";"418,67";"33,61";"47,29";"3,39";"31,65";"5,6";"1,82";"0,39";"20,71";"4497,63";"149,92";"861,94";"356,4";"32,91";"65,32";"3,27";"421,72";"36,18";"47,48";"2,46";"39,62";"6,38";"1,64";"0,16";"26,03";"0,58";"3,48";"46,14"
"Patriot Sejdiu";"P. Sejdiu";"73195";"2000-05-05";"Östers IF";"4623";"SWE - Allsvenskan";"90";"2025/2025";"128";"Wide Attacker";"62,14";"35,65";"16,97";"18,68";"8";"0";"7027,0";"113,08";"1103,88";"470,12";"41,12";"127,25";"7,25";"597,38";"48,38";"27,48";"27,76";"79,12";"5,62";"64,5";"14,25";"3,5";"0,69";"0,83";"1,12";"1,56";"2,06";"31,25";"1,91";"2,83";"10177,23";"113,08";"1598,75";"680,88";"59,56";"184,3";"10,5";"865,18";"70,06";"114,6";"8,15";"93,42";"20,64";"5,07";"1,63";"45,26";"8543,98";"142,4";"1671,56";"734,47";"64,59";"203,45";"9,47";"937,92";"74,06";"95,52";"6,73";"69,22";"14,94";"2293,38";"135,12";"396,88";"222,25";"19,75";"67,62";"3,0";"289,88";"22,75";"27,5";"2,12";"18,25";"4,5";"1,5";"0,38";"13,88";"2782,88";"149,02";"596,25";"214,12";"18,62";"53,25";"2,62";"267,38";"21,25";"29,25";"1,88";"22,88";"4,38";"0,88";"0,38";"15,0";"4053,59";"135,12";"701,49";"392,83";"34,91";"119,53";"5,3";"512,36";"40,21";"48,61";"3,76";"32,26";"7,95";"2,65";"0,66";"24,52";"4470,48";"149,02";"957,83";"343,98";"29,92";"85,54";"4,22";"429,52";"34,14";"46,99";"3,01";"36,75";"7,03";"1,41";"0,6";"24,1";"1,26";"4,0";"48,6"
"Otto Rosengren";"O. Rosengren";"77141";"2003-05-16";"Malmo FF";"426";"SWE - Allsvenskan";"90";"2025/2025";"128";"Midfield";"89,58";"50,35";"28,33";"22,02";"25";"0";"11561,32";"129,06";"2238,68";"657,84";"53,48";"94,12";"6,16";"751,96";"59,64";"26,49";"27,94";"109,92";"2,92";"94,6";"10,44";"1,92";"0,66";"0,78";"0,2";"1,73";"null";"41,72";"1,86";"2,55";"11615,35";"129,06";"2249,14";"660,91";"53,73";"94,56";"6,19";"755,47";"59,92";"110,43";"2,93";"95,04";"10,49";"1,93";"0,2";"41,91";"10233,41";"170,56";"2487,18";"740,13";"59,68";"102,1";"6,2";"842,23";"65,87";"96,85";"1,81";"73,55";"7,91";"4822,96";"170,22";"1176,16";"285,64";"23,48";"35,48";"2,44";"321,12";"25,92";"41,08";"0,68";"32,0";"2,84";"0,28";"0,0";"20,2";"3764,92";"170,99";"911,08";"335,48";"26,6";"50,2";"2,76";"385,68";"29,36";"40,2";"0,84";"29,72";"3,8";"0,52";"0,04";"19,56";"5106,54";"170,22";"1245,32";"302,44";"24,86";"37,57";"2,58";"340,0";"27,44";"43,5";"0,72";"33,88";"3,01";"0,3";"0,0";"21,39";"5129,78";"170,99";"1241,37";"457,1";"36,24";"68,4";"3,76";"525,5";"40,0";"54,77";"1,14";"40,49";"5,18";"0,71";"0,05";"26,65";"0,05";"0,95";"47,38"
"Ajdin Zeljković";"A. Zeljković";"90378";"1997-12-26";"IFK Värnamo";"2394";"SWE - Allsvenskan";"90";"2025/2025";"128";"Center Forward";"90,1";"51,23";"29,97";"21,25";"4";"0";"11179,75";"124,08";"1681,75";"631,5";"56,5";"191,5";"9,75";"823,0";"66,25";"29,77";"29,77";"102,5";"5,25";"87,0";"9,0";"3,75";"0,84";"null";"0,25";"null";"null";"50,0";"2,02";"null";"11166,83";"124,08";"1679,81";"630,77";"56,43";"191,28";"9,74";"822,05";"66,17";"102,38";"5,24";"86,9";"8,99";"3,75";"0,25";"49,94";"9569,55";"159,49";"1839,24";"689,31";"62,37";"215,81";"9,96";"905,12";"72,33";"89,02";"3,22";"66,76";"6,73";"4572,5";"152,56";"814,0";"298,5";"29,0";"89,5";"4,25";"388,0";"33,25";"49,25";"1,5";"33,75";"3,5";"1,5";"0,0";"26,5";"3597,5";"169,26";"756,25";"290,0";"24,25";"94,75";"4,25";"384,75";"28,5";"26,75";"1,25";"23,25";"2,25";"0,75";"0,0";"20,5";"4576,95";"152,56";"814,79";"298,79";"29,03";"89,59";"4,25";"388,38";"33,28";"49,3";"1,5";"33,78";"3,5";"1,5";"0,0";"26,53";"5077,83";"169,26";"1067,44";"409,33";"34,23";"133,74";"6,0";"543,07";"40,23";"37,76";"1,76";"32,82";"3,18";"1,06";"0,0";"28,94";"0,0";"2,64";"55,05"
"Ajdin Zeljković";"A. Zeljković";"90378";"1997-12-26";"IFK Värnamo";"2394";"SWE - Allsvenskan";"90";"2025/2025";"128";"Midfield";"70,43";"38,58";"20,3";"18,28";"3";"0";"8355,0";"118,63";"1274,0";"413,67";"35,33";"79,33";"4,33";"493,0";"39,67";"27,93";"27,93";"77,0";"3,67";"70,0";"7,0";"3,33";"0,7";"null";"1,0";"null";"null";"32,67";"2,26";"null";"10676,9";"118,63";"1628,05";"528,63";"45,15";"101,38";"5,54";"630,01";"50,69";"98,4";"4,69";"89,45";"8,95";"4,26";"1,28";"41,74";"9388,82";"156,48";"1783,41";"606,05";"50,81";"120,28";"4,67";"726,32";"55,47";"83,99";"3,63";"67,4";"7,26";"3128,67";"154,12";"572,33";"197,0";"18,0";"33,67";"1,33";"230,67";"19,33";"26,67";"1,67";"20,33";"2,0";"1,67";"0,0";"13,67";"2908,0";"159,1";"574,33";"192,67";"14,67";"43,67";"1,67";"236,33";"16,33";"27,33";"0,67";"23,0";"2,67";"0,33";"0,0";"15,67";"4623,65";"154,12";"845,81";"291,13";"26,6";"49,75";"1,97";"340,89";"28,57";"39,41";"2,46";"30,05";"2,96";"2,46";"0,0";"20,2";"4773,01";"159,1";"942,67";"316,23";"24,07";"71,67";"2,74";"387,9";"26,81";"44,86";"1,09";"37,75";"4,38";"0,55";"0,0";"25,71";"0,0";"3,11";"45,62"
"Ajdin Zeljković";"A. Zeljković";"90378";"1997-12-26";"IFK Värnamo";"2394";"SWE - Allsvenskan";"90";"2025/2025";"128";"Wide Attacker";"69,94";"40,94";"17,52";"23,42";"17";"1";"8622,35";"123,29";"1373,53";"489,35";"43,12";"136,29";"8,06";"625,65";"51,18";"28,7";"30,26";"85,24";"4,35";"72,94";"9,24";"3,12";"0,57";"0,57";"1,12";"1,28";"1,36";"32,35";"1,95";"2,84";"11095,67";"123,29";"1767,53";"629,72";"55,49";"175,39";"10,37";"805,11";"65,86";"109,69";"5,6";"93,86";"11,88";"4,01";"1,44";"41,63";"9303,96";"155,07";"1860,57";"682,06";"58,89";"190,37";"9,66";"872,43";"68,54";"90,87";"3,79";"69,4";"8,45";"2719,29";"155,21";"521,47";"211,12";"18,71";"72,06";"3,47";"283,18";"22,18";"28,29";"1,18";"17,94";"2,24";"0,65";"0,29";"12,47";"3628,53";"154,95";"747,94";"254,24";"21,47";"57,82";"3,12";"312,06";"24,59";"33,71";"1,41";"29,41";"3,53";"0,71";"0,24";"17,88";"4656,43";"155,21";"892,95";"361,51";"32,03";"123,39";"5,94";"484,9";"37,97";"48,45";"2,01";"30,72";"3,83";"1,11";"0,5";"21,35";"4648,65";"154,95";"958,22";"325,71";"27,51";"74,08";"3,99";"399,79";"31,5";"43,18";"1,81";"37,68";"4,52";"0,9";"0,3";"22,91";"0,78";"1,98";"44,49"
"Omar Faraj";"O. Faraj";"97739";"2002-03-09";"Degerfors IF";"1736";"SWE - Allsvenskan";"90";"2025/2025";"128";"Center Forward";"89,55";"47,32";"22,24";"25,08";"13";"0";"9803,31";"109,47";"1340,54";"550,15";"57,0";"173,08";"10,77";"723,23";"67,77";"28,62";"29,6";"110,38";"7,77";"87,85";"20,92";"5,08";"0,73";"0,74";"1,38";"1,33";"1,48";"41,62";"1,98";"2,72";"9852,57";"109,47";"1347,27";"552,92";"57,29";"173,95";"10,82";"726,87";"68,11";"110,94";"7,81";"88,29";"21,03";"5,1";"1,39";"41,82";"8572,12";"142,87";"1509,05";"626,66";"65,25";"204,63";"11,61";"831,29";"76,86";"97,24";"5,75";"69,93";"14,63";"3121,69";"140,39";"555,85";"251,31";"26,0";"92,23";"4,92";"343,54";"30,92";"39,92";"2,15";"25,38";"5,0";"1,46";"0,46";"18,54";"3638,92";"145,07";"634,31";"242,92";"25,46";"69,15";"4,23";"312,08";"29,69";"36,77";"2,38";"29,77";"6,54";"1,54";"0,23";"19,54";"4211,69";"140,39";"749,93";"339,06";"35,08";"124,43";"6,64";"463,49";"41,72";"53,86";"2,91";"34,25";"6,75";"1,97";"0,62";"25,01";"4351,98";"145,07";"758,6";"290,52";"30,45";"82,7";"5,06";"373,23";"35,51";"43,97";"2,85";"35,6";"7,82";"1,84";"0,28";"23,37";"0,88";"3,8";"48,28"
"Eman Marković";"E. Marković";"110462";"1999-05-08";"IFK Göteborg";"1480";"SWE - Allsvenskan";"90";"2025/2025";"128";"Wide Attacker";"75,24";"42,41";"21,74";"20,67";"12";"0";"8711,08";"115,78";"1241,17";"544,42";"55,25";"204,08";"11,75";"748,5";"67,0";"30,13";"32,04";"99,08";"8,83";"79,0";"19,75";"6,58";"0,63";"0,67";"3,33";"1,25";"1,25";"33,67";"1,95";"2,62";"10419,92";"115,78";"1484,64";"651,21";"66,09";"244,12";"14,05";"895,33";"80,14";"118,52";"10,57";"94,5";"23,62";"7,87";"3,99";"40,27";"8791,39";"146,52";"1565,69";"705,69";"70,62";"265,84";"14,97";"971,53";"85,59";"101,62";"7,78";"69,91";"17,21";"3070,25";"141,2";"501,5";"270,08";"28,42";"128,0";"7,08";"398,08";"35,5";"39,17";"3,83";"24,0";"6,92";"2,75";"1,5";"15,25";"3144,17";"152,13";"605,25";"228,75";"21,5";"59,92";"3,5";"288,67";"25,0";"32,67";"1,67";"25,42";"5,25";"0,83";"0,17";"15,58";"4235,91";"141,2";"691,9";"372,62";"39,21";"176,6";"9,77";"549,22";"48,98";"54,04";"5,29";"33,11";"9,54";"3,79";"2,07";"21,04";"4563,81";"152,13";"878,53";"332,03";"31,21";"86,97";"5,08";"419,0";"36,29";"47,42";"2,42";"36,89";"7,62";"1,21";"0,24";"22,62";"2,36";"5,07";"43,62"
"Adam Jakobsen";"A. Jakobsen";"110988";"1999-04-07";"IF Brommapojkarna";"2941";"SWE - Allsvenskan";"90";"2025/2025";"128";"Center Forward";"91,83";"51,68";"23,38";"28,3";"7";"0";"10230,0";"111,4";"1301,43";"550,0";"58,86";"242,29";"14,29";"792,29";"73,14";"30,19";"30,64";"99,86";"7,71";"80,86";"18,0";"5,71";"0,7";"0,75";"2,29";"1,33";"1,51";"41,0";"1,75";"2,83";"10026,29";"111,4";"1275,51";"539,05";"57,69";"237,46";"14,0";"776,51";"71,69";"97,87";"7,56";"79,25";"17,64";"5,6";"2,24";"40,18";"8466,39";"141,11";"1391,44";"596,38";"63,35";"259,38";"14,76";"855,76";"78,11";"87,23";"5,31";"65,01";"13,77";"3286,29";"140,57";"566,29";"243,0";"26,0";"125,14";"6,29";"368,14";"32,29";"39,43";"2,43";"25,43";"5,57";"1,71";"0,86";"14,29";"4006,57";"141,55";"632,29";"270,71";"28,57";"98,29";"6,43";"369,0";"35,0";"35,71";"2,14";"30,57";"6,29";"1,71";"0,71";"24,29";"4217,05";"140,57";"726,67";"311,82";"33,36";"160,59";"8,07";"472,41";"41,43";"50,6";"3,12";"32,63";"7,15";"2,2";"1,1";"18,33";"4246,53";"141,55";"670,15";"286,93";"30,28";"104,17";"6,81";"391,1";"37,1";"37,85";"2,27";"32,4";"6,66";"1,82";"0,76";"25,74";"1,82";"3,98";"44,78"
"Adam Jakobsen";"A. Jakobsen";"110988";"1999-04-07";"IF Brommapojkarna";"2941";"SWE - Allsvenskan";"90";"2025/2025";"128";"Midfield";"82,47";"48,79";"24,46";"24,33";"8";"0";"9372,5";"113,65";"1328,5";"537,62";"49,5";"229,12";"11,0";"766,75";"60,5";"29,45";"30,4";"91,5";"5,25";"75,38";"14,38";"4,25";"0,58";"0,72";"2,25";"1,2";"1,52";"33,75";"1,95";"2,63";"10228,16";"113,65";"1449,79";"586,71";"54,02";"250,04";"12,0";"836,75";"66,02";"99,85";"5,73";"82,26";"15,69";"4,64";"2,46";"36,83";"8490,24";"141,5";"1440,28";"565,56";"55,34";"215,07";"11,53";"780,63";"66,87";"87,47";"4,61";"67,03";"11,07";"3456,0";"141,29";"613,75";"250,88";"24,62";"95,0";"5,62";"345,88";"30,25";"39,12";"2,0";"27,12";"4,38";"1,75";"0,88";"12,38";"3447,62";"141,72";"557,38";"209,0";"20,38";"79,88";"3,75";"288,88";"24,12";"32,0";"1,75";"27,38";"4,62";"1,12";"0,62";"18,62";"4238,68";"141,29";"752,75";"307,69";"30,2";"116,51";"6,9";"424,21";"37,1";"47,99";"2,45";"33,27";"5,37";"2,15";"1,07";"15,18";"4251,59";"141,72";"687,35";"257,74";"25,13";"98,5";"4,62";"356,24";"29,75";"39,46";"2,16";"33,76";"5,7";"1,39";"0,77";"22,97";"1,84";"3,54";"38,12"
"Niilo Mäenpää";"N. Mäenpää";"113500";"1998-01-14";"Halmstads BK";"1735";"SWE - Allsvenskan";"90";"2025/2025";"128";"Midfield";"68,23";"37,91";"17,12";"20,78";"9";"0";"8716,67";"127,75";"1715,22";"504,67";"41,11";"98,22";"5,78";"602,89";"46,89";"27,58";"28,8";"96,11";"2,0";"84,22";"8,33";"1,22";"0,78";"0,91";"0,22";"null";"null";"40,78";"2,04";"2,8";"11497,63";"127,75";"2262,45";"665,68";"54,23";"129,56";"7,62";"795,23";"61,85";"126,77";"2,64";"111,09";"10,99";"1,61";"0,29";"53,79";"10090,73";"168,18";"2473,04";"747,79";"60,32";"144,91";"7,03";"892,7";"67,36";"109,39";"1,76";"85,47";"8,27";"2829,22";"165,22";"654,67";"188,22";"16,67";"49,11";"2,44";"237,33";"19,11";"30,33";"0,78";"23,11";"1,78";"0,0";"0,0";"11,44";"3546,0";"170,62";"907,78";"284,22";"21,44";"42,44";"2,0";"326,67";"23,44";"38,78";"0,33";"30,89";"3,44";"0,11";"0,0";"26,89";"4956,57";"165,22";"1146,92";"329,75";"29,2";"86,04";"4,28";"415,79";"33,48";"53,14";"1,36";"40,49";"3,11";"0,0";"0,0";"20,05";"5118,52";"170,62";"1310,34";"410,26";"30,95";"61,27";"2,89";"471,53";"33,84";"55,97";"0,48";"44,59";"4,97";"0,16";"0,0";"38,81";"0,0";"0,18";"60,67"
"Niilo Mäenpää";"N. Mäenpää";"113500";"1998-01-14";"Halmstads BK";"1735";"SWE - Allsvenskan";"90";"2025/2025";"128";"Wide Attacker";"60,38";"35,5";"14,97";"20,53";"11";"1";"7754,36";"128,42";"1396,36";"574,73";"50,27";"174,82";"9,09";"749,55";"59,36";"28,12";"29,06";"93,91";"4,36";"75,82";"12,36";"2,64";"0,67";"0,77";"0,64";"1,4";"1,6";"39,0";"1,8";"2,68";"11557,99";"128,42";"2081,3";"856,64";"74,93";"260,57";"13,55";"1117,21";"88,48";"139,97";"6,5";"113,01";"18,43";"3,93";"0,95";"58,13";"9734,31";"162,24";"2149,52";"906,03";"78,22";"275,07";"13,68";"1181,1";"91,89";"119,09";"5,22";"86,21";"12,45";"2422,64";"161,89";"494,55";"227,45";"19,73";"94,45";"4,45";"321,91";"24,18";"30,18";"1,18";"19,91";"2,73";"0,55";"0,18";"11,73";"3336,09";"162,5";"777,09";"308,55";"26,55";"68,27";"3,64";"376,82";"30,18";"40,27";"1,91";"31,09";"4,64";"1,0";"0,45";"25,55";"4856,56";"161,89";"991,39";"455,97";"39,55";"189,35";"8,93";"645,32";"48,48";"60,5";"2,37";"39,91";"5,47";"1,09";"0,36";"23,51";"4874,88";"162,5";"1135,53";"450,86";"38,79";"99,76";"5,31";"550,63";"44,1";"58,85";"2,79";"45,43";"6,77";"1,46";"0,66";"37,33";"1,08";"2,61";"63,0"
"Oskar Ågren";"O. Ågren";"128928";"1998-09-10";"GAIS";"3534";"SWE - Allsvenskan";"90";"2025/2025";"128";"Central Defender";"96,1";"54,91";"28,59";"26,32";"22";"2";"10782,27";"112,2";"1505,23";"504,59";"46,55";"158,45";"8,32";"663,05";"54,86";"29,08";"31,48";"124,91";"6,32";"98,91";"13,59";"4,23";"0,6";"0,67";"0,82";"1,36";"1,38";"26,5";"1,88";"2,8";"10097,78";"112,2";"1409,67";"472,56";"43,59";"148,4";"7,79";"620,95";"51,38";"116,98";"5,92";"92,63";"12,73";"3,96";"0,77";"24,82";"8477,88";"141,3";"1401,45";"471,93";"44,45";"149,3";"6,85";"621,23";"51,31";"94,57";"4,17";"70,53";"8,2";"3817,36";"133,5";"576,95";"146,73";"13,95";"27,45";"1,64";"174,18";"15,59";"38,27";"1,68";"30,27";"3,09";"1,05";"0,14";"7,09";"3941,5";"149,77";"705,64";"285,18";"26,73";"109,18";"4,64";"394,36";"31,36";"48,27";"2,14";"34,27";"4,41";"1,32";"0,32";"16,59";"4004,97";"133,5";"605,31";"153,94";"14,64";"28,8";"1,72";"182,74";"16,36";"40,15";"1,76";"31,76";"3,24";"1,1";"0,14";"7,44";"4493,16";"149,77";"804,4";"325,1";"30,47";"124,46";"5,29";"449,56";"35,75";"55,03";"2,44";"39,07";"5,03";"1,5";"0,36";"18,91";"0,5";"2,58";"25,88"
"Freddy Aleksander Damnjanovic Nilsson";"A. Nilsson";"141364";"2002-09-05";"Halmstads BK";"1735";"SWE - Allsvenskan";"90";"2025/2025";"128";"Midfield";"89,9";"51,89";"20,09";"31,8";"11";"0";"10643,09";"118,38";"1984,73";"554,55";"44,0";"80,73";"3,91";"635,27";"47,91";"26,65";"27,74";"122,09";"3,36";"100,91";"14,27";"2,0";"0,71";"0,79";"0,45";"1,63";"null";"35,73";"2,03";"2,79";"10654,39";"118,38";"1986,83";"555,13";"44,05";"80,81";"3,91";"635,95";"47,96";"122,22";"3,37";"101,02";"14,29";"2,0";"0,46";"35,77";"9258,91";"154,32";"2117,68";"606,97";"47,41";"88,93";"3,68";"695,91";"51,09";"110,69";"2,31";"80,52";"10,62";"2951,18";"146,92";"637,91";"117,82";"10,09";"18,09";"0,45";"135,91";"10,55";"30,27";"0,82";"20,09";"2,18";"0,36";"0,0";"6,64";"5055,91";"158,98";"1193,45";"407,09";"30,91";"58,82";"2,73";"465,91";"33,64";"65,45";"1,18";"49,55";"7,0";"0,82";"0,27";"27,64";"4407,74";"146,92";"952,75";"175,97";"15,07";"27,02";"0,68";"202,99";"15,75";"45,21";"1,22";"30,01";"3,26";"0,54";"0,0";"9,91";"4769,5";"158,98";"1125,85";"384,03";"29,16";"55,49";"2,57";"439,52";"31,73";"61,75";"1,11";"46,74";"6,6";"0,77";"0,26";"26,07";"0,32";"1,37";"39,63"
"Anton Eriksson";"A. Eriksson";"153795";"2000-03-05";"IFK Norrköping";"1484";"SWE - Allsvenskan";"90";"2025/2025";"128";"Central Defender";"79,59";"43,9";"17,74";"26,16";"5";"0";"8348,2";"104,89";"1214,8";"491,0";"39,6";"219,4";"8,0";"710,4";"47,6";"29,24";"29,24";"99,6";"5,0";"85,2";"11,8";"4,0";"0,74";"0,77";"1,4";"1,52";"null";"24,0";"2,14";"2,96";"9440,11";"104,89";"1373,69";"555,22";"44,78";"248,1";"9,05";"803,32";"53,83";"112,63";"5,65";"96,34";"13,34";"4,52";"1,58";"27,14";"8110,18";"135,17";"1380,03";"507,3";"49,75";"211,83";"8,75";"719,13";"58,49";"95,39";"3,28";"75,99";"8,2";"2219,4";"125,11";"329,8";"88,8";"9,8";"28,2";"0,8";"117,0";"10,6";"21,0";"1,0";"17,4";"2,2";"0,6";"0,4";"3,4";"3715,0";"141,99";"680,0";"282,4";"26,6";"126,8";"5,6";"409,2";"32,2";"48,8";"1,4";"38,2";"3,8";"1,2";"0,6";"18,6";"3753,21";"125,11";"557,72";"150,17";"16,57";"47,69";"1,35";"197,86";"17,93";"35,51";"1,69";"29,43";"3,72";"1,01";"0,68";"5,75";"4259,78";"141,99";"779,72";"323,81";"30,5";"145,39";"6,42";"469,21";"36,92";"55,96";"1,61";"43,8";"4,36";"1,38";"0,69";"21,33";"1,37";"2,46";"30,07"
"Dennis Olsson";"D. Olsson";"153804";"1999-06-10";"Östers IF";"4623";"SWE - Allsvenskan";"90";"2025/2025";"128";"Full Back";"77,65";"43,1";"21,69";"21,41";"12";"0";"8604,58";"110,81";"1186,42";"540,83";"53,67";"226,42";"11,25";"767,25";"64,92";"29,98";"31,46";"99,58";"7,08";"83,83";"17,83";"6,08";"0,61";"0,68";"2,17";"1,35";"1,49";"29,75";"1,97";"2,93";"9973,29";"110,81";"1375,14";"626,86";"62,2";"262,43";"13,04";"889,29";"75,24";"115,42";"8,21";"97,17";"20,67";"7,05";"2,51";"34,48";"8488,63";"141,48";"1437,24";"690,49";"67,87";"293,5";"13,81";"983,99";"81,67";"100,93";"6,96";"71,81";"14,85";"2963,33";"136,61";"477,17";"215,17";"21,92";"97,08";"4,83";"312,25";"26,75";"31,42";"2,58";"23,0";"4,25";"2,0";"1,0";"9,42";"3134,33";"146,41";"555,25";"280,83";"26,83";"113,75";"5,08";"394,58";"31,92";"41,08";"2,42";"28,58";"6,42";"2,0";"0,42";"17,58";"4098,35";"136,61";"659,93";"297,58";"30,31";"134,27";"6,68";"431,85";"37,0";"43,45";"3,57";"31,81";"5,88";"2,77";"1,38";"13,02";"4392,21";"146,41";"778,08";"393,54";"37,6";"159,4";"7,12";"552,94";"44,73";"57,57";"3,39";"40,05";"8,99";"2,8";"0,58";"24,64";"1,97";"5,57";"37,59"
"Dennis Olsson";"D. Olsson";"153804";"1999-06-10";"Östers IF";"4623";"SWE - Allsvenskan";"90";"2025/2025";"128";"Wide Attacker";"56,59";"32,37";"14,67";"17,71";"3";"0";"6907,0";"122,04";"1187,0";"528,67";"43,33";"127,33";"8,0";"656,0";"51,33";"28,27";"28,27";"77,67";"4,67";"63,33";"14,0";"4,67";"0,69";"null";"0,67";"null";"null";"23,33";"2,34";"null";"10983,94";"122,04";"1887,64";"840,72";"68,91";"202,49";"12,72";"1043,21";"81,63";"123,51";"7,42";"100,72";"22,26";"7,42";"1,06";"37,11";"9275,24";"154,59";"1986,27";"921,16";"74,14";"232,3";"12,97";"1153,46";"87,11";"108,12";"6,8";"74,76";"15,45";"2184,67";"148,95";"437,0";"214,0";"19,0";"74,33";"3,33";"288,33";"22,33";"27,0";"1,33";"17,0";"3,0";"0,67";"0,0";"6,33";"2819,67";"159,25";"634,67";"283,0";"21,0";"51,0";"3,67";"334,0";"24,67";"31,33";"2,33";"23,33";"5,33";"2,0";"0,33";"15,33";"4468,64";"148,95";"893,86";"437,73";"38,86";"152,05";"6,82";"589,77";"45,68";"55,23";"2,73";"34,77";"6,14";"1,36";"0,0";"12,95";"4777,6";"159,25";"1075,37";"479,51";"35,58";"86,41";"6,21";"565,92";"41,79";"53,09";"3,95";"39,54";"9,04";"3,39";"0,56";"25,98";"0,62";"4,94";"40,16"
"Oscar Uddenäs";"O. Uddenäs";"153805";"2002-08-17";"Östers IF";"4623";"SWE - Allsvenskan";"90";"2025/2025";"128";"Wide Attacker";"73,53";"41,65";"19,91";"21,74";"16";"0";"8845,88";"120,31";"1469,19";"564,31";"47,69";"138,25";"7,88";"702,56";"55,56";"28,13";"29,9";"96,06";"5,12";"75,44";"15,06";"3,44";"0,67";"0,69";"0,94";"1,29";"null";"37,19";"1,88";"2,74";"10828,0";"120,31";"1798,39";"690,76";"58,37";"169,23";"9,64";"859,99";"68,01";"117,59";"6,27";"92,34";"18,44";"4,21";"1,15";"45,52";"9141,14";"152,35";"1903,05";"753,3";"63,48";"187,38";"9,09";"940,68";"72,57";"102,74";"5,13";"71,85";"13,6";"2932,81";"147,3";"581,06";"263,06";"22,69";"69,0";"3,62";"332,06";"26,31";"34,44";"1,75";"21,38";"3,88";"1,06";"0,38";"17,38";"3412,19";"156,98";"739,88";"259,81";"21,38";"61,06";"2,69";"320,88";"24,06";"36,88";"1,81";"28,5";"5,56";"0,88";"0,06";"17,06";"4419,01";"147,3";"875,52";"396,37";"34,18";"103,97";"5,46";"500,33";"39,65";"51,89";"2,64";"32,21";"5,84";"1,6";"0,57";"26,18";"4709,4";"156,98";"1021,15";"358,59";"29,5";"84,28";"3,71";"442,86";"33,21";"50,89";"2,5";"39,33";"7,68";"1,21";"0,09";"23,55";"0,63";"2,79";"49,61"
"Jesper Ceesay";"Jesper Ceesay";"153811";"2001-10-20";"IFK Norrköping";"1484";"SWE - Allsvenskan";"90";"2025/2025";"128";"Midfield";"85,65";"45,41";"22,04";"23,37";"8";"0";"10307,75";"120,35";"1929,75";"519,88";"44,12";"115,0";"6,25";"634,88";"50,38";"27,8";"28,52";"113,5";"4,5";"96,25";"13,0";"2,5";"0,72";"0,77";"1,0";"1,63";"1,73";"31,62";"1,93";"2,98";"10831,79";"120,35";"2027,86";"546,31";"46,37";"120,85";"6,57";"667,15";"52,94";"119,27";"4,73";"101,14";"13,66";"2,63";"1,05";"33,23";"9769,82";"162,83";"2313,52";"643,24";"54,0";"142,69";"6,61";"785,93";"60,61";"111,64";"4,46";"84,88";"10,07";"3454,12";"156,71";"791,38";"177,0";"14,75";"28,75";"1,38";"205,75";"16,12";"37,38";"1,75";"29,25";"2,25";"0,75";"0,25";"9,88";"3940,75";"168,6";"959,75";"309,88";"26,12";"79,25";"3,62";"389,12";"29,75";"47,12";"1,62";"35,0";"5,38";"1,12";"0,5";"20,12";"4701,27";"156,71";"1077,11";"240,91";"20,08";"39,13";"1,87";"280,04";"21,95";"50,87";"2,38";"39,81";"3,06";"1,02";"0,34";"13,44";"5058,1";"168,6";"1231,87";"397,74";"33,53";"101,72";"4,65";"499,46";"38,19";"60,49";"2,09";"44,92";"6,9";"1,44";"0,64";"25,83";"0,99";"2,48";"39,63"
"Dijan Vukojević";"D. Vukojević";"153813";"1995-09-12";"Degerfors IF";"1736";"SWE - Allsvenskan";"90";"2025/2025";"128";"Center Forward";"88,25";"46,95";"20,65";"26,3";"3";"0";"10078,33";"114,2";"1435,67";"581,33";"57,67";"226,67";"11,67";"808,0";"69,33";"29,97";"29,97";"106,0";"6,0";"90,67";"13,0";"4,67";"0,72";"0,75";"0,33";"null";"null";"40,33";"2,39";"null";"10278,19";"114,2";"1464,14";"592,86";"58,81";"231,16";"11,9";"824,02";"70,71";"108,1";"6,12";"92,46";"13,26";"4,76";"0,34";"41,13";"8974,65";"149,58";"1663,47";"685,84";"68,16";"281,58";"12,78";"967,41";"80,94";"94,99";"5,96";"73,27";"9,37";"3121,0";"151,14";"580,33";"308,0";"29,67";"166,67";"6,33";"474,67";"36,0";"36,33";"2,67";"24,0";"3,67";"1,67";"0,33";"16,67";"3901,67";"148,35";"721,33";"228,67";"23,67";"53,67";"3,67";"282,33";"27,33";"38,0";"2,0";"33,33";"3,67";"1,0";"0,0";"19,67";"4534,14";"151,14";"843,1";"447,46";"43,1";"242,13";"9,2";"689,59";"52,3";"52,78";"3,87";"34,87";"5,33";"2,42";"0,48";"24,21";"4450,57";"148,35";"822,81";"260,84";"27,0";"61,22";"4,18";"322,05";"31,18";"43,35";"2,28";"38,02";"4,18";"1,14";"0,0";"22,43";"0,43";"3,41";"46,43"
"Daniel Stensson";"D. Stensson";"153816";"1997-03-24";"Djurgardens IF";"522";"SWE - Allsvenskan";"90";"2025/2025";"128";"Midfield";"63,38";"32,8";"18,12";"14,68";"12";"1";"7701,67";"121,53";"1336,42";"437,92";"36,75";"83,83";"5,67";"521,75";"42,42";"26,87";"27,42";"81,33";"2,58";"69,92";"10,75";"1,33";"0,7";"0,83";"0,17";"null";"null";"30,58";"2,0";"2,84";"10937,28";"121,53";"1897,87";"621,89";"52,19";"119,05";"8,05";"740,95";"60,24";"115,5";"3,67";"99,29";"15,27";"1,89";"0,24";"43,43";"9979,57";"166,33";"2217,99";"743,45";"59,91";"146,04";"8,23";"889,48";"68,14";"104,57";"2,74";"80,95";"10,82";"2925,92";"161,48";"625,75";"127,33";"10,33";"11,75";"0,92";"139,08";"11,25";"28,25";"0,67";"22,75";"2,42";"0,25";"0,08";"8,67";"2529,58";"172,31";"586,75";"279,08";"22,42";"68,08";"3,58";"347,17";"26,0";"28,92";"0,83";"21,5";"3,5";"0,33";"0,0";"19,08";"4844,38";"161,48";"1036,04";"210,82";"17,11";"19,45";"1,52";"230,28";"18,63";"46,77";"1,1";"37,67";"4,0";"0,41";"0,14";"14,35";"5169,25";"172,31";"1199,04";"570,31";"45,81";"139,13";"7,32";"709,44";"53,13";"59,09";"1,7";"43,94";"7,15";"0,68";"0,0";"39,0";"0,15";"1,07";"50,76"
"Rasmus Örqvist";"R. Örqvist";"153823";"1998-10-18";"IF Brommapojkarna";"2941";"SWE - Allsvenskan";"90";"2025/2025";"128";"Wide Attacker";"61,51";"31,34";"13,42";"17,92";"4";"1";"7183,75";"116,79";"1171,5";"463,0";"42,5";"159,25";"9,0";"622,25";"51,5";"28,32";"28,32";"84,0";"8,5";"71,75";"17,0";"6,5";"0,76";"0,73";"1,25";"1,75";"null";"31,75";"2,09";"2,82";"10511,38";"116,79";"1714,16";"677,47";"62,19";"233,02";"13,17";"910,49";"75,36";"122,91";"12,44";"104,99";"24,87";"9,51";"1,83";"46,46";"9284,76";"154,75";"1973,25";"815,05";"71,79";"285,72";"14,36";"1100,77";"86,15";"113,43";"9,57";"84,71";"17,23";"2116,75";"157,72";"452,0";"217,75";"18,25";"73,75";"4,0";"291,5";"22,25";"28,0";"1,75";"18,0";"3,75";"1,5";"0,75";"11,0";"2733,25";"152,52";"578,75";"208,0";"19,25";"75,5";"3,5";"283,5";"22,75";"31,25";"3,25";"26,25";"5,25";"2,25";"0,25";"18,25";"4731,64";"157,72";"1010,37";"486,74";"40,79";"164,86";"8,94";"651,6";"49,74";"62,59";"3,91";"40,24";"8,38";"3,35";"1,68";"24,59";"4575,54";"152,52";"968,84";"348,2";"32,23";"126,39";"5,86";"474,59";"38,08";"52,31";"5,44";"43,94";"8,79";"3,77";"0,42";"30,55";"1,91";"7,18";"56,0"
"Wenderson Oliveira do Nascimento";"Wenderson";"155303";"1999-04-27";"IF Elfsborg";"1483";"SWE - Allsvenskan";"90";"2025/2025";"128";"Midfield";"78,82";"43,11";"22,12";"20,99";"12";"0";"9667,83";"122,66";"1636,83";"588,08";"52,58";"134,5";"8,25";"722,58";"60,83";"27,62";"28,9";"98,92";"3,42";"85,08";"10,67";"2,08";"0,7";"0,79";"0,58";"1,47";"1,66";"38,67";"1,93";"2,67";"11039,41";"122,66";"1869,05";"671,51";"60,04";"153,58";"9,42";"825,1";"69,46";"112,95";"3,9";"97,15";"12,18";"2,38";"0,67";"44,15";"9660,62";"161,01";"2066,37";"765,65";"66,35";"170,85";"9,51";"936,51";"75,86";"100,33";"3,13";"78,29";"9,4";"3401,67";"153,81";"673,58";"164,67";"16,08";"32,75";"2,25";"197,42";"18,33";"32,42";"1,0";"25,42";"2,08";"0,42";"0,08";"11,92";"3539,0";"168,6";"811,0";"385,42";"31,58";"90,0";"4,58";"475,42";"36,17";"39,67";"1,25";"30,83";"4,67";"0,92";"0,08";"23,92";"4614,17";"153,81";"913,68";"223,36";"21,82";"44,42";"3,05";"267,78";"24,87";"43,97";"1,36";"34,48";"2,83";"0,57";"0,11";"16,16";"5058,06";"168,6";"1159,11";"550,85";"45,14";"128,63";"6,55";"679,48";"51,69";"56,69";"1,79";"44,07";"6,67";"1,31";"0,12";"34,18";"0,23";"1,86";"49,88"
"Wenderson Oliveira do Nascimento";"Wenderson";"155303";"1999-04-27";"IFK Värnamo";"2394";"SWE - Allsvenskan";"90";"2025/2025";"128";"Midfield";"89,19";"50,47";"24,34";"26,13";"8";"0";"10570,12";"118,52";"1641,25";"669,38";"66,75";"242,62";"14,38";"912,0";"81,12";"29,73";"30,1";"120,62";"6,62";"101,88";"18,38";"4,62";"0,62";"0,67";"2,12";"1,22";"1,57";"41,5";"2,0";"2,81";"10666,42";"118,52";"1656,2";"675,47";"67,36";"244,84";"14,51";"920,31";"81,86";"121,72";"6,69";"102,8";"18,54";"4,67";"2,14";"41,88";"9273,79";"154,56";"1811,66";"755,6";"73,55";"272,67";"15,31";"1028,27";"88,86";"108,47";"5,35";"80,84";"12,48";"3626,12";"148,97";"688,12";"258,12";"25,62";"93,38";"5,0";"351,5";"30,62";"42,0";"2,38";"30,12";"4,88";"1,62";"1,12";"16,38";"4175,12";"159,78";"835,88";"377,5";"36,25";"136,0";"7,88";"513,5";"44,12";"49,25";"2,12";"37,88";"5,62";"1,38";"0,38";"22,25";"4469,03";"148,97";"848,08";"318,13";"31,58";"115,08";"6,16";"433,21";"37,74";"51,76";"2,93";"37,13";"6,01";"2,0";"1,39";"20,18";"4793,26";"159,78";"959,63";"433,39";"41,62";"156,13";"9,04";"589,52";"50,66";"56,54";"2,44";"43,48";"6,46";"1,58";"0,43";"25,54";"1,78";"3,57";"45,92"
" Oscar Nils Per  Johansson Schellhas";"O. Johansson";"155304";"1995-05-06";"Hammarby IF";"1478";"SWE - Allsvenskan";"90";"2025/2025";"128";"Midfield";"67,71";"39,87";"24,4";"15,47";"4";"0";"8774,75";"129,59";"1527,0";"575,5";"49,5";"133,25";"6,75";"708,75";"56,25";"27,75";"27,75";"90,75";"3,75";"80,75";"12,5";"2,0";"0,89";"null";"0,75";"1,56";"null";"35,0";"2,19";"3,25";"11662,95";"129,59";"2029,61";"764,93";"65,79";"177,11";"8,97";"942,03";"74,76";"120,62";"4,98";"107,33";"16,61";"2,66";"1,0";"46,52";"9919,57";"165,33";"2132,23";"825,13";"71,86";"175,33";"8,28";"1000,46";"80,14";"99,71";"3,01";"77,88";"11,66";"3847,25";"157,67";"779,0";"258,25";"23,25";"47,25";"2,25";"305,5";"25,5";"36,75";"0,5";"31,25";"3,75";"0,0";"0,0";"13,75";"2743,75";"177,4";"637,75";"290,0";"24,5";"69,25";"3,25";"359,25";"27,75";"29,5";"1,5";"20,5";"4,0";"0,75";"0,25";"19,5";"4730,23";"157,67";"957,79";"317,52";"28,59";"58,09";"2,77";"375,61";"31,35";"45,18";"0,61";"38,42";"4,61";"0,0";"0,0";"16,91";"5321,93";"177,4";"1237,02";"562,5";"47,52";"134,32";"6,3";"696,82";"53,83";"57,22";"2,91";"39,76";"7,76";"1,45";"0,48";"37,82";"0,38";"1,13";"50,04"
" Oscar Nils Per  Johansson Schellhas";"O. Johansson";"155304";"1995-05-06";"Hammarby IF";"1478";"SWE - Allsvenskan";"90";"2025/2025";"128";"Wide Attacker";"76,68";"40,43";"20,29";"20,13";"3";"0";"9434,67";"123,04";"1524,67";"757,33";"73,33";"237,0";"13,67";"994,33";"87,0";"28,1";"28,1";"95,67";"7,0";"81,0";"15,33";"5,67";"0,69";"0,73";"1,0";"null";"null";"44,33";"2,08";"null";"11073,87";"123,04";"1789,57";"888,91";"86,07";"278,18";"16,04";"1167,09";"102,12";"112,29";"8,22";"95,07";"18,0";"6,65";"1,17";"52,04";"9880,83";"164,68";"2029,79";"1053,24";"98,94";"328,49";"17,31";"1381,72";"116,26";"110,32";"6,93";"82,12";"13,85";"3279,67";"161,6";"650,67";"322,67";"28,67";"88,33";"5,33";"411,0";"34,0";"39,33";"2,67";"28,33";"3,67";"2,0";"0,67";"18,33";"3378,0";"167,78";"717,0";"387,0";"38,0";"133,0";"6,33";"520,0";"44,33";"35,0";"2,0";"27,0";"5,67";"1,33";"0,0";"22,0";"4848,12";"161,6";"961,84";"476,98";"42,38";"130,58";"7,88";"607,56";"50,26";"58,14";"3,94";"41,88";"5,42";"2,96";"0,99";"27,1";"5033,44";"167,78";"1068,38";"576,66";"56,62";"198,18";"9,44";"774,83";"66,06";"52,15";"2,98";"40,23";"8,44";"1,99";"0,0";"32,78";"0,99";"4,95";"59,86"
"Victor Eriksson";"V. Eriksson";"155306";"2000-09-17";"Hammarby IF";"1478";"SWE - Allsvenskan";"90";"2025/2025";"128";"Central Defender";"99,16";"56,39";"34,2";"22,19";"26";"2";"10603,92";"106,94";"1325,5";"429,15";"40,58";"153,88";"7,65";"583,04";"48,23";"29,46";"31,66";"105,04";"4,12";"81,88";"9,15";"2,69";"0,71";"0,71";"0,92";"1,34";"1,49";"22,04";"1,99";"2,87";"9624,35";"106,94";"1203,05";"389,51";"36,83";"139,67";"6,95";"529,18";"43,78";"95,34";"3,74";"74,32";"8,31";"2,44";"0,84";"20,0";"8107,18";"135,12";"1218,02";"413,84";"38,3";"152,47";"6,63";"566,31";"44,93";"78,24";"2,66";"56,23";"5,36";"4221,12";"123,42";"512,5";"102,88";"9,62";"26,58";"1,42";"129,46";"11,04";"34,23";"0,65";"27,04";"2,15";"0,19";"0,04";"5,27";"3398,77";"153,15";"632,31";"286,08";"26,38";"116,73";"4,81";"402,81";"31,19";"39,31";"1,85";"25,81";"2,88";"1,27";"0,54";"14,42";"3702,66";"123,42";"449,55";"90,25";"8,43";"23,31";"1,25";"113,56";"9,68";"30,03";"0,57";"23,72";"1,89";"0,17";"0,03";"4,62";"4594,39";"153,15";"854,74";"386,71";"35,67";"157,79";"6,5";"544,51";"42,17";"53,14";"2,5";"34,89";"3,9";"1,72";"0,73";"19,5";"0,61";"1,56";"20,95"
"Victor Larsson";"V. Larsson";"155314";"2000-04-19";"IFK Värnamo";"2394";"SWE - Allsvenskan";"90";"2025/2025";"128";"Full Back";"89,31";"51,24";"23,98";"27,26";"18";"1";"10823,22";"121,19";"1633,67";"727,5";"69,67";"269,89";"14,78";"997,39";"84,44";"28,74";"29,86";"124,17";"8,67";"101,72";"20,33";"5,5";"0,56";"0,6";"1,56";"1,27";"1,4";"48,17";"1,88";"2,54";"10907,04";"121,19";"1646,32";"733,13";"70,21";"271,98";"14,89";"1005,11";"85,1";"125,13";"8,73";"102,51";"20,49";"5,54";"1,57";"48,54";"9139,24";"152,32";"1677,09";"779,29";"73,51";"285,11";"15,09";"1064,39";"88,6";"106,49";"6,18";"75,52";"13,73";"3804,22";"158,63";"731,39";"315,0";"28,89";"126,61";"6,0";"441,61";"34,89";"41,33";"2,11";"29,17";"4,89";"1,56";"0,39";"16,28";"4001,22";"146,77";"700,94";"350,56";"33,89";"116,89";"6,89";"467,44";"40,78";"49,61";"3,17";"35,33";"6,83";"1,94";"0,61";"28,39";"4758,95";"158,63";"914,94";"394,05";"36,14";"158,39";"7,51";"552,44";"43,64";"51,71";"2,64";"36,49";"6,12";"1,95";"0,49";"20,36";"4403,07";"146,77";"771,34";"385,76";"37,29";"128,63";"7,58";"514,39";"44,87";"54,59";"3,48";"38,88";"7,52";"2,14";"0,67";"31,24";"1,17";"4,1";"52,3"
"Edvin Bećirović";"E. Bećirović";"162295";"2000-03-29";"GAIS";"3534";"SWE - Allsvenskan";"90";"2025/2025";"128";"Center Forward";"48,34";"25,96";"13,04";"12,91";"3";"0";"6279,33";"129,9";"1226,33";"552,67";"49,33";"230,0";"11,33";"782,67";"60,67";"30,1";"30,1";"68,33";"5,33";"54,67";"13,0";"3,0";"0,83";"null";"1,33";"null";"null";"31,33";"2,14";"2,9";"11691,21";"129,9";"2283,25";"1028,99";"91,85";"428,23";"21,1";"1457,21";"112,95";"127,23";"9,93";"101,78";"24,2";"5,59";"2,48";"58,34";"10291,44";"171,52";"2540,5";"1174,32";"103,25";"453,08";"23,12";"1627,4";"126,37";"114,04";"6,93";"76,28";"16,18";"2047,33";"156,95";"456,0";"199,33";"20,67";"94,67";"5,33";"294,0";"26,0";"22,33";"1,67";"14,67";"3,0";"0,33";"0,33";"10,33";"2404,67";"186,25";"643,0";"308,67";"24,0";"101,33";"4,67";"410,0";"28,67";"27,0";"1,33";"18,33";"4,0";"1,33";"0,67";"18,0";"4708,52";"156,95";"1048,72";"458,43";"47,53";"217,72";"12,27";"676,15";"59,8";"51,36";"3,83";"33,73";"6,9";"0,77";"0,77";"23,76";"5587,44";"186,25";"1494,06";"717,21";"55,77";"235,46";"10,84";"952,67";"66,61";"62,74";"3,1";"42,6";"9,29";"3,1";"1,55";"41,82";"2,31";"3,85";"65,5"
"Edvin Bećirović";"E. Bećirović";"162295";"2000-03-29";"GAIS";"3534";"SWE - Allsvenskan";"90";"2025/2025";"128";"Wide Attacker";"50,91";"28,75";"14,51";"14,23";"7";"0";"6655,14";"130,72";"1227,14";"557,57";"47,57";"197,71";"10,71";"755,29";"58,29";"30,43";"30,74";"75,0";"6,0";"59,29";"11,86";"4,71";"0,7";"0,74";"1,71";"1,4";"null";"35,14";"2,07";"2,76";"11764,69";"130,72";"2169,29";"985,65";"84,09";"349,51";"18,94";"1335,16";"103,04";"132,58";"10,61";"104,8";"20,96";"8,33";"3,03";"62,12";"9972,9";"166,22";"2295,25";"1070,7";"90,34";"376,58";"17,29";"1447,28";"107,64";"111,51";"7,16";"78,12";"16,1";"2198,0";"151,44";"444,43";"192,86";"17,57";"79,43";"3,57";"272,29";"21,14";"25,71";"1,86";"18,14";"2,57";"1,29";"0,57";"11,14";"2580,29";"181,28";"655,29";"320,14";"25,71";"101,0";"4,71";"421,14";"30,43";"27,71";"1,57";"19,29";"5,14";"1,14";"0,29";"21,0";"4543,11";"151,44";"918,6";"398,62";"36,32";"164,17";"7,38";"562,8";"43,7";"53,15";"3,84";"37,5";"5,31";"2,66";"1,18";"23,03";"5438,54";"181,28";"1381,16";"674,77";"54,2";"212,88";"9,94";"887,65";"64,14";"58,41";"3,31";"40,65";"10,84";"2,41";"0,6";"44,26";"1,79";"5,07";"67,09"
"Ibrahim Buhari";"I. Buhari";"163288";"2001-10-08";"IF Elfsborg";"1483";"SWE - Allsvenskan";"90";"2025/2025";"128";"Central Defender";"96,86";"54,01";"26,51";"27,5";"22";"0";"10078,64";"104,06";"1184,23";"447,68";"43,09";"174,45";"9,59";"622,14";"52,68";"29,43";"31,12";"107,82";"5,55";"91,68";"10,68";"4,23";"0,6";"0,69";"1,64";"1,12";"1,34";"21,45";"1,95";"2,69";"9365,28";"104,06";"1100,41";"416,0";"40,04";"162,11";"8,91";"578,1";"48,95";"100,19";"5,15";"85,19";"9,93";"3,93";"1,52";"19,94";"7896,11";"131,6";"1117,22";"440,36";"42,31";"176,32";"8,84";"616,68";"51,15";"82,76";"3,64";"65,84";"6,16";"3273,82";"123,47";"392,68";"92,09";"9,36";"24,55";"1,45";"116,64";"10,82";"27,45";"1,23";"24,05";"2,09";"0,36";"0,09";"4,55";"3834,27";"139,44";"613,05";"304,32";"28,73";"134,18";"6,5";"438,5";"35,23";"47,05";"2,05";"35,23";"3,45";"1,82";"0,82";"14,14";"3704,2";"123,47";"444,3";"104,2";"10,59";"27,77";"1,65";"131,97";"12,24";"31,06";"1,39";"27,21";"2,37";"0,41";"0,1";"5,14";"4183,19";"139,44";"668,83";"332,01";"31,34";"146,39";"7,09";"478,4";"38,43";"51,33";"2,23";"38,43";"3,77";"1,98";"0,89";"15,42";"1,01";"2,42";"20,75"
"Kolbeinn Thórdarson";"K. Thórdarson";"163725";"2000-03-12";"IFK Göteborg";"1480";"SWE - Allsvenskan";"90";"2025/2025";"128";"Midfield";"80,24";"44,37";"22,86";"21,51";"24";"1";"10486,79";"130,69";"2125,17";"726,67";"53,21";"135,96";"6,75";"862,62";"59,96";"27,05";"28,66";"105,62";"4,0";"94,25";"9,58";"2,5";"0,54";"0,55";"0,5";"1,51";"2,03";"35,88";"1,95";"2,7";"11761,8";"130,69";"2383,55";"815,02";"59,68";"152,49";"7,57";"967,51";"67,25";"118,47";"4,49";"105,71";"10,75";"2,8";"0,56";"40,24";"10044,64";"167,41";"2496,88";"871,77";"65,75";"158,5";"7,38";"1030,27";"73,14";"101,25";"3,32";"80,18";"7,49";"3696,12";"161,69";"843,92";"286,83";"22,88";"55,0";"2,58";"341,83";"25,46";"37,67";"1,33";"28,21";"2,5";"0,58";"0,08";"12,83";"3731,79";"173,49";"1002,5";"357,83";"25,75";"62,21";"2,88";"420,04";"28,62";"37,21";"1,12";"31,08";"3,04";"0,58";"0,21";"20,38";"4850,76";"161,69";"1107,55";"376,44";"30,02";"72,18";"3,39";"448,62";"33,41";"49,43";"1,75";"37,02";"3,28";"0,77";"0,11";"16,84";"5204,63";"173,49";"1398,16";"499,06";"35,91";"86,76";"4,01";"585,82";"39,92";"51,89";"1,57";"43,35";"4,24";"0,81";"0,29";"28,42";"0,39";"1,58";"44,91"
"Ari Sigurpálsson";"A. Sigurpálsson";"166984";"2003-03-17";"IF Elfsborg";"1483";"SWE - Allsvenskan";"90";"2025/2025";"128";"Wide Attacker";"57,09";"32,09";"15,64";"16,45";"19";"0";"7175,47";"125,69";"1268,58";"611,0";"52,95";"164,11";"9,42";"775,11";"62,37";"28,89";"30,76";"84,53";"5,84";"66,89";"13,0";"4,11";"0,65";"0,66";"0,79";"1,48";"1,54";"45,11";"1,89";"2,73";"11312,46";"125,69";"1999,97";"963,27";"83,47";"258,72";"14,85";"1221,99";"98,33";"133,26";"9,21";"105,46";"20,5";"6,47";"1,24";"71,11";"9580,68";"159,68";"2072,41";"1042,9";"89,34";"280,92";"15,05";"1323,81";"104,4";"112,96";"7,08";"78,81";"14,27";"2461,74";"157,41";"510,37";"301,47";"27,11";"105,05";"5,68";"406,53";"32,79";"29,47";"2,16";"18,21";"3,37";"1,63";"0,21";"21,74";"2662,95";"161,84";"598,16";"256,37";"20,68";"45,21";"2,37";"301,58";"23,05";"30,95";"1,63";"23,95";"4,26";"0,89";"0,21";"20,11";"4722,16";"157,41";"979,0";"578,29";"51,99";"201,51";"10,9";"779,81";"62,9";"56,54";"4,14";"34,93";"6,46";"3,13";"0,4";"41,7";"4855,14";"161,84";"1090,57";"467,42";"37,71";"82,43";"4,32";"549,85";"42,03";"56,42";"2,97";"43,66";"7,77";"1,63";"0,38";"36,66";"0,79";"4,72";"78,22"
"Birnir Snær Ingason";"B. Ingason";"166985";"1996-12-04";"Halmstads BK";"1735";"SWE - Allsvenskan";"90";"2025/2025";"128";"Wide Attacker";"52,47";"29,11";"11,99";"17,12";"3";"0";"6016,33";"114,66";"882,33";"306,33";"30,0";"69,67";"5,0";"376,0";"35,0";"27,87";"27,87";"66,0";"5,33";"54,67";"6,33";"3,33";"0,82";"0,97";"1,0";"null";"null";"23,67";"null";"3,2";"10319,17";"114,66";"1513,37";"525,42";"51,46";"119,49";"8,58";"644,91";"60,03";"113,2";"9,15";"93,76";"10,86";"5,72";"1,72";"40,59";"8718,61";"145,31";"1629,24";"563,47";"52,22";"128,5";"8,25";"691,96";"60,47";"98,26";"6,87";"73,53";"8,25";"1685,0";"140,55";"303,67";"116,67";"11,33";"43,0";"2,67";"159,67";"14,0";"21,33";"1,33";"13,0";"1,0";"0,67";"0,0";"10,0";"2544,33";"148,65";"486,67";"156,67";"14,0";"19,33";"1,33";"176,0";"15,33";"26,33";"2,0";"22,67";"3,0";"1,67";"0,0";"12,0";"4216,4";"140,55";"759,87";"291,94";"28,36";"107,6";"6,67";"399,54";"35,03";"53,38";"3,34";"32,53";"2,5";"1,67";"0,0";"25,02";"4459,4";"148,65";"852,97";"274,59";"24,54";"33,89";"2,34";"308,47";"26,87";"46,15";"3,51";"39,73";"5,26";"2,92";"0,0";"21,03";"0,0";"4,81";"45,35"
"Andrej Djuric";"A. Djuric";"167208";"2003-09-21";"Malmo FF";"426";"SWE - Allsvenskan";"90";"2025/2025";"128";"Central Defender";"93,01";"53,22";"31,84";"21,38";"9";"0";"9960,22";"107,09";"1281,67";"442,56";"39,67";"140,56";"7,22";"583,11";"46,89";"28,73";"29,94";"108,56";"5,0";"86,56";"9,78";"3,22";"0,74";"0,76";"1,0";"1,64";"2,02";"26,44";"2,02";"2,99";"9637,77";"107,09";"1240,17";"428,23";"38,38";"136,01";"6,99";"564,23";"45,37";"105,04";"4,84";"83,75";"9,46";"3,12";"0,97";"25,59";"8061,7";"134,36";"1234,61";"445,94";"39,83";"143,43";"6,51";"589,37";"46,35";"85,56";"3,76";"64,64";"5,76";"4005,78";"125,82";"510,78";"146,0";"13,0";"27,11";"1,56";"173,11";"14,56";"38,89";"1,44";"32,44";"2,44";"0,78";"0,11";"8,0";"3145,0";"147,08";"584,33";"249,56";"22,33";"100,11";"4,22";"349,67";"26,56";"37,0";"1,89";"24,89";"2,67";"0,78";"0,22";"16,11";"3774,64";"125,82";"481,31";"137,58";"12,25";"25,55";"1,47";"163,12";"13,72";"36,64";"1,36";"30,57";"2,3";"0,73";"0,1";"7,54";"4412,31";"147,08";"819,8";"350,12";"31,33";"140,45";"5,92";"490,57";"37,26";"51,91";"2,65";"34,92";"3,74";"1,09";"0,31";"22,6";"0,38";"1,75";"27,18"
"Emmanuel Damoah Yeboah";"E. Yeboah";"170374";"2003-02-25";"Halmstads BK";"1735";"SWE - Allsvenskan";"90";"2025/2025";"128";"Center Forward";"73,58";"41,13";"18,74";"22,39";"9";"1";"8243,56";"112,04";"1011,44";"481,78";"51,56";"232,33";"12,0";"714,11";"63,56";"30,02";"30,68";"85,56";"7,56";"65,44";"16,56";"5,56";"0,58";"0,71";"2,33";"1,35";"1,41";"37,44";"1,98";"2,81";"10083,73";"112,04";"1237,23";"589,32";"63,06";"284,2";"14,68";"873,52";"77,74";"104,65";"9,24";"80,05";"20,25";"6,8";"2,85";"45,8";"8567,77";"142,8";"1323,19";"653,25";"69,38";"312,2";"15,4";"965,45";"84,78";"88,34";"5,19";"62,41";"14,75";"2637,0";"140,74";"423,33";"218,56";"21,78";"98,0";"5,0";"316,56";"26,78";"31,89";"2,11";"20,56";"3,56";"1,56";"0,89";"12,78";"3235,89";"144,52";"483,67";"229,22";"25,78";"116,0";"5,56";"345,22";"31,33";"28,67";"1,44";"22,22";"6,56";"1,11";"0,22";"22,11";"4222,12";"140,74";"677,8";"349,93";"34,87";"156,91";"8,01";"506,84";"42,87";"51,06";"3,38";"32,91";"5,69";"2,49";"1,42";"20,46";"4335,57";"144,52";"648,04";"307,12";"34,54";"155,42";"7,44";"462,54";"41,98";"38,41";"1,94";"29,77";"8,78";"1,49";"0,3";"29,63";"1,62";"3,89";"50,9"
"Matias Tamminen";"M. Tamminen";"171763";"2001-11-21";"Östers IF";"4623";"SWE - Allsvenskan";"90";"2025/2025";"128";"Wide Attacker";"72,44";"39,94";"19,67";"20,26";"13";"0";"8031,62";"110,87";"1098,77";"528,77";"53,0";"210,62";"11,38";"739,38";"64,38";"29,81";"30,9";"82,08";"7,46";"66,54";"14,54";"5,69";"0,6";"0,6";"2,38";"1,18";"1,2";"34,85";"2,0";"2,64";"9977,87";"110,87";"1365,03";"656,9";"65,84";"261,65";"14,14";"918,56";"79,99";"101,97";"9,27";"82,66";"18,06";"7,07";"2,96";"43,29";"8399,11";"139,99";"1441,46";"722,17";"70,38";"295,73";"15,14";"1017,91";"85,52";"89,56";"7,05";"62,64";"12,94";"2671,0";"135,76";"446,31";"252,77";"25,08";"126,46";"6,31";"379,23";"31,38";"30,54";"2,38";"19,23";"3,85";"1,85";"1,08";"15,15";"2919,62";"144,09";"513,15";"227,92";"21,77";"70,38";"3,77";"298,31";"25,54";"29,08";"2,31";"22,46";"4,77";"1,46";"0,54";"16,85";"4072,81";"135,76";"680,54";"385,43";"38,24";"192,83";"9,62";"578,26";"47,86";"46,57";"3,64";"29,32";"5,86";"2,82";"1,64";"23,11";"4322,62";"144,09";"759,75";"337,45";"32,23";"104,21";"5,58";"441,66";"37,81";"43,05";"3,42";"33,26";"7,06";"2,16";"0,8";"24,94";"2,43";"4,97";"48,08"
"Isak Bjerkebo";"I. Bjerkebo";"172893";"2003-01-19";"IK Sirius";"1487";"SWE - Allsvenskan";"90";"2025/2025";"128";"Wide Attacker";"70,38";"40,65";"20,28";"20,37";"26";"0";"8021,04";"113,97";"1158,38";"516,73";"55,08";"232,81";"11,81";"749,54";"66,88";"30,17";"31,58";"92,5";"7,85";"72,19";"19,85";"5,77";"0,58";"0,64";"2,04";"1,21";"1,27";"35,0";"1,94";"2,72";"10257,72";"113,97";"1481,4";"660,82";"70,44";"297,73";"15,1";"958,55";"85,54";"118,29";"10,03";"92,32";"25,38";"7,38";"2,61";"44,76";"8535,42";"142,26";"1537,03";"701,89";"72,16";"318,84";"15,16";"1020,73";"87,32";"98,56";"7,27";"69,15";"16,8";"2819,08";"138,99";"475,69";"258,5";"27,77";"157,5";"6,96";"416,0";"34,73";"34,23";"3,08";"22,08";"5,35";"2,46";"0,96";"15,38";"2963,31";"145,51";"565,58";"217,0";"21,12";"58,5";"3,31";"275,5";"24,42";"32,54";"1,85";"24,77";"6,04";"1,15";"0,23";"16,27";"4169,81";"138,99";"703,62";"382,36";"41,07";"232,96";"10,3";"615,32";"51,37";"50,63";"4,55";"32,65";"7,91";"3,64";"1,42";"22,76";"4365,21";"145,51";"833,14";"319,66";"31,1";"86,18";"4,87";"405,84";"35,98";"47,93";"2,72";"36,49";"8,9";"1,7";"0,34";"23,97";"1,76";"5,34";"46,72"
"Thomas Santos Christensen";"T. Santos";"173055";"1998-10-10";"IFK Göteborg";"1480";"SWE - Allsvenskan";"90";"2025/2025";"128";"Full Back";"86,53";"46,93";"24,22";"22,72";"15";"1";"10541,93";"121,83";"1670,13";"711,8";"68,2";"322,4";"15,07";"1034,2";"83,27";"31,29";"32,64";"113,8";"8,8";"93,8";"19,2";"6,87";"0,6";"0,62";"2,0";"1,15";"1,18";"39,6";"1,82";"2,72";"10964,26";"121,83";"1737,04";"740,32";"70,93";"335,32";"15,67";"1075,63";"86,6";"118,36";"9,15";"97,56";"19,97";"7,14";"2,08";"41,19";"9390,17";"156,5";"1826,16";"814,52";"78,32";"366,9";"17,13";"1181,42";"95,45";"107,22";"7,5";"76,79";"13,81";"3800,67";"156,95";"723,67";"313,2";"32,27";"166,6";"7,2";"479,8";"39,47";"41,87";"3,47";"30,8";"5,67";"2,53";"0,47";"16,67";"3544,53";"156,02";"704,8";"323,93";"29,0";"120,4";"6,2";"444,33";"35,2";"42,0";"2,4";"29,27";"5,13";"1,8";"0,73";"19,27";"4708,54";"156,95";"896,53";"388,02";"39,97";"206,4";"8,92";"594,41";"48,89";"51,87";"4,29";"38,16";"7,02";"3,14";"0,58";"20,65";"4680,74";"156,02";"930,72";"427,77";"38,3";"158,99";"8,19";"586,77";"46,48";"55,46";"3,17";"38,65";"6,78";"2,38";"0,97";"25,44";"1,53";"5,54";"45,94"
"Thomas Santos Christensen";"T. Santos";"173055";"1998-10-10";"IFK Göteborg";"1480";"SWE - Allsvenskan";"90";"2025/2025";"128";"Wide Attacker";"85,19";"47,05";"24,99";"22,06";"5";"0";"10895,8";"127,9";"1853,0";"801,0";"76,4";"317,6";"17,8";"1118,6";"94,2";"31,26";"31,26";"103,2";"10,0";"81,0";"21,2";"8,2";"0,62";"0,72";"2,2";"1,24";"1,47";"51,6";"1,96";"2,82";"11511,45";"127,9";"1957,7";"846,26";"80,72";"335,55";"18,81";"1181,8";"99,52";"109,03";"10,57";"85,58";"22,4";"8,66";"2,32";"54,52";"9776,17";"162,94";"2126,23";"927,16";"89,02";"358,62";"18,87";"1285,79";"107,89";"94,63";"8,42";"66,06";"15,3";"3872,6";"154,97";"769,8";"357,2";"36,0";"162,4";"8,6";"519,6";"44,6";"42,2";"4,4";"26,0";"6,6";"3,6";"0,8";"24,6";"3793,0";"171,97";"897,4";"369,8";"33,8";"118,8";"6,2";"488,6";"40,0";"32,0";"2,2";"25,8";"5,4";"2,0";"0,4";"23,0";"4648,98";"154,97";"924,13";"428,81";"43,22";"194,96";"10,32";"623,77";"53,54";"50,66";"5,28";"31,21";"7,92";"4,32";"0,96";"29,53";"5158,98";"171,97";"1220,58";"502,98";"45,97";"161,58";"8,43";"664,56";"54,41";"43,52";"2,99";"35,09";"7,34";"2,72";"0,54";"31,28";"1,53";"7,14";"60,71"
"Besfort Zeneli";"B. Zeneli";"174380";"2002-11-21";"IF Elfsborg";"1483";"SWE - Allsvenskan";"90";"2025/2025";"128";"Midfield";"96,26";"53,69";"25,9";"27,79";"27";"0";"12730,56";"132,25";"2628,48";"924,19";"74,59";"154,19";"9,59";"1078,37";"84,19";"27,06";"28,64";"129,07";"4,22";"107,04";"17,22";"2,78";"0,64";"0,67";"0,44";"1,37";"1,51";"53,81";"1,78";"2,59";"11902,83";"132,25";"2457,58";"864,1";"69,74";"144,16";"8,97";"1008,26";"78,71";"120,68";"3,95";"100,08";"16,1";"2,6";"0,42";"50,32";"10416,12";"173,6";"2665,41";"968,86";"77,81";"160,26";"9,31";"1129,12";"87,12";"107,69";"3,35";"80,0";"11,75";"4497,96";"173,65";"1188,37";"394,37";"32,07";"47,85";"3,26";"442,22";"35,33";"45,07";"1,48";"33,19";"3,93";"0,85";"0,15";"20,78";"4823,07";"173,56";"1196,81";"472,63";"37,56";"95,56";"5,07";"568,19";"42,63";"51,3";"1,52";"38,41";"6,59";"0,96";"0,07";"29,48";"5209,5";"173,65";"1376,36";"456,76";"37,15";"55,42";"3,77";"512,18";"40,92";"52,2";"1,72";"38,43";"4,55";"0,99";"0,17";"24,06";"5206,72";"173,56";"1292,01";"510,22";"40,54";"103,16";"5,48";"613,38";"46,02";"55,38";"1,64";"41,46";"7,12";"1,04";"0,08";"31,83";"0,25";"2,03";"56,16"
"Saba Mamatsashvili";"S. Mamatsashvili";"174419";"2002-08-23";"IK Sirius";"1487";"SWE - Allsvenskan";"90";"2025/2025";"128";"Full Back";"70,71";"40,0";"20,67";"19,33";"10";"0";"7835,7";"110,82";"1112,3";"446,0";"41,2";"156,7";"7,9";"602,7";"49,1";"29,36";"30,24";"94,6";"6,5";"82,7";"14,2";"4,1";"0,69";"0,81";"1,6";"1,33";"1,67";"31,4";"2,06";"2,67";"9973,78";"110,82";"1415,81";"567,7";"52,44";"199,46";"10,06";"767,16";"62,5";"120,41";"8,27";"105,27";"18,07";"5,22";"2,04";"39,97";"8210,89";"136,85";"1429,71";"602,58";"52,65";"208,81";"9,3";"811,38";"61,95";"99,3";"6,45";"75,3";"11,4";"2738,3";"132,48";"434,4";"166,1";"13,9";"63,7";"2,3";"229,8";"16,2";"30,6";"2,1";"24,6";"4,0";"1,0";"0,5";"9,2";"2735,4";"141,52";"518,7";"235,6";"21,2";"75,5";"3,9";"311,1";"25,1";"35,6";"2,2";"25,6";"3,6";"1,6";"0,7";"19,3";"3974,31";"132,48";"630,48";"241,07";"20,17";"92,45";"3,34";"333,53";"23,51";"44,41";"3,05";"35,7";"5,81";"1,45";"0,73";"13,35";"4245,68";"141,52";"805,09";"365,68";"32,91";"117,19";"6,05";"482,87";"38,96";"55,26";"3,41";"39,73";"5,59";"2,48";"1,09";"29,96";"1,8";"3,9";"42,75"
"Sanders Ngabo";"S. Ngabo";"175177";"2004-07-04";"BK Hacken";"523";"SWE - Allsvenskan";"90";"2025/2025";"128";"Wide Attacker";"52,8";"30,65";"18,55";"12,1";"7";"0";"5886,43";"111,5";"944,14";"351,14";"32,29";"88,14";"4,71";"439,29";"37,0";"28,06";"28,62";"63,71";"4,29";"52,43";"10,0";"2,86";"0,72";"0,9";"0,57";"1,94";"null";"30,86";"2,23";"2,66";"10034,59";"111,5";"1609,48";"598,59";"55,04";"150,26";"8,04";"748,85";"63,07";"108,61";"7,31";"89,37";"17,05";"4,87";"0,97";"52,6";"8365,51";"139,43";"1636,41";"626,1";"57,6";"159,39";"7,27";"785,49";"64,87";"95,35";"5,87";"69,35";"10,63";"2586,86";"139,44";"490,57";"204,0";"18,71";"59,57";"3,0";"263,57";"21,71";"30,71";"1,86";"20,86";"2,86";"0,86";"0,14";"17,0";"1686,86";"139,41";"345,43";"115,86";"10,71";"21,86";"0,71";"137,71";"11,43";"18,0";"1,14";"14,57";"2,57";"0,71";"0,29";"11,86";"4183,06";"139,44";"793,28";"329,88";"30,26";"96,33";"4,85";"426,21";"35,11";"49,67";"3,0";"33,73";"4,62";"1,39";"0,23";"27,49";"4182,29";"139,41";"856,43";"287,25";"26,56";"54,19";"1,77";"341,44";"28,34";"44,63";"2,83";"36,13";"6,38";"1,77";"0,71";"29,4";"0,84";"3,08";"56,49"
"Kaare Barslund";"K. Barslund";"183915";"2004-03-23";"IF Brommapojkarna";"2941";"SWE - Allsvenskan";"90";"2025/2025";"128";"Full Back";"86,91";"50,53";"22,57";"27,95";"4";"0";"9727,5";"111,92";"1194,0";"459,75";"42,75";"142,0";"6,25";"601,75";"49,0";"28,9";"28,9";"101,0";"4,25";"87,25";"12,25";"4,25";"0,91";"0,97";"2,0";"1,86";"null";"28,25";"2,05";"null";"10073,06";"111,92";"1236,42";"476,08";"44,27";"147,04";"6,47";"623,13";"50,74";"104,59";"4,4";"90,35";"12,69";"4,4";"2,07";"29,25";"8347,06";"139,12";"1236,71";"493,97";"45,72";"148,13";"5,94";"642,1";"51,65";"85,5";"3,56";"69,76";"8,61";"3200,5";"141,77";"488,5";"186,75";"17,25";"65,0";"2,75";"251,75";"20,0";"29,25";"1,25";"25,0";"3,25";"0,25";"0,0";"6,25";"3829,0";"136,97";"553,0";"229,25";"21,25";"59,75";"2,25";"289,0";"23,5";"42,75";"1,75";"33,75";"4,0";"1,75";"0,75";"20,0";"4253,16";"141,77";"649,17";"248,17";"22,92";"86,38";"3,65";"334,55";"26,58";"38,87";"1,66";"33,22";"4,32";"0,33";"0,0";"8,31";"4109,23";"136,97";"593,47";"246,03";"22,81";"64,12";"2,41";"310,15";"25,22";"45,88";"1,88";"36,22";"4,29";"1,88";"0,8";"21,46";"0,89";"2,37";"31,17"
"Kaare Barslund";"K. Barslund";"183915";"2004-03-23";"IF Brommapojkarna";"2941";"SWE - Allsvenskan";"90";"2025/2025";"128";"Midfield";"76,6";"44,65";"23,61";"21,05";"6";"0";"9891,33";"129,12";"1651,33";"411,0";"33,33";"60,0";"3,67";"471,0";"37,0";"25,98";"26,12";"88,67";"2,0";"74,33";"7,67";"1,33";"0,73";"null";"0,0";"null";"null";"29,0";"2,39";"3,02";"11621,25";"129,12";"1940,14";"482,88";"39,16";"70,49";"4,31";"553,37";"43,47";"104,17";"2,35";"87,33";"9,01";"1,57";"0,0";"34,07";"9947,42";"165,79";"2075,57";"516,65";"41,65";"75,47";"3,81";"592,12";"45,46";"88,46";"1,34";"63,83";"5,6";"3911,83";"165,72";"784,33";"117,83";"9,83";"16,5";"0,5";"134,33";"10,33";"32,17";"0,33";"23,33";"1,17";"0,33";"0,0";"9,5";"3491,17";"165,87";"760,33";"266,67";"21,17";"39,67";"2,33";"306,33";"23,5";"33,67";"0,67";"24,17";"3,0";"0,33";"0,0";"17,33";"4971,5";"165,72";"996,8";"149,75";"12,5";"20,97";"0,64";"170,72";"13,13";"40,88";"0,42";"29,65";"1,48";"0,42";"0,0";"12,07";"4976,19";"165,87";"1083,75";"380,1";"30,17";"56,54";"3,33";"436,64";"33,5";"47,99";"0,95";"34,45";"4,28";"0,48";"0,0";"24,71";"0,0";"0,9";"36,06"
"Taha Ayari";"T. Ayari";"186512";"2005-05-10";"AIK";"524";"SWE - Allsvenskan";"90";"2025/2025";"128";"Wide Attacker";"74,57";"40,4";"20,31";"20,09";"12";"0";"9430,17";"126,47";"1700,5";"628,83";"54,25";"175,92";"9,08";"804,75";"63,33";"28,14";"29,14";"91,83";"4,0";"75,33";"12,5";"2,17";"0,75";"0,95";"0,5";"1,65";"null";"44,58";"2,04";"2,64";"11381,96";"126,47";"2052,46";"758,99";"65,48";"212,33";"10,96";"971,31";"76,44";"110,84";"4,83";"90,93";"15,09";"2,62";"0,6";"53,81";"9740,79";"162,35";"2229,3";"830,39";"73,26";"200,48";"11,26";"1030,87";"84,52";"97,77";"4,21";"73,39";"10,89";"3192,58";"157,16";"666,33";"261,08";"23,5";"66,75";"4,25";"327,83";"27,75";"33,75";"1,75";"24,42";"3,33";"0,58";"0,17";"15,0";"3366,67";"167,59";"834,83";"298,08";"25,83";"68,25";"3,33";"366,33";"29,17";"32,08";"1,08";"25,0";"4,0";"0,67";"0,08";"25,08";"4714,88";"157,16";"984,06";"385,57";"34,71";"98,58";"6,28";"484,15";"40,98";"49,84";"2,58";"36,06";"4,92";"0,86";"0,25";"22,15";"5027,65";"167,59";"1246,71";"445,15";"38,58";"101,92";"4,98";"547,07";"43,56";"47,91";"1,62";"37,33";"5,97";"1,0";"0,12";"37,46";"0,37";"1,86";"59,53"
"Robbie Ure";"R. Ure";"196128";"2004-02-26";"IK Sirius";"1487";"SWE - Allsvenskan";"90";"2025/2025";"128";"Center Forward";"94,74";"53,64";"26,64";"27,0";"29";"0";"11087,28";"117,03";"1750,97";"687,9";"63,28";"203,07";"11,48";"890,97";"74,76";"28,64";"30,08";"112,93";"8,17";"95,38";"15,59";"5,86";"0,65";"0,74";"1,62";"1,29";"1,44";"48,48";"1,79";"2,65";"10532,98";"117,03";"1663,43";"653,51";"60,11";"192,92";"10,91";"846,42";"71,02";"107,29";"7,76";"90,61";"14,81";"5,57";"1,54";"46,06";"8937,69";"148,96";"1746,83";"708,24";"64,03";"215,69";"10,88";"923,92";"74,9";"90,53";"5,82";"70,78";"9,99";"3803,24";"142,76";"655,66";"343,62";"31,38";"137,55";"6,21";"481,17";"37,59";"41,66";"3,1";"28,93";"4,48";"2,48";"0,83";"19,28";"4187,17";"155,08";"906,03";"289,55";"25,86";"55,28";"3,52";"344,83";"29,38";"39,28";"2,1";"34,34";"4,45";"1,14";"0,34";"25,1";"4282,71";"142,76";"738,31";"386,94";"35,34";"154,89";"6,99";"541,83";"42,32";"46,91";"3,49";"32,58";"5,05";"2,8";"0,93";"21,71";"4652,51";"155,08";"1006,73";"321,73";"28,74";"61,42";"3,91";"383,15";"32,64";"43,64";"2,34";"38,16";"4,94";"1,26";"0,38";"27,89";"1,31";"4,05";"49,64"
"Felix Eriksson";"F. Eriksson";"226009";"2004-05-21";"IFK Göteborg";"1480";"SWE - Allsvenskan";"90";"2025/2025";"128";"Full Back";"86,27";"47,95";"24,56";"23,39";"17";"0";"10013,53";"116,08";"1473,65";"643,76";"60,65";"214,94";"12,71";"858,71";"73,35";"28,79";"30,38";"119,82";"8,24";"98,24";"21,12";"6,47";"0,61";"0,72";"1,71";"1,4";"1,4";"37,94";"1,83";"2,72";"10447,0";"116,08";"1537,44";"671,63";"63,27";"224,25";"13,26";"895,88";"76,53";"125,01";"8,59";"102,49";"22,03";"6,75";"1,78";"39,58";"8934,39";"148,91";"1610,0";"722,38";"67,05";"242,14";"13,4";"964,53";"80,44";"109,0";"6,99";"77,8";"15,09";"3580,18";"145,77";"578,59";"239,35";"24,47";"98,41";"5,47";"337,76";"29,94";"42,24";"3,24";"30,88";"5,76";"2,47";"0,76";"14,76";"3560,47";"152,2";"708,18";"338,0";"29,12";"95,12";"5,24";"433,12";"34,35";"44,88";"2,35";"31,29";"6,29";"1,71";"0,53";"20,47";"4373,21";"145,77";"706,75";"292,37";"29,89";"120,21";"6,68";"412,58";"36,57";"51,59";"3,95";"37,72";"7,04";"3,02";"0,93";"18,04";"4565,85";"152,2";"908,15";"433,44";"37,34";"121,98";"6,71";"555,42";"44,05";"57,56";"3,02";"40,13";"8,07";"2,19";"0,68";"26,25";"1,62";"5,23";"44,09"
"Isak Alexander Alemayehu Mulugeta";"I. Alemayehu";"240243";"2006-10-11";"Djurgardens IF";"522";"SWE - Allsvenskan";"90";"2025/2025";"128";"Midfield";"82,3";"43,04";"21,09";"21,95";"4";"0";"10077,5";"122,45";"1876,5";"611,5";"50,25";"107,75";"5,5";"719,25";"55,75";"27,27";"27,27";"116,0";"3,75";"92,25";"16,5";"1,75";"0,88";"null";"0,5";"null";"null";"42,25";"2,19";"3,0";"11020,35";"122,45";"2052,07";"668,71";"54,95";"117,83";"6,01";"786,54";"60,97";"126,85";"4,1";"100,88";"18,04";"1,91";"0,55";"46,2";"9881,01";"164,68";"2352,72";"790,75";"62,73";"147,42";"5,92";"938,16";"68,65";"113,61";"2,79";"82,94";"15,33";"3304,5";"156,7";"745,5";"191,25";"13,75";"17,25";"0,75";"208,5";"14,5";"36,75";"0,75";"29,5";"3,0";"0,25";"0,0";"13,25";"3783,75";"172,35";"942,25";"376,0";"31,25";"88,5";"3,5";"464,5";"34,75";"44,75";"1,25";"30,0";"8,0";"0,75";"0,25";"25,75";"4701,13";"156,7";"1060,58";"272,08";"19,56";"24,54";"1,07";"296,62";"20,63";"52,28";"1,07";"41,97";"4,27";"0,36";"0,0";"18,85";"5170,43";"172,35";"1287,57";"513,8";"42,7";"120,93";"4,78";"634,73";"47,49";"61,15";"1,71";"40,99";"10,93";"1,02";"0,34";"35,19";"0,35";"1,39";"54,37"
"Souleymane Coulibaly";"S. Coulibaly";"331896";"2001-12-26";"IFK Värnamo";"2394";"SWE - Allsvenskan";"90";"2025/2025";"128";"Central Defender";"81,3";"46,81";"22,41";"24,4";"9";"0";"8547,33";"105,13";"1069,56";"288,56";"29,22";"82,0";"4,78";"370,56";"34,0";"28,61";"30,22";"101,33";"4,67";"82,33";"11,11";"2,33";"0,72";"null";"0,0";"null";"null";"22,33";"2,22";"2,87";"9461,99";"105,13";"1184,01";"319,43";"32,35";"90,77";"5,29";"410,21";"37,64";"112,18";"5,17";"91,14";"12,3";"2,58";"0,0";"24,72";"7913,45";"131,89";"1187,94";"332,37";"33,18";"101,11";"4,27";"433,48";"37,45";"88,86";"3,42";"68,07";"6,98";"2847,89";"127,05";"374,22";"64,67";"6,89";"14,56";"0,44";"79,22";"7,33";"26,0";"0,89";"22,33";"2,11";"0,11";"0,0";"4,89";"3326,56";"136,33";"552,67";"194,67";"19,0";"64,33";"2,89";"259,0";"21,89";"43,33";"1,78";"30,78";"3,33";"1,22";"0,0";"14,67";"3811,62";"127,05";"500,86";"86,55";"9,22";"19,48";"0,59";"106,03";"9,81";"34,8";"1,19";"29,89";"2,83";"0,15";"0,0";"6,54";"4090,03";"136,33";"679,51";"239,34";"23,36";"79,1";"3,55";"318,44";"26,91";"53,28";"2,19";"37,84";"4,1";"1,5";"0,0";"18,03";"0,0";"1,71";"25,06"
"Moise Elohim Kaboré";"M. Kaboré";"331902";"2006-12-20";"Hammarby IF";"1478";"SWE - Allsvenskan";"90";"2025/2025";"128";"Center Forward";"54,94";"31,09";"20,9";"10,19";"4";"0";"6355,25";"115,68";"917,25";"392,0";"41,5";"157,25";"9,0";"549,25";"50,5";"29,98";"29,98";"62,75";"5,75";"52,0";"11,5";"4,25";"0,64";"0,68";"1,25";"1,33";"1,52";"36,0";"2,5";"3,09";"10411,33";"115,68";"1502,66";"642,18";"67,99";"257,61";"14,74";"899,8";"82,73";"102,8";"9,42";"85,19";"18,84";"6,96";"2,05";"58,98";"8658,43";"144,31";"1556,85";"673,97";"68,51";"256,18";"13,51";"930,15";"82,02";"83,46";"8,2";"65,13";"14,47";"2769,0";"132,49";"419,5";"171,5";"19,25";"93,5";"4,25";"265,0";"23,5";"30,25";"2,75";"23,5";"3,5";"1,75";"0,5";"17,75";"1717,75";"168,54";"387,25";"177,75";"16,25";"39,25";"2,75";"217,0";"19,0";"13,0";"1,5";"10,25";"4,0";"1,25";"0,25";"15,25";"3974,64";"132,49";"602,15";"246,17";"27,63";"134,21";"6,1";"380,38";"33,73";"43,42";"3,95";"33,73";"5,02";"2,51";"0,72";"25,48";"5056,34";"168,54";"1139,9";"523,22";"47,83";"115,54";"8,09";"638,76";"55,93";"38,27";"4,42";"30,17";"11,77";"3,68";"0,74";"44,89";"1,45";"5,79";"63,68"
"Kenan Bilalovic";"K. Bilalovic";"361867";"2005-06-22";"IFK Värnamo";"2394";"SWE - Allsvenskan";"90";"2025/2025";"128";"Wide Attacker";"58,3";"30,33";"14,56";"15,76";"8";"0";"6886,88";"118,12";"1132,75";"499,62";"51,75";"281,0";"12,5";"780,62";"64,25";"31,82";"32,76";"76,88";"7,12";"58,5";"13,62";"5,75";"0,63";"0,67";"1,88";"1,17";"1,18";"35,0";"1,84";"2,82";"10630,78";"118,12";"1748,55";"771,24";"79,88";"433,76";"19,3";"1205,0";"99,18";"118,67";"11,0";"90,3";"21,03";"8,88";"2,89";"54,03";"9269,68";"154,49";"1932,93";"817,09";"95,95";"454,79";"21,76";"1271,88";"117,72";"106,59";"7,91";"70,73";"17,06";"2168,38";"148,88";"429,38";"194,75";"23,75";"128,25";"6,12";"323,0";"29,88";"26,12";"2,25";"15,62";"3,88";"2,0";"0,88";"14,88";"2517,0";"159,68";"547,62";"218,25";"24,75";"101,62";"4,88";"319,88";"29,62";"27,75";"1,75";"20,12";"4,75";"1,25";"0,38";"17,5";"4466,4";"148,88";"884,42";"401,14";"48,92";"264,17";"12,62";"665,31";"61,54";"53,81";"4,63";"32,18";"7,98";"4,12";"1,8";"30,64";"4790,48";"159,68";"1042,27";"415,38";"47,11";"193,42";"9,28";"608,8";"56,38";"52,82";"3,33";"38,3";"9,04";"2,38";"0,71";"33,31";"2,47";"6,43";"64,05"
"Raymond Adjei";"R. Adjei";"390480";"2004-02-10";"Östers IF";"4623";"SWE - Allsvenskan";"90";"2025/2025";"128";"Full Back";"43,7";"24,92";"13,1";"11,82";"5";"0";"4848,6";"110,96";"671,0";"259,8";"22,8";"63,2";"3,8";"323,0";"26,6";"27,96";"27,96";"57,4";"2,6";"45,6";"9,0";"2,2";"0,79";"0,85";"0,8";"1,77";"null";"18,6";"2,58";"3,09";"9986,44";"110,96";"1382,03";"535,1";"46,96";"130,17";"7,83";"665,27";"54,79";"118,22";"5,36";"93,92";"18,54";"4,53";"1,65";"38,31";"8302,39";"138,37";"1414,96";"576,48";"49,12";"141,59";"7,22";"718,07";"56,35";"97,77";"4,33";"66,46";"11,08";"1717,2";"131,12";"239,4";"84,6";"7,8";"31,2";"1,0";"115,8";"8,8";"17,6";"1,0";"12,0";"2,2";"0,8";"0,4";"4,4";"1730,6";"146,41";"348,2";"154,8";"12,6";"27,6";"2,0";"182,4";"14,6";"23,0";"0,8";"15,6";"2,4";"0,6";"0,2";"12,2";"3933,52";"131,12";"548,38";"193,79";"17,87";"71,47";"2,29";"265,26";"20,16";"40,32";"2,29";"27,49";"5,04";"1,83";"0,92";"10,08";"4392,39";"146,41";"883,76";"392,89";"31,98";"70,05";"5,08";"462,94";"37,06";"58,38";"2,03";"39,59";"6,09";"1,52";"0,51";"30,96";"1,44";"3,37";"39,97"
"Moutaz Neffati";"M. Neffati";"398530";"2004-09-04";"IFK Norrköping";"1484";"SWE - Allsvenskan";"90";"2025/2025";"128";"Full Back";"93,55";"51,02";"23,35";"27,67";"24";"0";"10396,5";"111,13";"1492,46";"666,75";"61,33";"271,21";"13,04";"937,96";"74,38";"29,6";"31,34";"111,88";"7,17";"97,88";"17,83";"5,5";"0,62";"0,64";"1,38";"1,31";"1,39";"31,33";"1,97";"2,77";"10002,05";"111,13";"1435,83";"641,45";"59,01";"260,92";"12,55";"902,37";"71,55";"107,63";"6,89";"94,16";"17,16";"5,29";"1,32";"30,14";"8632,32";"143,87";"1546,1";"723,85";"65,07";"297,73";"13,13";"1021,59";"78,21";"95,46";"6,03";"72,67";"11,52";"3235,67";"138,57";"553,54";"254,33";"24,0";"128,62";"5,17";"382,96";"29,17";"32,83";"2,5";"24,79";"4,0";"1,92";"0,54";"10,17";"4104,5";"148,35";"761,12";"361,17";"31,33";"124,54";"6,0";"485,71";"37,33";"48,33";"2,62";"37,0";"5,79";"1,83";"0,54";"18,71";"4157,05";"138,57";"711,17";"326,76";"30,83";"165,25";"6,64";"492,01";"37,47";"42,18";"3,21";"31,85";"5,14";"2,46";"0,7";"13,06";"4450,44";"148,35";"825,27";"391,61";"33,97";"135,04";"6,51";"526,65";"40,48";"52,41";"2,85";"40,12";"6,28";"1,99";"0,59";"20,29";"1,27";"4,41";"33,96"
"Erik Hovden Flataker";"E. Flataker";"441612";"2004-12-26";"AIK";"524";"SWE - Allsvenskan";"90";"2025/2025";"128";"Center Forward";"78,01";"41,96";"19,85";"22,11";"12";"0";"9265,0";"118,77";"1348,83";"586,92";"54,17";"210,25";"11,17";"797,17";"65,33";"29,48";"30,5";"86,33";"6,42";"70,33";"11,83";"4,5";"0,69";"0,76";"2,17";"1,49";"1,54";"37,75";"1,82";"2,94";"10689,62";"118,77";"1556,24";"677,16";"62,5";"242,58";"12,88";"919,74";"75,38";"99,61";"7,4";"81,15";"13,65";"5,19";"2,5";"43,55";"9208,46";"153,47";"1702,59";"764,61";"70,18";"274,53";"13,58";"1039,14";"83,77";"87,34";"5,6";"66,73";"9,89";"2955,42";"148,89";"491,58";"247,75";"22,58";"106,08";"4,75";"353,83";"27,33";"31,25";"2,17";"20,17";"2,92";"1,25";"0,67";"14,83";"3484,75";"157,59";"699,17";"287,0";"26,5";"85,92";"4,75";"372,92";"31,25";"29,83";"1,75";"26,5";"4,0";"1,17";"0,33";"19,67";"4466,62";"148,89";"742,95";"374,43";"34,13";"160,33";"7,18";"534,76";"41,31";"47,23";"3,27";"30,48";"4,41";"1,89";"1,01";"22,42";"4727,76";"157,59";"948,56";"389,37";"35,95";"116,56";"6,44";"505,94";"42,4";"40,47";"2,37";"35,95";"5,43";"1,58";"0,45";"26,68";"1,43";"3,46";"49,33"
"Hlynur Freyr Karlsson";"H. Karlsson";"441628";"2004-04-06";"IF Brommapojkarna";"2941";"SWE - Allsvenskan";"90";"2025/2025";"128";"Central Defender";"94,06";"55,26";"26,54";"28,72";"10";"1";"10464,2";"111,25";"1439,5";"412,6";"39,1";"105,0";"6,7";"517,6";"45,8";"27,83";"28,64";"113,9";"5,2";"90,0";"9,9";"3,7";"0,67";"0,73";"0,7";"null";"null";"23,4";"2,35";"2,97";"10012,88";"111,25";"1377,41";"394,8";"37,41";"100,47";"6,41";"495,28";"43,82";"108,99";"4,98";"86,12";"9,47";"3,54";"0,67";"22,39";"8405,43";"140,09";"1371,44";"404,56";"37,79";"107,93";"5,43";"512,49";"43,21";"88,06";"3,58";"68,19";"6,08";"3768,1";"141,97";"631,4";"140,9";"12,6";"27,6";"1,3";"168,5";"13,9";"32,7";"1,3";"27,7";"2,0";"0,3";"0,0";"6,9";"3973,3";"138,35";"631,7";"231,7";"22,2";"71,8";"3,7";"303,5";"25,9";"48,4";"2,0";"35,1";"3,6";"1,7";"0,1";"14,3";"4259,08";"141,97";"713,67";"159,26";"14,24";"31,2";"1,47";"190,46";"15,71";"36,96";"1,47";"31,31";"2,26";"0,34";"0,0";"7,8";"4150,62";"138,35";"659,89";"242,04";"23,19";"75,0";"3,87";"317,04";"27,06";"50,56";"2,09";"36,67";"3,76";"1,78";"0,1";"14,94";"0,11";"2,17";"23,02"
"Matteo de Brienne";"M. de Brienne";"458772";"2002-05-22";"GAIS";"3534";"SWE - Allsvenskan";"90";"2025/2025";"128";"Full Back";"80,83";"46,61";"24,25";"22,35";"16";"0";"9862,19";"122,01";"1630,5";"660,75";"60,0";"210,19";"11,62";"870,94";"71,62";"29,09";"29,98";"109,69";"7,75";"88,94";"20,31";"5,25";"0,62";"0,66";"1,38";"1,34";"1,34";"43,25";"1,87";"2,63";"10981,0";"122,01";"1815,47";"735,71";"66,81";"234,03";"12,94";"969,74";"79,75";"122,13";"8,63";"99,03";"22,62";"5,85";"1,53";"48,16";"9136,99";"152,28";"1831,42";"764,64";"69,36";"244,53";"12,39";"1009,17";"81,75";"101,62";"6,68";"71,37";"15,29";"3585,5";"147,83";"686,56";"264,69";"23,75";"78,5";"4,25";"343,19";"28,0";"34,69";"2,5";"26,38";"4,94";"1,5";"0,5";"13,25";"3511,69";"157,12";"736,0";"329,25";"30,12";"111,44";"5,38";"440,69";"35,5";"44,25";"2,69";"29,06";"6,94";"1,94";"0,5";"26,19";"4434,91";"147,83";"849,21";"327,39";"29,38";"97,1";"5,26";"424,49";"34,63";"42,9";"3,09";"32,62";"6,11";"1,86";"0,62";"16,39";"4713,45";"157,12";"987,87";"441,93";"40,43";"149,57";"7,21";"591,5";"47,65";"59,39";"3,61";"39,01";"9,31";"2,6";"0,67";"35,15";"1,29";"4,43";"50,77"
"Marcus Baggesen";"M. Baggesen";"470962";"2003-07-17";"IFK Norrköping";"1484";"SWE - Allsvenskan";"90";"2025/2025";"128";"Full Back";"88,0";"46,99";"19,55";"27,45";"17";"0";"10227,94";"116,22";"1466,59";"754,71";"69,82";"319,41";"16,47";"1074,12";"86,29";"29,69";"30,92";"118,18";"6,59";"98,88";"19,94";"5,53";"0,65";"0,67";"2,24";"1,24";"1,37";"37,12";"1,79";"2,65";"10459,93";"116,22";"1499,85";"771,82";"71,41";"326,66";"16,84";"1098,48";"88,25";"120,86";"6,74";"101,13";"20,39";"5,65";"2,29";"37,96";"9121,04";"152,02";"1629,32";"864,64";"77,29";"361,72";"17,88";"1226,36";"95,16";"106,8";"5,33";"76,16";"13,89";"2949,12";"150,88";"492,29";"282,0";"25,71";"150,0";"7,0";"432,0";"32,71";"31,35";"1,71";"21,35";"4,0";"1,41";"0,47";"9,41";"4194,35";"152,83";"783,76";"395,18";"34,82";"133,29";"7,0";"528,47";"41,82";"52,29";"2,47";"38,29";"6,88";"1,82";"0,76";"24,82";"4526,41";"150,88";"755,59";"432,82";"39,45";"230,23";"10,74";"663,05";"50,2";"48,12";"2,62";"32,77";"6,14";"2,17";"0,72";"14,45";"4584,81";"152,83";"856,73";"431,96";"38,07";"145,7";"7,65";"577,67";"45,72";"57,16";"2,7";"41,86";"7,52";"1,99";"0,84";"27,13";"1,58";"4,13";"43,71"
"Kevin Höög Jansson";"K. Höög Jansson";"537303";"2000-09-29";"IFK Norrköping";"1484";"SWE - Allsvenskan";"90";"2025/2025";"128";"Central Defender";"86,5";"47,64";"18,12";"29,52";"4";"0";"9596,25";"110,94";"1290,5";"443,25";"40,0";"153,5";"7,75";"596,75";"47,75";"27,93";"27,93";"103,75";"6,25";"85,25";"11,0";"5,0";"0,75";"0,83";"1,25";"null";"null";"23,0";"2,53";"null";"9985,02";"110,94";"1342,78";"461,21";"41,62";"159,72";"8,06";"620,93";"49,68";"107,95";"6,5";"88,7";"11,45";"5,2";"1,3";"23,93";"8598,57";"143,31";"1422,49";"503,76";"44,71";"171,59";"6,93";"675,35";"51,64";"95,4";"4,72";"75,56";"9,13";"2599,25";"143,47";"456,5";"83,0";"8,0";"29,0";"1,0";"112,0";"9,0";"22,0";"1,25";"19,25";"1,75";"0,75";"0,0";"5,0";"4228,25";"143,21";"673,0";"317,0";"27,5";"107,25";"4,5";"424,25";"32,0";"53,75";"2,5";"40,75";"5,5";"1,75";"0,5";"15,25";"4304,19";"143,47";"755,93";"137,44";"13,25";"48,02";"1,66";"185,46";"14,9";"36,43";"2,07";"31,88";"2,9";"1,24";"0,0";"8,28";"4296,27";"143,21";"683,83";"322,1";"27,94";"108,98";"4,57";"431,08";"32,51";"54,61";"2,54";"41,41";"5,59";"1,78";"0,51";"15,5";"0,63";"3,15";"25,5"
"Kevin Höög Jansson";"K. Höög Jansson";"537303";"2000-09-29";"IFK Norrköping";"1484";"SWE - Allsvenskan";"90";"2025/2025";"128";"Full Back";"85,74";"45,34";"22,39";"22,95";"4";"0";"9282,5";"108,26";"1284,0";"524,5";"46,0";"134,75";"8,0";"659,25";"54,0";"28,35";"28,35";"98,0";"5,5";"83,0";"12,75";"5,0";"0,65";"0,81";"1,0";"1,23";"null";"25,25";"2,19";"null";"9743,51";"108,26";"1347,77";"550,55";"48,28";"141,44";"8,4";"691,99";"56,68";"102,87";"5,77";"87,12";"13,38";"5,25";"1,05";"26,5";"8446,32";"140,77";"1505,05";"646,82";"53,93";"166,09";"9,26";"812,9";"63,19";"94,62";"4,63";"71,46";"10,59";"2916,25";"130,24";"440,5";"173,5";"15,75";"45,5";"2,75";"219,0";"18,5";"30,5";"1,75";"24,5";"3,25";"1,25";"0,5";"7,75";"3466,0";"151,05";"696,75";"315,25";"25,0";"80,0";"4,25";"395,25";"29,25";"41,0";"1,75";"29,5";"4,75";"1,75";"0,0";"15,5";"3907,15";"130,24";"590,17";"232,45";"21,1";"60,96";"3,68";"293,41";"24,79";"40,86";"2,34";"32,82";"4,35";"1,67";"0,67";"10,38";"4531,54";"151,05";"910,95";"412,17";"32,69";"104,59";"5,56";"516,76";"38,24";"53,6";"2,29";"38,57";"6,21";"2,29";"0,0";"20,27";"0,66";"3,97";"30,77"
"Kevin Höög Jansson";"K. Höög Jansson";"537303";"2000-09-29";"IFK Norrköping";"1484";"SWE - Allsvenskan";"90";"2025/2025";"128";"Midfield";"98,26";"53,32";"22,15";"31,17";"9";"0";"11724,67";"119,33";"1902,22";"649,0";"57,33";"213,33";"9,67";"862,33";"67,0";"29,31";"30,26";"113,11";"5,0";"96,78";"13,22";"3,33";"0,7";"0,7";"1,0";"1,42";"1,68";"30,56";"1,93";"2,85";"10739,55";"119,33";"1742,4";"594,47";"52,52";"195,41";"8,85";"789,88";"61,37";"103,61";"4,58";"88,65";"12,11";"3,05";"0,92";"27,99";"9397,53";"156,63";"1921,72";"687,79";"59,89";"226,05";"8,75";"913,85";"68,64";"93,77";"4,0";"70,64";"9,5";"3281,67";"148,13";"657,56";"157,11";"12,22";"25,78";"0,78";"182,89";"13,0";"30,44";"1,33";"21,89";"2,22";"0,44";"0,0";"8,78";"5069,67";"162,66";"1050,22";"454,11";"41,0";"175,11";"7,0";"629,22";"48,0";"52,89";"2,22";"40,89";"6,22";"1,89";"0,67";"20,0";"4443,95";"148,13";"890,45";"212,76";"16,55";"34,91";"1,05";"247,66";"17,6";"41,23";"1,81";"29,64";"3,01";"0,6";"0,0";"11,89";"4879,89";"162,66";"1010,91";"437,11";"39,47";"168,56";"6,74";"605,67";"46,2";"50,91";"2,14";"39,36";"5,99";"1,82";"0,64";"19,25";"0,75";"2,63";"32,38"
"Kai Meriluoto";"K. Meriluoto";"611969";"2003-01-02";"IFK Värnamo";"2394";"SWE - Allsvenskan";"90";"2025/2025";"128";"Center Forward";"83,92";"49,3";"22,36";"26,94";"6";"1";"10307,67";"122,82";"1517,33";"692,0";"64,33";"226,33";"13,67";"918,33";"78,0";"29,05";"29,3";"108,33";"5,67";"88,5";"18,0";"4,0";"0,7";"0,75";"0,83";"null";"null";"49,0";"1,94";"2,88";"11054,16";"122,82";"1627,22";"742,12";"68,99";"242,72";"14,66";"984,84";"83,65";"116,18";"6,08";"94,91";"19,3";"4,29";"0,89";"52,55";"9258,33";"154,31";"1680,01";"791,93";"74,04";"261,48";"14,0";"1053,41";"88,04";"96,15";"4,87";"72,62";"12,58";"3402,0";"152,14";"648,83";"344,67";"32,33";"124,83";"6,67";"469,5";"39,0";"40,67";"2,5";"25,5";"5,17";"1,67";"0,5";"19,5";"4204,83";"156,1";"731,5";"306,0";"28,5";"90,0";"4,83";"396,0";"33,33";"38,33";"1,5";"34,17";"5,17";"0,83";"0,17";"26,17";"4564,17";"152,14";"870,48";"462,41";"43,38";"167,48";"8,94";"629,89";"52,32";"54,56";"3,35";"34,21";"6,93";"2,24";"0,67";"26,16";"4683,12";"156,1";"814,71";"340,81";"31,74";"100,24";"5,38";"441,04";"37,12";"42,69";"1,67";"38,05";"5,75";"0,93";"0,19";"29,14";"0,81";"3,04";"55,58"
"Hugo Bolin";"H. Bolin";"616543";"2003-07-24";"Malmo FF";"426";"SWE - Allsvenskan";"90";"2025/2025";"128";"Full Back";"79,27";"40,12";"20,06";"20,06";"3";"0";"8962,0";"113,06";"1385,67";"618,67";"63,0";"255,33";"14,33";"874,0";"77,33";"29,0";"29,0";"103,0";"8,0";"87,0";"19,0";"6,33";"0,63";"null";"1,0";"null";"null";"42,33";"1,96";"3,18";"10175,53";"113,06";"1573,3";"702,44";"71,53";"289,91";"16,27";"992,35";"87,8";"116,95";"9,08";"98,78";"21,57";"7,19";"1,14";"48,07";"9111,43";"151,86";"1794,27";"852,01";"89,74";"357,96";"19,94";"1209,97";"109,68";"106,69";"7,48";"78,77";"14,96";"3109,33";"154,99";"647,0";"304,0";"31,67";"121,0";"7,33";"425,0";"39,0";"33,33";"2,67";"24,67";"4,67";"1,67";"0,67";"15,33";"2982,67";"148,72";"552,67";"265,67";"28,33";"118,33";"6,0";"384,0";"34,33";"38,0";"2,33";"28,0";"5,33";"2,33";"0,33";"23,33";"4649,79";"154,99";"967,54";"454,61";"47,36";"180,95";"10,97";"635,56";"58,32";"49,85";"3,99";"36,89";"6,98";"2,49";"1,0";"22,93";"4461,61";"148,72";"826,7";"397,4";"42,38";"177,01";"8,98";"574,4";"51,36";"56,84";"3,49";"41,88";"7,98";"3,49";"0,5";"34,9";"1,5";"5,98";"57,83"
"Hugo Bolin";"H. Bolin";"616543";"2003-07-24";"Malmo FF";"426";"SWE - Allsvenskan";"90";"2025/2025";"128";"Midfield";"87,46";"47,65";"28,4";"19,26";"5";"0";"10593,0";"121,12";"1800,8";"754,0";"69,2";"219,8";"13,2";"973,8";"82,4";"28,98";"28,98";"112,6";"8,2";"99,6";"18,8";"5,8";"0,71";"0,75";"1,6";"1,47";"null";"43,2";"2,0";"2,65";"10900,64";"121,12";"1853,1";"775,9";"71,21";"226,18";"13,58";"1002,08";"84,79";"115,87";"8,44";"102,49";"19,35";"5,97";"1,65";"44,45";"9435,65";"157,26";"2018,58";"873,06";"77,31";"256,35";"14,86";"1129,41";"92,17";"103,25";"7,3";"76,05";"13,6";"4323,4";"152,25";"827,8";"396,0";"35,6";"142,8";"8,4";"538,8";"44,0";"48,0";"3,8";"35,4";"6,0";"2,6";"0,8";"19,0";"3170,6";"164,65";"775,4";"297,4";"25,8";"60,8";"3,4";"358,2";"29,2";"34,0";"2,0";"25,0";"4,8";"1,2";"0,0";"21,2";"4567,51";"152,25";"874,54";"418,36";"37,61";"150,86";"8,87";"569,22";"46,48";"50,71";"4,01";"37,4";"6,34";"2,75";"0,85";"20,07";"4939,48";"164,65";"1208,0";"463,32";"40,19";"94,72";"5,3";"558,04";"45,49";"52,97";"3,12";"38,95";"7,48";"1,87";"0,0";"33,03";"1,01";"4,78";"50,62"
"Hugo Bolin";"H. Bolin";"616543";"2003-07-24";"Malmo FF";"426";"SWE - Allsvenskan";"90";"2025/2025";"128";"Wide Attacker";"81,83";"47,4";"26,54";"20,86";"18";"0";"9970,5";"121,84";"1720,78";"701,39";"63,39";"184,56";"11,33";"885,94";"74,72";"28,27";"29,98";"106,11";"7,5";"88,72";"18,56";"5,11";"0,63";"0,66";"1,22";"1,2";"1,32";"45,78";"1,87";"2,59";"10965,4";"121,84";"1892,48";"771,38";"69,71";"202,97";"12,46";"974,35";"82,18";"116,7";"8,25";"97,58";"20,41";"5,62";"1,34";"50,35";"9157,83";"152,63";"1952,98";"818,1";"72,57";"212,86";"12,87";"1030,95";"85,44";"99,08";"6,96";"70,74";"13,71";"3911,89";"147,41";"783,78";"360,22";"32,61";"109,11";"6,67";"469,33";"39,28";"43,22";"3,28";"28,67";"4,94";"2,33";"0,5";"22,11";"3323,22";"159,27";"759,17";"286,11";"24,72";"59,06";"3,5";"345,17";"28,22";"35,06";"2,22";"27,22";"5,89";"1,61";"0,33";"20,44";"4422,22";"147,41";"886,03";"407,22";"36,87";"123,35";"7,54";"530,56";"44,4";"48,86";"3,71";"32,41";"5,59";"2,64";"0,57";"25,0";"4778,22";"159,27";"1091,55";"411,38";"35,55";"84,91";"5,03";"496,29";"40,58";"50,4";"3,2";"39,14";"8,47";"2,32";"0,48";"29,4";"1,05";"4,99";"53,86"
"Joseph Amadeus Sögaard";"Amadeus Sögaard";"616843";"1998-01-26";"IFK Norrköping";"1484";"SWE - Allsvenskan";"90";"2025/2025";"128";"Central Defender";"89,61";"48,27";"22,02";"26,25";"14";"0";"10118,0";"112,92";"1393,71";"470,14";"39,5";"133,5";"6,71";"603,64";"46,21";"28,09";"28,96";"108,0";"4,93";"89,07";"9,57";"3,21";"0,71";"0,76";"1,0";"1,27";"1,53";"24,5";"2,27";"2,67";"10162,36";"112,92";"1399,82";"472,2";"39,67";"134,09";"6,74";"606,29";"46,42";"108,47";"4,95";"89,46";"9,61";"3,23";"1,0";"24,61";"8734,19";"145,57";"1467,97";"516,07";"43,41";"154,74";"6,57";"670,82";"49,98";"92,86";"3,73";"69,69";"6,39";"3066,93";"139,27";"471,21";"106,14";"8,86";"28,21";"1,36";"134,36";"10,21";"27,07";"1,07";"20,71";"1,71";"0,36";"0,21";"5,0";"3960,29";"150,85";"709,86";"309,07";"26,07";"96,29";"3,93";"405,36";"30,0";"47,64";"1,93";"35,36";"3,43";"1,36";"0,29";"17,0";"4178,11";"139,27";"641,94";"144,6";"12,07";"38,44";"1,85";"183,04";"13,92";"36,88";"1,46";"28,22";"2,34";"0,49";"0,29";"6,81";"4525,63";"150,85";"811,19";"353,19";"29,79";"110,03";"4,49";"463,22";"34,28";"54,44";"2,2";"40,4";"3,92";"1,55";"0,33";"19,43";"0,62";"2,13";"27,34"
"Joseph Amadeus Sögaard";"Amadeus Sögaard";"616843";"1998-01-26";"IFK Norrköping";"1484";"SWE - Allsvenskan";"90";"2025/2025";"128";"Full Back";"98,47";"50,77";"19,72";"31,04";"3";"0";"10945,0";"111,15";"1497,0";"434,0";"43,33";"162,0";"7,67";"596,0";"51,0";"28,87";"28,87";"120,0";"6,33";"102,33";"12,33";"4,33";"0,87";"null";"0,67";"null";"null";"30,33";"2,72";"3,04";"10003,89";"111,15";"1368,28";"396,68";"39,61";"148,07";"7,01";"544,75";"46,61";"109,68";"5,79";"93,53";"11,27";"3,96";"0,61";"27,73";"8741,56";"145,69";"1523,44";"470,39";"42,55";"180,83";"7,49";"651,21";"50,03";"101,25";"4,73";"78,79";"7,49";"2833,67";"143,68";"486,33";"100,67";"10,0";"26,67";"1,33";"127,33";"11,33";"29,0";"1,67";"21,33";"2,33";"0,67";"0,33";"5,67";"4562,67";"146,97";"802,67";"297,33";"26,0";"126,33";"5,0";"423,67";"31,0";"56,67";"2,33";"45,33";"4,0";"2,0";"0,0";"22,0";"4310,37";"143,68";"739,77";"153,13";"15,21";"40,56";"2,03";"193,69";"17,24";"44,11";"2,54";"32,45";"3,55";"1,01";"0,51";"8,62";"4409,16";"146,97";"775,66";"287,33";"25,13";"122,08";"4,83";"409,41";"29,96";"54,76";"2,25";"43,81";"3,87";"1,93";"0,0";"21,26";"0,39";"3,15";"32,7"
"Richie Omorowa";"R. Omorowa";"616846";"2004-03-30";"Degerfors IF";"1736";"SWE - Allsvenskan";"90";"2025/2025";"128";"Center Forward";"55,51";"29,3";"12,34";"16,96";"7";"0";"6482,43";"116,79";"951,86";"481,14";"45,43";"165,86";"9,14";"647,0";"54,57";"28,97";"29,16";"69,0";"5,0";"55,29";"10,43";"4,0";"0,73";"0,78";"1,57";"1,39";"1,44";"27,0";"1,89";"2,87";"10510,69";"116,79";"1543,35";"780,13";"73,66";"268,92";"14,82";"1049,05";"88,48";"111,88";"8,11";"89,64";"16,91";"6,49";"2,55";"43,78";"9285,1";"154,75";"1723,79";"896,71";"84,26";"313,92";"16,09";"1210,63";"100,35";"99,47";"6,44";"73,73";"12,58";"1818,43";"147,41";"346,43";"200,0";"18,43";"79,14";"3,86";"279,14";"22,29";"21,71";"1,71";"14,14";"2,43";"1,0";"0,57";"11,57";"2715,43";"160,09";"495,29";"237,86";"22,71";"74,14";"4,0";"312,0";"26,71";"26,86";"1,43";"21,86";"3,71";"1,0";"0,29";"13,29";"4422,35";"147,41";"842,5";"486,39";"44,82";"192,47";"9,38";"678,87";"54,2";"52,81";"4,17";"34,39";"5,91";"2,43";"1,39";"28,14";"4802,7";"160,09";"876,0";"420,69";"40,17";"131,13";"7,07";"551,82";"47,25";"47,5";"2,53";"38,66";"6,57";"1,77";"0,51";"23,5";"1,76";"4,1";"50,91"
"Fredrik Nissen";"F. Nissen";"616847";"2005-03-28";"AIK";"524";"SWE - Allsvenskan";"90";"2025/2025";"128";"Central Defender";"76,4";"42,4";"17,8";"24,6";"4";"0";"9072,0";"118,75";"1234,75";"429,5";"37,25";"127,75";"6,5";"557,25";"43,75";"28,23";"28,23";"102,5";"4,25";"79,75";"9,75";"2,75";"0,81";"null";"0,75";"1,69";"null";"25,0";"2,32";"2,8";"10687,49";"118,75";"1454,63";"505,98";"43,88";"150,5";"7,66";"656,48";"51,54";"120,75";"5,01";"93,95";"11,49";"3,24";"0,88";"29,45";"9221,31";"153,69";"1528,1";"525,05";"47,41";"160,98";"8,49";"686,03";"55,9";"100,13";"3,18";"73,95";"6,72";"2723,5";"153,01";"425,25";"75,25";"7,75";"18,0";"1,0";"93,25";"8,75";"24,0";"0,25";"16,75";"2,0";"0,25";"0,0";"4,5";"3792,25";"154,18";"654,5";"295,75";"25,75";"95,75";"5,0";"391,5";"30,75";"46,75";"2,0";"35,5";"2,75";"1,25";"0,75";"17,75";"4590,17";"153,01";"716,71";"126,83";"13,06";"30,34";"1,69";"157,16";"14,75";"40,45";"0,42";"28,23";"3,37";"0,42";"0,0";"7,58";"4625,48";"154,18";"798,31";"360,73";"31,41";"116,79";"6,1";"477,52";"37,51";"57,02";"2,44";"43,3";"3,35";"1,52";"0,91";"21,65";"1,06";"2,12";"31,49"
"Kazper Karlsson";"K. Karlsson";"617443";"2005-03-21";"AIK";"524";"SWE - Allsvenskan";"90";"2025/2025";"128";"Midfield";"51,31";"26,8";"11,54";"15,26";"3";"0";"6466,33";"126,04";"1247,67";"457,33";"35,33";"112,33";"5,33";"569,67";"40,67";"27,0";"27,0";"61,67";"3,0";"52,67";"9,67";"1,33";"0,96";"null";"0,0";"null";"null";"21,33";"2,76";"null";"11343,22";"126,04";"2188,65";"802,25";"61,98";"197,05";"9,36";"999,31";"71,34";"108,18";"5,26";"92,39";"16,96";"2,34";"0,0";"37,42";"10339,55";"172,33";"2538,81";"967,91";"73,88";"251,49";"9,7";"1219,4";"83,58";"102,24";"3,73";"79,1";"10,45";"1874,0";"162,33";"476,67";"99,67";"9,0";"12,33";"0,67";"112,0";"9,67";"17,0";"0,67";"11,67";"1,67";"0,0";"0,0";"5,67";"2744,33";"179,89";"657,33";"332,67";"24,0";"100,0";"3,67";"432,67";"27,67";"28,67";"1,0";"23,67";"3,0";"0,33";"0,0";"14,0";"4869,87";"162,33";"1238,69";"259,0";"23,39";"32,05";"1,73";"291,05";"25,12";"44,18";"1,73";"30,32";"4,33";"0,0";"0,0";"14,73";"5396,72";"179,89";"1292,64";"654,19";"47,2";"196,65";"7,21";"850,84";"54,41";"56,37";"1,97";"46,54";"5,9";"0,66";"0,0";"27,53";"0,0";"0,75";"44,03"
"Kazper Karlsson";"K. Karlsson";"617443";"2005-03-21";"Degerfors IF";"1736";"SWE - Allsvenskan";"90";"2025/2025";"128";"Midfield";"91,51";"48,2";"21,62";"26,58";"8";"0";"10823,38";"118,28";"2012,75";"598,5";"52,62";"86,75";"6,12";"685,25";"58,75";"26,69";"27,48";"111,12";"4,62";"96,12";"16,38";"2,88";"0,76";"0,96";"0,62";"1,57";"null";"38,25";"2,04";"2,77";"10644,97";"118,28";"1979,57";"588,63";"51,76";"85,32";"6,02";"673,96";"57,78";"109,29";"4,55";"94,54";"16,11";"2,83";"0,61";"37,62";"9595,85";"159,93";"2263,91";"688,04";"59,44";"103,63";"6,22";"791,67";"65,66";"101,45";"3,89";"75,62";"11,83";"3355,5";"155,21";"746,38";"181,0";"16,75";"22,25";"1,75";"203,25";"18,5";"35,88";"1,75";"26,0";"4,38";"0,88";"0,12";"12,88";"4353,5";"163,77";"1072,38";"371,75";"31,0";"61,0";"3,25";"432,75";"34,25";"45,62";"1,38";"34,75";"5,12";"0,75";"0,12";"23,75";"4656,37";"155,21";"1035,73";"251,17";"23,24";"30,88";"2,43";"282,05";"25,67";"49,78";"2,43";"36,08";"6,07";"1,21";"0,17";"17,87";"4913,04";"163,77";"1210,2";"419,53";"34,98";"68,84";"3,67";"488,37";"38,65";"51,49";"1,55";"39,22";"5,78";"0,85";"0,14";"26,8";"0,31";"2,02";"45,59"
"Gabriel  Wallentin";"G. Wallentin";"617444";"2001-04-03";"Halmstads BK";"1735";"SWE - Allsvenskan";"90";"2025/2025";"128";"Central Defender";"84,92";"48,08";"21,09";"26,99";"13";"0";"8916,23";"105,0";"999,31";"322,54";"31,31";"81,31";"5,15";"403,85";"36,46";"28,19";"29,64";"96,31";"4,38";"79,92";"12,85";"2,85";"0,74";"0,75";"1,0";"1,39";"2,03";"16,23";"2,25";"2,79";"9449,98";"105,0";"1059,13";"341,85";"33,18";"86,17";"5,46";"428,02";"38,64";"102,07";"4,65";"84,71";"13,62";"3,02";"1,06";"17,2";"7862,27";"131,04";"1060,55";"365,55";"34,37";"91,87";"4,51";"457,42";"38,88";"83,8";"3,46";"65,95";"7,39";"2565,31";"121,65";"267,62";"67,23";"7,54";"19,31";"1,0";"86,54";"8,54";"21,54";"0,92";"18,62";"2,0";"0,38";"0,08";"3,46";"3734,92";"138,37";"582,23";"225,69";"20,0";"54,31";"2,62";"280,0";"22,62";"45,62";"1,85";"34,23";"3,92";"1,0";"0,31";"11,0";"3649,57";"121,65";"380,73";"95,65";"10,72";"27,47";"1,42";"123,12";"12,15";"30,64";"1,31";"26,48";"2,85";"0,55";"0,11";"4,92";"4151,1";"138,37";"647,11";"250,84";"22,23";"60,36";"2,91";"311,2";"25,14";"50,7";"2,05";"38,05";"4,36";"1,11";"0,34";"12,23";"0,48";"1,73";"18,05"
"Gustav  Friberg";"G. Friberg";"617447";"2002-09-10";"Halmstads BK";"1735";"SWE - Allsvenskan";"90";"2025/2025";"128";"Full Back";"87,92";"50,43";"20,95";"29,48";"12";"0";"11318,5";"128,74";"1971,0";"768,5";"61,67";"189,25";"11,33";"957,75";"73,0";"27,79";"28,7";"115,92";"6,0";"97,5";"18,42";"3,75";"0,66";"0,77";"1,0";"1,29";"null";"40,83";"2,05";"2,55";"11586,89";"128,74";"2017,74";"786,72";"63,13";"193,74";"11,6";"980,46";"74,73";"118,67";"6,14";"99,81";"18,85";"3,84";"1,02";"41,8";"9659,59";"160,99";"2045,54";"836,72";"65,04";"198,2";"10,71";"1034,92";"75,75";"99,84";"4,76";"73,27";"12,49";"3324,08";"158,67";"718,83";"258,58";"18,0";"50,25";"2,75";"308,83";"20,75";"29,0";"1,42";"21,0";"3,42";"0,42";"0,25";"9,08";"4794,67";"162,65";"1000,42";"444,67";"36,67";"116,33";"6,25";"561,0";"42,92";"54,92";"2,58";"40,58";"7,08";"1,75";"0,33";"28,92";"4760,02";"158,67";"1029,36";"370,29";"25,78";"71,96";"3,94";"442,24";"29,71";"41,53";"2,03";"30,07";"4,89";"0,6";"0,36";"13,01";"4879,38";"162,65";"1018,09";"452,52";"37,31";"118,39";"6,36";"570,91";"43,67";"55,89";"2,63";"41,3";"7,21";"1,78";"0,34";"29,43";"0,69";"2,58";"45,21"
"Naeem Mohammed";"N. Mohammed";"617452";"1996-11-11";"Halmstads BK";"1735";"SWE - Allsvenskan";"90";"2025/2025";"128";"Wide Attacker";"73,49";"40,81";"17,75";"23,06";"19";"1";"8409,05";"114,42";"1264,58";"478,58";"44,84";"176,63";"8,68";"655,21";"53,53";"30,13";"31,54";"99,21";"5,95";"82,16";"13,42";"4,37";"0,62";"0,69";"1,21";"1,2";"1,39";"33,16";"1,86";"2,6";"10297,66";"114,42";"1548,59";"586,06";"54,91";"216,3";"10,63";"802,37";"65,55";"121,49";"7,28";"100,61";"16,44";"5,35";"1,48";"40,6";"8806,68";"146,78";"1687,07";"659,69";"60,12";"238,93";"10,6";"898,63";"70,72";"106,62";"5,65";"79,46";"12,07";"2626,58";"147,98";"462,53";"209,26";"20,21";"117,47";"4,74";"326,74";"24,95";"32,89";"1,79";"22,11";"3,0";"1,47";"0,47";"12,42";"3363,89";"145,85";"685,05";"239,47";"20,68";"45,05";"2,47";"284,53";"23,16";"39,63";"2,05";"31,95";"5,21";"1,21";"0,21";"18,32";"4439,51";"147,98";"781,77";"353,7";"34,16";"198,56";"8,01";"552,26";"42,17";"55,6";"3,02";"37,36";"5,07";"2,49";"0,8";"20,99";"4375,51";"145,85";"891,07";"311,49";"26,9";"58,6";"3,22";"370,09";"30,12";"51,55";"2,67";"41,55";"6,78";"1,57";"0,27";"23,82";"1,01";"3,95";"45,19"
"William Granath";"Villiam Granath";"617453";"1998-09-14";"Halmstads BK";"1735";"SWE - Allsvenskan";"90";"2025/2025";"128";"Full Back";"96,32";"54,16";"22,16";"32,0";"17";"0";"11790,76";"122,41";"1910,94";"889,12";"83,35";"365,41";"19,47";"1254,53";"102,82";"29,98";"31,34";"137,59";"11,0";"111,47";"27,47";"7,53";"0,61";"0,64";"2,76";"1,23";"1,32";"56,18";"1,88";"2,53";"11016,83";"122,41";"1785,51";"830,76";"77,88";"341,43";"18,19";"1172,18";"96,07";"128,56";"10,28";"104,15";"25,67";"7,04";"2,58";"52,49";"9210,31";"153,51";"1838,67";"900,41";"80,93";"370,97";"18,31";"1271,37";"99,24";"110,06";"7,56";"78,13";"17,85";"3345,0";"150,94";"665,59";"326,47";"31,24";"169,59";"7,65";"496,06";"38,88";"36,47";"3,24";"24,47";"6,18";"1,94";"1,0";"15,18";"4969,41";"155,28";"994,24";"486,35";"41,82";"165,29";"8,88";"651,65";"50,71";"62,88";"3,59";"46,06";"9,94";"2,41";"0,82";"36,24";"4528,27";"150,94";"901,04";"441,96";"42,28";"229,58";"10,35";"671,54";"52,64";"49,37";"4,38";"33,13";"8,36";"2,63";"1,35";"20,55";"4658,4";"155,28";"932,01";"455,91";"39,21";"154,95";"8,33";"610,86";"47,53";"58,95";"3,36";"43,18";"9,32";"2,26";"0,77";"33,97";"2,02";"4,82";"56,95"
"William Granath";"Villiam Granath";"617453";"1998-09-14";"Halmstads BK";"1735";"SWE - Allsvenskan";"90";"2025/2025";"128";"Wide Attacker";"96,91";"54,18";"24,46";"29,73";"9";"1";"12451,11";"128,49";"2289,56";"957,56";"88,33";"329,33";"17,56";"1286,89";"105,89";"29,2";"30,4";"139,33";"8,0";"115,33";"25,44";"5,67";"0,64";"0,7";"1,89";"1,43";"1,55";"63,56";"1,84";"2,73";"11563,84";"128,49";"2126,4";"889,32";"82,04";"305,86";"16,3";"1195,18";"98,34";"129,4";"7,43";"107,11";"23,63";"5,26";"1,75";"59,03";"9942,05";"165,7";"2272,41";"974,35";"90,19";"339,1";"17,35";"1313,44";"107,54";"111,35";"5,41";"83,05";"18,33";"4059,56";"165,98";"879,67";"414,67";"39,56";"185,22";"9,11";"599,89";"48,67";"46,22";"2,44";"32,11";"7,22";"1,67";"0,78";"25,89";"4918,67";"165,47";"1172,44";"465,22";"41,89";"121,0";"6,56";"586,22";"48,44";"54,33";"2,44";"42,89";"9,33";"1,67";"0,44";"33,67";"4979,54";"165,98";"1079,02";"508,64";"48,52";"227,2";"11,18";"735,84";"59,7";"56,7";"3,0";"39,39";"8,86";"2,04";"0,95";"31,76";"4964,02";"165,47";"1183,25";"469,51";"42,28";"122,12";"6,62";"591,63";"48,89";"54,83";"2,47";"43,28";"9,42";"1,68";"0,45";"33,98";"1,35";"3,69";"65,95"
"Abdihakin  Ali";"A. Ali";"617455";"2002-01-22";"AIK";"524";"SWE - Allsvenskan";"90";"2025/2025";"128";"Midfield";"73,41";"38,27";"17,82";"20,45";"8";"0";"8678,75";"118,22";"1349,0";"424,38";"35,12";"93,75";"4,5";"518,12";"39,62";"27,52";"28,64";"82,12";"4,0";"68,5";"10,62";"2,25";"0,72";"0,85";"0,12";"null";"null";"29,88";"2,25";"2,91";"10639,71";"118,22";"1653,81";"520,26";"43,06";"114,93";"5,52";"635,19";"48,58";"100,68";"4,9";"83,98";"13,03";"2,76";"0,15";"36,63";"9531,14";"158,85";"1912,3";"619,53";"50,96";"136,8";"5,68";"756,34";"56,64";"94,86";"4,51";"68,4";"10,78";"2761,88";"155,02";"533,88";"142,0";"12,12";"27,88";"1,12";"169,88";"13,25";"26,38";"1,25";"18,88";"2,88";"0,88";"0,0";"8,75";"3316,88";"162,19";"685,75";"253,12";"20,38";"59,38";"2,5";"312,5";"22,88";"34,12";"1,62";"24,75";"4,0";"0,88";"0,0";"18,88";"4650,49";"155,02";"898,95";"239,1";"20,42";"46,94";"1,89";"286,04";"22,31";"44,41";"2,1";"31,78";"4,84";"1,47";"0,0";"14,73";"4865,83";"162,19";"1005,99";"371,33";"29,89";"87,1";"3,67";"458,44";"33,56";"50,06";"2,38";"36,31";"5,87";"1,28";"0,0";"27,69";"0,0";"2,74";"43,31"
"Markus Karlsson";"M. Karlsson";"617457";"2004-01-20";"Hammarby IF";"1478";"SWE - Allsvenskan";"90";"2025/2025";"128";"Midfield";"96,81";"55,65";"33,5";"22,15";"25";"1";"12888,12";"133,13";"2365,0";"716,8";"55,08";"143,04";"7,48";"859,84";"62,56";"27,59";"29,54";"119,04";"3,64";"99,6";"10,44";"2,36";"0,65";"0,66";"0,64";"1,43";"1,93";"47,4";"1,86";"2,62";"11982,1";"133,13";"2198,74";"666,41";"51,21";"132,98";"6,95";"799,39";"58,16";"110,67";"3,38";"92,6";"9,71";"2,19";"0,6";"44,07";"10345,16";"172,42";"2347,7";"726,47";"55,55";"146,94";"6,34";"873,41";"61,89";"95,62";"2,46";"71,51";"7,16";"5404,84";"161,36";"1040,68";"204,2";"17,04";"30,0";"1,64";"234,2";"18,68";"48,12";"1,08";"37,28";"3,08";"0,6";"0,08";"15,84";"4189,72";"189,15";"1136,68";"469,56";"34,48";"106,28";"4,24";"575,84";"38,72";"40,56";"1,2";"29,04";"3,56";"0,8";"0,24";"28,48";"4840,73";"161,36";"932,06";"182,89";"15,26";"26,87";"1,47";"209,76";"16,73";"43,1";"0,97";"33,39";"2,76";"0,54";"0,07";"14,19";"5674,39";"189,15";"1539,48";"635,95";"46,7";"143,94";"5,74";"779,9";"52,44";"54,93";"1,63";"39,33";"4,82";"1,08";"0,33";"38,57";"0,35";"1,51";"47,79"
"Saidou Moussa Alioum Moubarak";"S. Alioum";"617458";"2003-07-25";"IFK Göteborg";"1480";"SWE - Allsvenskan";"90";"2025/2025";"128";"Wide Attacker";"74,96";"40,98";"20,8";"20,18";"14";"1";"9141,64";"121,96";"1414,5";"669,29";"63,5";"246,21";"13,93";"915,5";"77,43";"29,49";"30,76";"94,29";"7,71";"75,29";"18,64";"6,21";"0,66";"0,65";"2,57";"1,28";"1,32";"39,0";"1,9";"2,57";"10976,42";"121,96";"1698,4";"803,61";"76,24";"295,63";"16,72";"1099,25";"92,97";"113,21";"9,26";"90,4";"22,38";"7,46";"3,09";"46,83";"9478,0";"157,97";"1856,05";"896,6";"82,82";"332,02";"17,67";"1228,62";"100,49";"101,43";"7,63";"68,81";"16,31";"3234,43";"155,47";"609,0";"351,5";"31,5";"149,14";"8,0";"500,64";"39,5";"37,07";"3,36";"24,64";"4,71";"2,57";"1,14";"17,79";"3239,57";"160,55";"658,79";"260,93";"25,07";"77,64";"4,07";"338,57";"29,14";"32,21";"1,86";"22,36";"6,43";"1,57";"0,57";"18,07";"4663,97";"155,47";"878,16";"506,86";"45,42";"215,06";"11,54";"721,92";"56,96";"53,46";"4,84";"35,53";"6,8";"3,71";"1,65";"25,65";"4816,35";"160,55";"979,43";"387,93";"37,27";"115,43";"6,05";"503,36";"43,33";"47,89";"2,76";"33,24";"9,56";"2,34";"0,85";"26,87";"2,51";"6,07";"52,5"
"Anton Kurochkin";"A. Kurochkin";"617753";"2003-07-20";"IF Brommapojkarna";"2941";"SWE - Allsvenskan";"90";"2025/2025";"128";"Wide Attacker";"57,82";"32,89";"14,26";"18,63";"4";"0";"6888,0";"119,14";"1017,75";"506,0";"52,75";"195,25";"11,0";"701,25";"63,75";"30,6";"30,6";"80,5";"5,25";"64,5";"12,0";"3,75";"0,72";"null";"1,0";"1,44";"null";"33,0";"1,91";"2,84";"10722,17";"119,14";"1584,28";"787,66";"82,11";"303,93";"17,12";"1091,6";"99,24";"125,31";"8,17";"100,4";"18,68";"5,84";"1,56";"51,37";"9000,68";"150,01";"1691,22";"850,63";"86,2";"330,67";"18,7";"1181,3";"104,9";"104,45";"6,84";"72,98";"14,14";"2143,5";"150,33";"396,25";"197,5";"21,25";"102,0";"4,75";"299,5";"26,0";"25,0";"2,25";"16,75";"2,75";"1,75";"0,5";"11,5";"2790,0";"149,77";"530,75";"268,75";"26,0";"79,25";"5,5";"348,0";"31,5";"32,25";"1,5";"23,25";"5,0";"0,75";"0,25";"19,0";"4509,99";"150,33";"833,72";"415,55";"44,71";"214,61";"9,99";"630,16";"54,7";"52,6";"4,73";"35,24";"5,79";"3,68";"1,05";"24,2";"4492,95";"149,77";"854,71";"432,79";"41,87";"127,62";"8,86";"560,41";"50,73";"51,93";"2,42";"37,44";"8,05";"1,21";"0,4";"30,6";"1,37";"4,56";"55,64"
"Emin Grozdanić";"E. Grozdanić";"617755";"1999-07-05";"IFK Värnamo";"2394";"SWE - Allsvenskan";"90";"2025/2025";"128";"Central Defender";"91,77";"52,62";"24,75";"27,87";"18";"1";"9873,06";"107,59";"1048,72";"332,22";"32,44";"78,44";"5,39";"410,67";"37,83";"27,78";"29,38";"96,0";"4,39";"76,83";"8,11";"3,06";"0,56";"0,65";"0,56";"1,42";"null";"21,78";"2,21";"2,93";"9682,69";"107,59";"1028,5";"325,82";"31,82";"76,93";"5,28";"402,75";"37,1";"94,15";"4,3";"75,35";"7,95";"3,0";"0,54";"21,36";"8064,21";"134,4";"1055,27";"350,13";"32,81";"79,69";"4,62";"429,82";"37,44";"78,05";"2,91";"58,53";"5,32";"3269,89";"132,12";"358,11";"66,33";"6,78";"11,67";"0,61";"78,0";"7,39";"24,39";"0,94";"19,22";"2,0";"0,5";"0,06";"5,44";"3802,22";"136,43";"567,33";"240,72";"22,0";"58,22";"3,44";"298,94";"25,44";"44,06";"1,61";"32,11";"2,67";"0,89";"0,28";"13,89";"3963,5";"132,12";"434,07";"80,4";"8,22";"14,14";"0,74";"94,55";"8,96";"29,56";"1,14";"23,3";"2,42";"0,61";"0,07";"6,6";"4093,03";"136,43";"610,72";"259,13";"23,68";"62,68";"3,71";"321,81";"27,39";"47,43";"1,73";"34,57";"2,87";"0,96";"0,3";"14,95";"0,38";"1,58";"22,05"
"Emin Grozdanić";"E. Grozdanić";"617755";"1999-07-05";"IFK Värnamo";"2394";"SWE - Allsvenskan";"90";"2025/2025";"128";"Full Back";"73,7";"38,73";"18,34";"20,39";"4";"0";"7882,25";"106,94";"939,5";"326,75";"31,25";"102,0";"6,25";"428,75";"37,5";"28,7";"28,7";"77,75";"4,25";"61,75";"9,75";"2,25";"null";"null";"2,25";"null";"null";"22,75";"null";"2,9";"9625,0";"106,94";"1147,22";"398,99";"38,16";"124,55";"7,63";"523,55";"45,79";"94,94";"5,19";"75,4";"11,91";"2,75";"2,75";"27,78";"8159,85";"136,0";"1299,94";"468,69";"41,83";"130,92";"8,13";"599,61";"49,97";"85,99";"5,04";"61,59";"8,52";"2450,5";"133,63";"347,5";"100,0";"11,0";"34,0";"2,25";"134,0";"13,25";"23,25";"1,5";"15,75";"2,5";"0,75";"0,75";"7,75";"2816,0";"138,12";"491,5";"202,5";"16,0";"50,5";"3,0";"253,0";"19,0";"32,25";"1,75";"24,0";"3,0";"0,25";"0,25";"13,75";"4009,0";"133,63";"568,51";"163,6";"18,0";"55,62";"3,68";"219,22";"21,68";"38,04";"2,45";"25,77";"4,09";"1,23";"1,23";"12,68";"4143,72";"138,12";"723,24";"297,98";"23,54";"74,31";"4,41";"372,29";"27,96";"47,46";"2,58";"35,32";"4,41";"0,37";"0,37";"20,23";"1,55";"1,55";"33,31"
"Erik Viktor Bergh";"V. Bergh";"617756";"1999-07-26";"Djurgardens IF";"522";"SWE - Allsvenskan";"90";"2025/2025";"128";"Full Back";"69,14";"40,96";"22,78";"18,17";"3";"0";"8203,67";"118,65";"1213,67";"514,67";"49,0";"235,33";"12,0";"750,0";"61,0";"31,17";"31,17";"93,67";"6,0";"80,0";"15,33";"4,67";"0,71";"null";"2,0";"1,4";"null";"28,33";"1,96";"3,03";"10678,94";"118,65";"1579,86";"669,96";"63,78";"306,34";"15,62";"976,3";"79,41";"121,93";"7,81";"104,14";"19,96";"6,07";"2,6";"36,88";"8761,69";"146,03";"1545,09";"690,99";"63,48";"302,77";"14,65";"993,76";"78,13";"102,55";"6,84";"76,18";"13,67";"3311,33";"145,34";"543,0";"271,0";"23,67";"129,0";"6,33";"400,0";"30,0";"38,0";"3,0";"28,0";"5,0";"2,33";"1,0";"13,0";"2669,33";"146,89";"511,67";"200,67";"19,67";"77,67";"3,67";"278,33";"23,33";"32,0";"1,67";"24,0";"4,33";"1,0";"0,33";"12,67";"4360,2";"145,34";"715,0";"356,84";"31,16";"169,86";"8,34";"526,7";"39,5";"50,04";"3,95";"36,87";"6,58";"3,07";"1,32";"17,12";"4406,73";"146,89";"844,7";"331,27";"32,47";"128,22";"6,05";"459,49";"38,52";"52,83";"2,75";"39,62";"7,15";"1,65";"0,55";"20,91";"1,95";"4,88";"37,6"
"Elliot Stroud";"E. Stroud";"618621";"2002-06-22";"Mjällby AIF";"1486";"SWE - Allsvenskan";"90";"2025/2025";"128";"Full Back";"96,36";"55,5";"29,6";"25,9";"18";"3";"11568,06";"120,05";"1827,83";"906,39";"84,61";"375,72";"19,44";"1282,11";"104,06";"30,21";"31,56";"135,22";"12,0";"114,39";"25,44";"9,06";"0,59";"0,59";"2,61";"1,07";"1,17";"42,5";"1,93";"2,69";"10804,72";"120,05";"1707,22";"846,58";"79,03";"350,93";"18,16";"1197,51";"97,19";"126,3";"11,21";"106,84";"23,77";"8,46";"2,44";"39,7";"9010,6";"150,18";"1741,66";"913,86";"82,34";"373,96";"18,98";"1287,82";"101,31";"108,34";"8,59";"79,93";"15,31";"4299,33";"145,23";"785,89";"430,44";"39,33";"211,06";"10,22";"641,5";"49,56";"48,78";"4,22";"37,22";"6,06";"3,33";"0,94";"14,83";"4036,17";"155,83";"825,28";"414,94";"36,83";"134,89";"7,33";"549,83";"44,17";"51,44";"3,72";"36,72";"8,11";"2,67";"0,89";"24,72";"4356,89";"145,23";"796,41";"436,21";"39,86";"213,88";"10,36";"650,09";"50,22";"49,43";"4,28";"37,72";"6,14";"3,38";"0,96";"15,03";"4674,93";"155,83";"955,89";"480,61";"42,66";"156,24";"8,49";"636,85";"51,16";"59,59";"4,31";"42,53";"9,39";"3,09";"1,03";"28,63";"1,98";"6,49";"42,76"
"Elliot Stroud";"E. Stroud";"618621";"2002-06-22";"Mjällby AIF";"1486";"SWE - Allsvenskan";"90";"2025/2025";"128";"Wide Attacker";"98,64";"54,55";"27,69";"26,86";"6";"0";"12114,5";"122,81";"2031,5";"912,33";"82,0";"304,17";"17,33";"1216,5";"99,33";"29,4";"29,66";"132,5";"13,33";"112,67";"24,0";"9,33";"0,62";"0,72";"3,5";"1,22";"1,62";"50,17";"2,06";"2,71";"11053,19";"122,81";"1853,53";"832,41";"74,82";"277,52";"15,81";"1109,93";"90,63";"120,89";"12,17";"102,8";"21,9";"8,52";"3,19";"45,77";"9562,97";"159,38";"1986,25";"916,22";"82,13";"323,01";"16,32";"1239,23";"98,44";"108,71";"7,88";"81,76";"15,58";"4255,5";"153,66";"758,83";"400,5";"37,0";"159,17";"9,33";"559,67";"46,33";"52,67";"3,33";"36,33";"6,83";"2,0";"0,83";"17,0";"4438,83";"165,29";"1047,0";"432,5";"37,67";"134,5";"5,5";"567,0";"43,17";"46,17";"3,83";"38,0";"7,33";"2,67";"0,83";"28,83";"4609,77";"153,66";"822,01";"433,84";"40,08";"172,42";"10,11";"606,26";"50,19";"57,05";"3,61";"39,36";"7,4";"2,17";"0,9";"18,42";"4958,56";"165,29";"1169,59";"483,14";"42,08";"150,25";"6,14";"633,39";"48,22";"51,57";"4,28";"42,45";"8,19";"2,98";"0,93";"32,21";"1,83";"5,13";"50,41"
"Imam Jagne";"I. Jagne";"618622";"2003-10-01";"IFK Göteborg";"1480";"SWE - Allsvenskan";"90";"2025/2025";"128";"Midfield";"62,95";"34,01";"16,84";"17,18";"17";"1";"7504,71";"119,21";"1453,24";"562,12";"48,24";"169,41";"8,65";"731,53";"56,88";"28,83";"30,68";"85,35";"5,18";"74,24";"12,35";"3,0";"0,66";"0,68";"1,06";"1,3";"1,45";"30,0";"1,96";"2,73";"10728,86";"119,21";"2077,57";"803,61";"68,96";"242,19";"12,36";"1045,81";"81,32";"122,02";"7,4";"106,13";"17,66";"4,29";"1,51";"42,89";"9397,98";"156,63";"2250,79";"877,09";"76,99";"242,39";"13,28";"1119,48";"90,27";"108,95";"6,02";"82,59";"11,83";"2538,65";"150,77";"557,76";"240,41";"22,24";"86,65";"4,41";"327,06";"26,65";"31,35";"2,24";"23,71";"3,65";"1,24";"0,47";"12,71";"2789,18";"162,38";"718,24";"256,82";"21,41";"50,76";"3,12";"307,59";"24,53";"30,41";"1,18";"23,12";"3,06";"0,53";"0,12";"14,94";"4523,0";"150,77";"993,75";"428,33";"39,62";"154,38";"7,86";"582,71";"47,48";"55,86";"3,98";"42,24";"6,5";"2,2";"0,84";"22,64";"4871,51";"162,38";"1254,45";"448,56";"37,4";"88,66";"5,45";"537,23";"42,84";"53,12";"2,05";"40,38";"5,34";"0,92";"0,21";"26,1";"1,04";"3,11";"48,77"
"Sigge Skorpan Jansson";"S. Jansson";"618919";"2005-11-10";"BK Hacken";"523";"SWE - Allsvenskan";"90";"2025/2025";"128";"Full Back";"68,19";"38,01";"22,15";"15,86";"9";"0";"8149,0";"119,5";"1185,89";"469,56";"44,78";"128,78";"7,22";"598,33";"52,0";"27,76";"28,66";"89,11";"4,89";"70,67";"12,0";"3,56";"0,63";"0,65";"1,33";"1,44";"null";"26,33";"2,07";"2,76";"10754,69";"119,5";"1565,08";"619,7";"59,1";"169,96";"9,53";"789,65";"68,63";"117,6";"6,45";"93,26";"15,84";"4,69";"1,76";"34,75";"9128,91";"152,15";"1662,67";"683,31";"63,31";"190,47";"9,47";"873,78";"72,79";"101,72";"4,91";"69,1";"11,05";"3292,56";"148,65";"552,78";"191,67";"18,56";"63,0";"2,67";"254,67";"21,22";"35,11";"1,67";"24,44";"3,33";"1,22";"0,33";"11,44";"2490,78";"157,04";"500,56";"241,22";"21,56";"57,67";"3,33";"298,89";"24,89";"29,33";"1,44";"19,33";"3,67";"0,67";"0,22";"12,89";"4459,44";"148,65";"748,68";"259,59";"25,13";"85,33";"3,61";"344,92";"28,74";"47,55";"2,26";"33,11";"4,51";"1,66";"0,45";"15,5";"4711,1";"157,04";"946,76";"456,25";"40,77";"109,07";"6,3";"565,32";"47,08";"55,48";"2,73";"36,57";"6,94";"1,26";"0,42";"24,38";"0,88";"2,98";"38,41"
"Pontus Dahbo";"P. Dahbo";"618920";"2005-10-11";"BK Hacken";"523";"SWE - Allsvenskan";"90";"2025/2025";"128";"Midfield";"82,95";"49,32";"29,12";"20,2";"9";"0";"10642,56";"128,3";"2052,22";"650,44";"58,11";"129,56";"8,11";"780,0";"66,22";"27,59";"28,38";"115,44";"5,11";"96,56";"15,67";"3,44";"0,66";"0,73";"0,78";"1,44";"null";"42,22";"1,89";"2,7";"11546,82";"128,3";"2226,59";"705,71";"63,05";"140,56";"8,8";"846,27";"71,85";"125,25";"5,55";"104,76";"17,0";"3,74";"0,84";"45,81";"9815,45";"163,59";"2296,33";"752,33";"66,5";"146,79";"8,52";"899,12";"75,02";"108,94";"3,78";"81,1";"11,49";"4702,56";"161,49";"1054,89";"359,22";"32,78";"79,33";"4,67";"438,56";"37,44";"52,22";"1,89";"39,22";"4,78";"1,22";"0,22";"20,22";"3366,11";"166,62";"832,78";"259,22";"21,89";"41,33";"2,33";"300,56";"24,22";"37,33";"1,22";"27,44";"4,67";"0,56";"0,11";"20,22";"4844,6";"161,49";"1086,75";"370,07";"33,77";"81,73";"4,81";"451,8";"38,58";"53,8";"1,95";"40,41";"4,92";"1,26";"0,23";"20,83";"4998,72";"166,62";"1236,69";"384,95";"32,51";"61,38";"3,47";"446,33";"35,97";"55,44";"1,82";"40,76";"6,93";"0,83";"0,17";"30,03";"0,41";"2,16";"49,2"
"Pontus Dahbo";"P. Dahbo";"618920";"2005-10-11";"BK Hacken";"523";"SWE - Allsvenskan";"90";"2025/2025";"128";"Wide Attacker";"59,04";"34,99";"19,89";"15,1";"7";"0";"7194,0";"121,84";"1225,14";"502,0";"47,43";"136,57";"8,29";"638,57";"55,71";"28,44";"29,08";"83,0";"5,43";"68,43";"14,86";"4,0";"0,7";"0,71";"1,14";"1,49";"1,58";"34,57";"2,13";"2,83";"10965,93";"121,84";"1867,51";"765,21";"72,3";"208,18";"12,63";"973,38";"84,93";"126,52";"8,27";"104,31";"22,65";"6,1";"1,74";"52,7";"9182,77";"153,05";"1911,23";"801,39";"73,74";"217,8";"12,0";"1019,19";"85,75";"107,55";"4,9";"77,42";"14,21";"3031,86";"152,46";"628,29";"242,0";"22,57";"69,29";"4,0";"311,29";"26,57";"36,0";"1,71";"25,71";"3,43";"1,0";"0,57";"17,43";"2322,57";"153,81";"486,14";"225,29";"20,43";"57,71";"3,0";"283,0";"23,43";"26,71";"1,14";"19,43";"4,86";"0,86";"0,0";"14,57";"4573,92";"152,46";"947,84";"365,09";"34,05";"104,53";"6,03";"469,61";"40,09";"54,31";"2,59";"38,79";"5,17";"1,51";"0,86";"26,29";"4614,38";"153,81";"965,85";"447,59";"40,59";"114,66";"5,96";"562,25";"46,55";"53,07";"2,27";"38,6";"9,65";"1,7";"0,0";"28,95";"0,98";"3,18";"54,88"
"Melker Heier";"M. Heier";"619201";"2001-05-08";"IK Sirius";"1487";"SWE - Allsvenskan";"90";"2025/2025";"128";"Midfield";"91,39";"51,77";"25,03";"26,74";"26";"0";"10899,88";"119,27";"1756,15";"526,08";"48,04";"127,08";"7,27";"653,15";"55,31";"27,97";"29,82";"108,42";"4,23";"92,5";"11,19";"3,0";"0,66";"0,7";"0,54";"1,28";"1,33";"41,04";"1,87";"2,61";"10733,91";"119,27";"1729,41";"518,07";"47,31";"125,14";"7,16";"643,21";"54,47";"106,77";"4,17";"91,09";"11,02";"2,95";"0,53";"40,41";"9269,8";"154,5";"1865,03";"575,75";"51,35";"137,6";"6,91";"713,35";"58,26";"92,67";"3,03";"71,99";"8,34";"3760,54";"150,22";"700,96";"182,5";"16,65";"41,42";"2,0";"223,92";"18,65";"34,31";"1,23";"26,15";"2,62";"0,85";"0,15";"13,35";"4238,23";"158,5";"908,35";"314,31";"27,65";"77,31";"3,96";"391,62";"31,62";"45,65";"1,38";"35,96";"4,58";"0,96";"0,08";"24,88";"4506,52";"150,22";"840,01";"218,7";"19,96";"49,64";"2,4";"268,34";"22,35";"41,11";"1,47";"31,34";"3,13";"1,01";"0,18";"15,99";"4755,09";"158,5";"1019,12";"352,64";"31,03";"86,74";"4,44";"439,37";"35,47";"51,22";"1,55";"40,35";"5,14";"1,08";"0,09";"27,92";"0,27";"2,09";"44,31"
"Melker Heier";"M. Heier";"619201";"2001-05-08";"IK Sirius";"1487";"SWE - Allsvenskan";"90";"2025/2025";"128";"Wide Attacker";"92,09";"53,78";"28,83";"24,96";"3";"0";"11431,67";"124,13";"2085,33";"819,67";"70,0";"172,67";"11,33";"992,33";"81,33";"27,77";"27,77";"136,67";"9,0";"105,67";"21,33";"6,67";"0,66";"null";"0,33";"null";"null";"61,67";"2,2";"3,02";"11171,68";"124,13";"2037,91";"801,03";"68,41";"168,74";"11,08";"969,77";"79,48";"133,56";"8,8";"103,26";"20,85";"6,52";"0,33";"60,26";"9290,61";"154,84";"2103,63";"866,07";"72,51";"184,07";"11,16";"1050,14";"83,67";"117,14";"5,95";"74,74";"14,5";"4473,67";"155,19";"1019,0";"380,33";"32,67";"73,67";"5,0";"454,0";"37,67";"54,67";"3,67";"33,33";"5,33";"2,67";"0,33";"28,67";"3854,33";"154,45";"866,67";"396,0";"32,33";"91,33";"5,0";"487,33";"37,33";"50,33";"1,67";"33,67";"7,67";"1,33";"0,0";"27,33";"4655,58";"155,19";"1060,44";"395,8";"33,99";"76,66";"5,2";"472,46";"39,2";"56,89";"3,82";"34,69";"5,55";"2,78";"0,35";"29,83";"4633,44";"154,45";"1041,85";"476,05";"38,87";"109,8";"6,01";"585,84";"44,88";"60,51";"2,0";"40,47";"9,22";"1,6";"0,0";"32,86";"0,37";"4,46";"62,47"
"Samuel Ruben Leach Holm";"S. Leach Holm";"624592";"1997-10-09";"BK Hacken";"523";"SWE - Allsvenskan";"90";"2025/2025";"128";"Midfield";"90,22";"52,54";"28,89";"23,65";"18";"2";"11410,72";"126,47";"2156,67";"525,44";"43,11";"108,44";"5,5";"633,89";"48,61";"26,97";"28,8";"121,94";"4,44";"108,72";"10,61";"2,61";"0,67";"0,67";"0,5";"1,56";"1,62";"29,72";"1,92";"2,73";"11382,38";"126,47";"2151,31";"524,14";"43,0";"108,18";"5,49";"632,31";"48,49";"121,64";"4,43";"108,45";"10,58";"2,6";"0,5";"29,65";"9778,96";"162,98";"2292,37";"572,22";"45,74";"112,74";"4,76";"684,97";"50,5";"107,41";"3,74";"87,18";"7,3";"4679,94";"162,02";"1131,22";"165,72";"13,5";"19,72";"0,72";"185,44";"14,22";"50,17";"1,44";"41,94";"2,61";"0,61";"0,0";"11,78";"3882,83";"164,16";"876,06";"335,33";"26,56";"79,0";"3,44";"414,33";"30,0";"43,89";"1,83";"34,39";"3,78";"1,22";"0,28";"16,5";"4860,57";"162,02";"1174,88";"172,12";"14,02";"20,48";"0,75";"192,6";"14,77";"52,1";"1,5";"43,56";"2,71";"0,63";"0,0";"12,23";"4924,79";"164,16";"1111,15";"425,32";"33,68";"100,2";"4,37";"525,52";"38,05";"55,67";"2,33";"43,62";"4,79";"1,55";"0,35";"20,93";"0,32";"2,09";"32,29"
"Danilo Al Saed";"Danilo Al Saed";"626472";"1999-02-24";"BK Hacken";"523";"SWE - Allsvenskan";"90";"2025/2025";"128";"Wide Attacker";"65,19";"37,38";"21,22";"16,16";"6";"1";"7668,33";"117,64";"1292,67";"573,33";"44,0";"150,67";"6,83";"724,0";"50,83";"27,27";"27,76";"80,0";"4,33";"63,33";"11,67";"2,33";"0,86";"null";"0,33";"null";"null";"36,0";"2,0";"2,75";"10587,38";"117,64";"1784,74";"791,58";"60,75";"208,02";"9,43";"999,6";"70,18";"110,45";"5,98";"87,44";"16,11";"3,22";"0,46";"49,7";"8922,95";"148,72";"1816,32";"765,7";"63,94";"155,17";"8,03";"920,87";"71,97";"95,78";"5,08";"66,62";"12,04";"2885,5";"135,97";"528,5";"230,5";"20,33";"47,17";"2,83";"277,67";"23,17";"30,0";"1,67";"20,33";"3,5";"0,83";"0,33";"15,83";"2673,17";"165,46";"603,0";"246,5";"19,5";"49,5";"2,17";"296,0";"21,67";"29,67";"1,5";"21,17";"4,0";"0,67";"0,0";"17,5";"4078,98";"135,97";"747,09";"325,84";"28,74";"66,68";"4,01";"392,51";"32,75";"42,41";"2,36";"28,74";"4,95";"1,18";"0,47";"22,38";"4963,93";"165,46";"1119,74";"457,74";"36,21";"91,92";"4,02";"549,66";"40,23";"55,09";"2,79";"39,31";"7,43";"1,24";"0,0";"32,5";"0,54";"2,41";"53,51"
"Oscar Krusnell";"O. Krusnell";"626796";"1999-02-17";"IK Sirius";"1487";"SWE - Allsvenskan";"90";"2025/2025";"128";"Full Back";"92,08";"52,51";"26,4";"26,12";"13";"0";"10801,92";"117,31";"1765,46";"801,69";"75,54";"308,77";"17,0";"1110,46";"92,54";"29,85";"31,0";"131,54";"9,77";"112,23";"23,62";"7,54";"0,66";"0,71";"1,85";"1,3";"1,36";"41,08";"2,02";"2,66";"10557,54";"117,31";"1725,52";"783,55";"73,83";"301,78";"16,62";"1085,34";"90,44";"128,56";"9,55";"109,69";"23,08";"7,37";"1,8";"40,15";"8901,3";"148,35";"1772,23";"844,98";"77,08";"327,04";"16,96";"1172,02";"94,04";"110,13";"7,29";"81,21";"17,14";"3925,54";"148,71";"777,31";"383,85";"34,77";"182,92";"8,62";"566,77";"43,38";"44,77";"3,62";"35,23";"6,69";"2,92";"0,69";"13,31";"3865,0";"148,0";"773,77";"355,69";"32,69";"103,31";"6,23";"459,0";"38,92";"51,62";"2,77";"35,85";"8,31";"1,92";"0,69";"24,31";"4461,27";"148,71";"883,39";"436,23";"39,51";"207,89";"9,79";"644,12";"49,31";"50,88";"4,11";"40,04";"7,61";"3,32";"0,79";"15,12";"4439,91";"148,0";"888,87";"408,6";"37,56";"118,67";"7,16";"527,28";"44,71";"59,29";"3,18";"41,18";"9,54";"2,21";"0,8";"27,92";"1,58";"5,54";"42,98"
"Uba Charles Nwokoma";"U. Charles";"632271";"2002-10-10";"Mjällby AIF";"1486";"SWE - Allsvenskan";"90";"2025/2025";"128";"Full Back";"65,03";"37,86";"20,48";"17,38";"3";"1";"7944,0";"122,16";"1146,67";"602,0";"56,0";"263,0";"14,67";"865,0";"70,67";"29,7";"29,7";"94,33";"5,67";"81,0";"12,0";"5,0";"0,67";"0,69";"3,0";"1,45";"null";"27,67";"2,06";"2,79";"10994,69";"122,16";"1587,01";"833,18";"77,51";"364,0";"20,3";"1197,18";"97,8";"130,56";"7,84";"112,11";"16,61";"6,92";"4,15";"38,29";"8815,61";"146,93";"1541,12";"850,6";"75,55";"374,05";"19,55";"1224,66";"95,1";"101,44";"6,87";"77,14";"10,57";"2902,67";"141,75";"472,0";"262,33";"22,67";"125,67";"6,0";"388,0";"28,67";"32,33";"2,33";"25,0";"3,33";"2,0";"1,0";"10,33";"2659,33";"153,03";"500,33";"274,33";"25,0";"110,33";"6,33";"384,67";"31,33";"31,67";"2,0";"23,67";"3,33";"1,67";"1,33";"12,33";"4252,41";"141,75";"691,48";"384,32";"33,21";"184,1";"8,79";"568,42";"42,0";"47,37";"3,42";"36,63";"4,88";"2,93";"1,47";"15,14";"4590,92";"153,03";"863,75";"473,59";"43,16";"190,47";"10,93";"664,07";"54,09";"54,67";"3,45";"40,86";"5,75";"2,88";"2,3";"21,29";"3,7";"5,81";"35,93"
"Kojo Peprah  Oppong";"K. Peprah Oppong";"633297";"2004-06-04";"IFK Norrköping";"1484";"SWE - Allsvenskan";"90";"2025/2025";"128";"Central Defender";"101,18";"54,3";"25,88";"28,41";"12";"0";"10369,25";"102,48";"1288,75";"483,92";"46,58";"170,25";"10,25";"654,17";"56,83";"29,61";"31,44";"120,58";"7,17";"96,0";"13,08";"4,42";"0,62";"0,65";"1,67";"1,18";"1,29";"26,5";"2,08";"2,97";"9223,44";"102,48";"1146,34";"430,44";"41,44";"151,44";"9,12";"581,88";"50,55";"107,26";"6,37";"85,39";"11,64";"3,93";"1,48";"23,57";"8088,35";"134,81";"1238,46";"477,65";"44,48";"163,27";"9,12";"640,92";"53,59";"92,45";"4,33";"68,7";"7,0";"3166,92";"122,35";"393,42";"97,0";"9,5";"26,92";"1,5";"123,92";"11,0";"31,33";"1,5";"24,08";"2,25";"1,08";"0,25";"5,42";"4152,67";"146,15";"727,33";"335,25";"30,75";"120,83";"6,75";"456,08";"37,5";"52,33";"2,42";"38,08";"4,08";"1,5";"0,83";"18,75";"3670,61";"122,35";"455,99";"112,43";"11,01";"31,2";"1,74";"143,63";"12,75";"36,32";"1,74";"27,91";"2,61";"1,26";"0,29";"6,28";"4384,48";"146,15";"767,93";"353,96";"32,47";"127,58";"7,13";"481,54";"39,59";"55,25";"2,55";"40,21";"4,31";"1,58";"0,88";"19,8";"1,2";"2,85";"26,7"
"Theo Bergvall";"T. Bergvall";"633542";"2004-09-21";"Djurgardens IF";"522";"SWE - Allsvenskan";"90";"2025/2025";"128";"Full Back";"77,64";"42,13";"21,93";"20,2";"20";"1";"8784,15";"113,14";"1257,0";"497,2";"47,75";"189,55";"10,05";"686,75";"57,8";"29,39";"30,92";"96,7";"5,7";"82,15";"13,85";"3,9";"0,64";"0,66";"1,25";"1,27";"1,36";"30,75";"1,94";"2,65";"10182,88";"113,14";"1457,16";"576,37";"55,35";"219,73";"11,65";"796,1";"67,0";"112,1";"6,61";"95,23";"16,06";"4,52";"1,45";"35,65";"8706,75";"145,11";"1564,93";"650,09";"60,24";"247,81";"11,82";"897,9";"72,07";"100,12";"5,41";"72,99";"11,18";"3050,35";"139,07";"500,75";"201,7";"18,75";"77,1";"3,95";"278,8";"22,7";"32,1";"1,8";"23,8";"3,55";"1,25";"0,35";"10,15";"3063,0";"151,67";"598,05";"254,75";"23,55";"96,9";"4,35";"351,65";"27,9";"38,2";"2,0";"27,45";"4,3";"1,3";"0,5";"17,95";"4172,21";"139,07";"684,92";"275,88";"25,65";"105,46";"5,4";"381,34";"31,05";"43,91";"2,46";"32,55";"4,86";"1,71";"0,48";"13,88";"4550,14";"151,67";"888,41";"378,44";"34,98";"143,95";"6,46";"522,38";"41,45";"56,75";"2,97";"40,78";"6,39";"1,93";"0,74";"26,67";"1,21";"3,63";"40,02"
"August Ljungberg";"A. Ljungberg";"634270";"2005-05-13";"IK Sirius";"1487";"SWE - Allsvenskan";"90";"2025/2025";"128";"Wide Attacker";"57,93";"30,51";"14,69";"15,82";"7";"0";"6563,71";"113,31";"1042,43";"475,86";"43,86";"144,57";"8,43";"620,43";"52,29";"29,11";"29,68";"68,0";"5,29";"61,71";"9,14";"4,43";"0,6";"0,68";"0,86";"1,41";"1,94";"33,29";"2,0";"2,93";"10198,05";"113,31";"1619,62";"739,34";"68,14";"224,62";"13,1";"963,96";"81,24";"105,65";"8,21";"95,89";"14,21";"6,88";"1,33";"51,72";"8979,07";"149,65";"1824,3";"866,92";"77,82";"266,87";"14,05";"1133,8";"91,86";"97,2";"6,46";"78,94";"9,83";"2044,71";"139,19";"358,43";"213,57";"20,43";"90,29";"4,71";"303,86";"25,14";"24,43";"2,0";"16,86";"2,57";"1,71";"0,43";"12,71";"2521,43";"159,37";"569,29";"227,29";"19,14";"45,43";"2,43";"272,71";"21,57";"25,0";"1,29";"23,29";"2,43";"1,14";"0,0";"18,0";"4175,59";"139,19";"731,96";"436,14";"41,72";"184,38";"9,63";"620,52";"51,35";"49,89";"4,08";"34,42";"5,25";"3,5";"0,88";"25,96";"4781,04";"159,37";"1079,46";"430,97";"36,3";"86,14";"4,6";"517,11";"40,9";"47,4";"2,44";"44,15";"4,6";"2,17";"0,0";"34,13";"0,84";"5,62";"60,4"
"Silas Sinan Erhen Thorup Andersen";"S. Andersen";"637225";"2004-06-13";"BK Hacken";"523";"SWE - Allsvenskan";"90";"2025/2025";"128";"Central Defender";"98,35";"55,55";"30,27";"25,28";"8";"0";"10882,88";"110,66";"1520,5";"503,12";"49,5";"166,38";"8,88";"669,5";"58,38";"29,43";"30,02";"127,62";"6,75";"99,5";"15,12";"4,62";"0,65";"0,77";"0,88";"1,65";"null";"40,0";"2,04";"2,74";"9959,12";"110,66";"1391,44";"460,42";"45,3";"152,25";"8,12";"612,67";"53,42";"116,79";"6,18";"91,05";"13,84";"4,23";"0,8";"36,6";"8441,85";"140,7";"1430,06";"483,35";"47,79";"159,59";"7,83";"642,93";"55,63";"97,88";"4,59";"71,56";"9,05";"4170,38";"137,78";"714,0";"174,75";"16,0";"30,0";"2,12";"204,75";"18,12";"42,0";"1,75";"33,25";"4,0";"1,0";"0,12";"12,38";"3645,38";"144,19";"610,0";"272,75";"28,25";"117,75";"5,12";"390,5";"33,38";"48,62";"2,5";"33,0";"4,38";"1,62";"0,38";"22,88";"4133,35";"137,78";"707,66";"173,2";"15,86";"29,73";"2,11";"202,93";"17,96";"41,63";"1,73";"32,95";"3,96";"0,99";"0,12";"12,27";"4325,78";"144,19";"723,86";"323,66";"33,52";"139,73";"6,08";"463,39";"39,6";"57,7";"2,97";"39,16";"5,19";"1,93";"0,44";"27,14";"0,54";"2,84";"38,07"
"Silas Sinan Erhen Thorup Andersen";"S. Andersen";"637225";"2004-06-13";"BK Hacken";"523";"SWE - Allsvenskan";"90";"2025/2025";"128";"Midfield";"88,2";"51,61";"29,38";"22,23";"16";"2";"11797,12";"133,75";"2391,19";"746,19";"67,5";"197,69";"10,44";"943,88";"77,94";"28,51";"30,26";"132,94";"4,69";"111,25";"15,0";"3,0";"0,71";"0,73";"0,19";"1,74";"null";"57,75";"1,96";"2,66";"12037,46";"133,75";"2439,9";"761,39";"68,88";"201,71";"10,65";"963,1";"79,53";"135,65";"4,78";"113,52";"15,31";"3,06";"0,19";"58,93";"10374,27";"172,9";"2566,37";"817,96";"72,52";"220,68";"10,68";"1038,64";"83,2";"119,68";"3,78";"90,54";"9,81";"5050,5";"171,9";"1258,81";"302,75";"28,88";"62,94";"3,38";"365,69";"32,25";"56,0";"1,31";"42,19";"3,62";"1,0";"0,0";"24,56";"3872,81";"174,23";"948,62";"400,81";"33,5";"126,88";"5,81";"527,69";"39,31";"46,94";"1,94";"35,69";"4,81";"1,12";"0,0";"29,38";"5157,04";"171,9";"1285,37";"309,14";"29,48";"64,27";"3,45";"373,4";"32,93";"57,18";"1,34";"43,08";"3,7";"1,02";"0,0";"25,08";"5226,91";"174,23";"1280,3";"540,95";"45,21";"171,24";"7,84";"712,19";"53,06";"63,35";"2,61";"48,17";"6,5";"1,52";"0,0";"39,65";"0,0";"2,47";"62,71"
"Wilmer Odefalk";"W. Odefalk";"640097";"2004-11-21";"IF Brommapojkarna";"2941";"SWE - Allsvenskan";"90";"2025/2025";"128";"Center Forward";"88,92";"56,36";"25,93";"30,43";"3";"0";"12141,67";"136,54";"2198,0";"859,33";"72,67";"167,0";"11,0";"1026,33";"83,67";"28,1";"28,1";"123,33";"4,33";"104,33";"17,0";"2,67";"null";"null";"0,67";"null";"null";"64,0";"2,2";"3,08";"12288,83";"136,54";"2224,64";"869,75";"73,55";"169,02";"11,13";"1038,77";"84,68";"124,83";"4,39";"105,6";"17,21";"2,7";"0,67";"64,78";"10082,77";"168,05";"2197,12";"878,0";"70,98";"169,28";"10,65";"1047,28";"81,62";"105,76";"3,19";"82,33";"12,42";"4147,0";"159,94";"819,33";"352,0";"29,67";"89,67";"5,67";"441,67";"35,33";"44,67";"1,67";"30,67";"5,0";"0,67";"0,33";"22,0";"5323,33";"174,95";"1244,33";"472,67";"37,0";"69,33";"4,33";"542,0";"41,33";"54,67";"1,33";"46,67";"6,67";"0,33";"0,0";"40,0";"4798,33";"159,94";"948,02";"407,29";"34,33";"103,75";"6,56";"511,03";"40,88";"51,68";"1,93";"35,48";"5,79";"0,77";"0,39";"25,46";"5248,49";"174,95";"1226,84";"466,02";"36,48";"68,36";"4,27";"534,38";"40,75";"53,9";"1,31";"46,01";"6,57";"0,33";"0,0";"39,44";"0,35";"1,06";"66,01"
"Wilmer Odefalk";"W. Odefalk";"640097";"2004-11-21";"IF Brommapojkarna";"2941";"SWE - Allsvenskan";"90";"2025/2025";"128";"Midfield";"68,79";"40,18";"18,47";"21,71";"7";"1";"9417,86";"136,91";"1874,71";"539,43";"43,43";"101,29";"6,14";"640,71";"49,57";"26,73";"27,26";"84,0";"2,86";"72,57";"7,0";"2,0";"0,81";"0,92";"0,57";"null";"null";"37,0";"2,05";"2,79";"12321,58";"136,91";"2452,73";"705,75";"56,82";"132,51";"8,04";"838,26";"64,86";"109,9";"3,74";"94,95";"9,16";"2,62";"0,75";"48,41";"10586,88";"176,45";"2576,64";"757,76";"59,73";"142,72";"7,04";"900,48";"66,77";"92,59";"1,92";"71,68";"7,68";"3237,43";"175,31";"786,29";"183,86";"14,29";"34,0";"1,57";"217,86";"15,86";"26,86";"0,71";"20,29";"2,0";"0,57";"0,14";"10,71";"3852,0";"177,41";"939,14";"323,57";"25,71";"61,57";"3,14";"385,14";"28,86";"35,14";"0,57";"27,71";"3,14";"0,43";"0,14";"24,71";"5259,36";"175,31";"1277,36";"298,68";"23,21";"55,23";"2,55";"353,92";"25,76";"43,63";"1,16";"32,96";"3,25";"0,93";"0,23";"17,41";"5322,43";"177,41";"1297,64";"447,09";"35,53";"85,08";"4,34";"532,16";"39,87";"48,56";"0,79";"38,29";"4,34";"0,59";"0,2";"34,15";"0,43";"1,49";"52,91"
"Daníel Tristan Gudjohnsen";"D. Gudjohnsen";"641074";"2006-03-01";"Malmo FF";"426";"SWE - Allsvenskan";"90";"2025/2025";"128";"Center Forward";"71,23";"40,07";"23,07";"17,0";"13";"0";"8285,38";"116,33";"1183,85";"463,69";"46,31";"134,38";"8,23";"598,08";"54,54";"28,7";"30,2";"82,08";"5,08";"68,69";"11,08";"3,38";"0,69";"0,79";"1,15";"1,38";"1,69";"33,0";"1,88";"2,63";"10469,33";"116,33";"1495,9";"585,92";"58,51";"169,81";"10,4";"755,72";"68,91";"103,71";"6,42";"86,8";"14,0";"4,28";"1,46";"41,7";"8874,44";"147,91";"1568,81";"637,13";"62,32";"189,95";"9,79";"827,08";"72,11";"87,66";"4,95";"64,74";"10,02";"3233,54";"140,18";"534,38";"224,23";"21,46";"63,46";"3,38";"287,69";"24,85";"33,08";"1,69";"23,15";"2,92";"1,0";"0,23";"14,46";"2692,62";"158,39";"513,23";"201,23";"20,15";"63,38";"3,15";"264,62";"23,31";"25,46";"1,62";"20,08";"3,77";"0,92";"0,31";"15,77";"4205,47";"140,18";"695,01";"291,63";"27,91";"82,54";"4,4";"374,17";"32,31";"43,02";"2,2";"30,11";"3,8";"1,3";"0,3";"18,81";"4751,67";"158,39";"905,7";"355,11";"35,57";"111,86";"5,57";"466,97";"41,13";"44,93";"2,85";"35,43";"6,65";"1,63";"0,54";"27,83";"0,81";"2,88";"45,27"
"Harun Ibrahim";"H. Ibrahim";"649583";"2003-02-26";"GAIS";"3534";"SWE - Allsvenskan";"90";"2025/2025";"128";"Midfield";"74,9";"44,01";"21,9";"22,11";"14";"1";"9559,07";"127,62";"1691,93";"574,21";"50,29";"150,21";"8,21";"724,43";"58,5";"28,26";"29,64";"103,79";"4,43";"89,79";"16,57";"2,86";"0,62";"0,72";"0,57";"1,56";"1,72";"35,86";"1,92";"2,56";"11486,02";"127,62";"2032,99";"689,97";"60,42";"180,49";"9,87";"870,46";"70,29";"124,71";"5,32";"107,88";"19,91";"3,43";"0,69";"43,09";"9753,57";"162,56";"2110,1";"733,94";"64,46";"192,42";"9,25";"926,37";"73,72";"104,1";"3,99";"82,48";"13,54";"3436,93";"156,96";"692,29";"213,71";"19,43";"53,71";"2,79";"267,43";"22,21";"38,0";"1,29";"29,57";"3,79";"0,64";"0,21";"14,93";"3717,43";"168,1";"855,5";"324,64";"27,86";"87,43";"4,0";"412,07";"31,86";"38,36";"1,64";"30,93";"6,14";"1,0";"0,14";"18,79";"4708,89";"156,96";"948,49";"292,81";"26,62";"73,59";"3,82";"366,4";"30,44";"52,06";"1,76";"40,52";"5,19";"0,88";"0,29";"20,45";"5043,02";"168,1";"1160,56";"440,41";"37,79";"118,6";"5,43";"559,01";"43,22";"52,03";"2,23";"41,96";"8,33";"1,36";"0,19";"25,48";"0,49";"2,24";"45,96"
"Ludwig Malachowski Thorell";"L. Thorell";"654160";"2005-02-25";"Mjällby AIF";"1486";"SWE - Allsvenskan";"90";"2025/2025";"128";"Midfield";"66,84";"37,64";"20,71";"16,93";"11";"2";"8362,55";"125,12";"1419,55";"386,45";"32,18";"70,36";"3,82";"456,82";"36,0";"26,28";"27,26";"81,45";"2,18";"66,73";"6,55";"1,36";"0,77";"0,9";"0,09";"null";"null";"26,55";"2,0";"2,83";"11260,77";"125,12";"1911,52";"520,39";"43,34";"94,75";"5,14";"615,14";"48,48";"109,68";"2,94";"89,85";"8,81";"1,84";"0,12";"35,75";"9739,75";"162,33";"2086,29";"577,37";"47,68";"105,79";"4,2";"683,16";"51,88";"92,75";"1,45";"69,56";"6,52";"3294,0";"159,05";"684,45";"175,55";"14,36";"36,09";"1,18";"211,64";"15,55";"30,82";"0,36";"22,36";"1,82";"0,09";"0,0";"10,45";"2815,73";"166,34";"624,27";"186,64";"15,55";"30,27";"1,45";"216,91";"17,0";"27,36";"0,55";"21,27";"2,27";"0,36";"0,09";"14,64";"4771,47";"159,05";"991,46";"254,28";"20,81";"52,28";"1,71";"306,56";"22,52";"44,64";"0,53";"32,39";"2,63";"0,13";"0,0";"15,14";"4990,28";"166,34";"1106,39";"330,77";"27,55";"53,65";"2,58";"384,43";"30,13";"48,5";"0,97";"37,7";"4,03";"0,64";"0,16";"25,94";"0,14";"0,72";"40,0"
"Ludwig Malachowski Thorell";"L. Thorell";"654160";"2005-02-25";"Mjällby AIF";"1486";"SWE - Allsvenskan";"90";"2025/2025";"128";"Wide Attacker";"52,8";"31,59";"16,12";"15,47";"5";"0";"7099,4";"134,47";"1297,0";"395,6";"36,8";"80,2";"5,0";"475,8";"41,8";"27,6";"27,6";"71,0";"2,0";"59,8";"6,8";"1,4";"0,84";"null";"0,6";"null";"null";"33,2";"1,92";"2,93";"12102,01";"134,47";"2210,94";"674,36";"62,73";"136,71";"8,52";"811,07";"71,25";"121,03";"3,41";"101,94";"11,59";"2,39";"1,02";"56,59";"10276,22";"171,27";"2319,6";"706,86";"67,23";"150,03";"7,98";"856,89";"75,21";"104,45";"2,28";"77,1";"10,26";"2715,4";"168,45";"587,2";"179,0";"17,6";"41,8";"1,8";"220,8";"19,4";"29,6";"0,6";"18,8";"2,2";"0,2";"0,2";"12,6";"2695,6";"174,21";"634,2";"193,2";"17,8";"37,2";"2,4";"230,4";"20,2";"25,4";"0,6";"21,8";"3,2";"0,4";"0,2";"18,4";"5053,47";"168,45";"1092,8";"333,13";"32,75";"77,79";"3,35";"410,92";"36,1";"55,09";"1,12";"34,99";"4,09";"0,37";"0,37";"23,45";"5226,28";"174,21";"1229,6";"374,58";"34,51";"72,12";"4,65";"446,7";"39,16";"49,25";"1,16";"42,27";"6,2";"0,78";"0,39";"35,67";"0,76";"1,14";"58,87"
"Frank Junior Adjei";"F. Adjei";"655163";"2004-03-20";"Hammarby IF";"1478";"SWE - Allsvenskan";"90";"2025/2025";"128";"Midfield";"65,26";"35,34";"21,64";"13,7";"4";"0";"8026,5";"123,0";"1468,25";"468,25";"38,5";"89,0";"5,25";"557,25";"43,75";"28,12";"28,12";"83,5";"3,0";"72,25";"9,5";"1,5";"0,79";"0,9";"0,5";"null";"null";"37,25";"2,24";"3,17";"11069,62";"123,0";"2024,91";"645,78";"53,1";"122,74";"7,24";"768,52";"60,34";"115,16";"4,14";"99,64";"13,1";"2,07";"0,69";"51,37";"10073,72";"167,9";"2294,3";"762,36";"62,4";"146,44";"7,64";"908,81";"70,04";"109,09";"3,82";"84,9";"9,34";"3492,0";"161,39";"764,25";"179,25";"17,75";"35,0";"1,75";"214,25";"19,5";"38,0";"1,25";"30,75";"3,0";"0,5";"0,0";"15,0";"2441,0";"178,18";"587,0";"269,75";"19,0";"51,25";"2,75";"321,0";"21,75";"26,25";"1,0";"19,25";"2,5";"0,5";"0,0";"19,25";"4841,59";"161,39";"1059,62";"248,53";"24,61";"48,53";"2,43";"297,05";"27,04";"52,69";"1,73";"42,63";"4,16";"0,69";"0,0";"20,8";"5345,26";"178,18";"1285,4";"590,69";"41,61";"112,23";"6,02";"702,92";"47,63";"57,48";"2,19";"42,15";"5,47";"1,09";"0,0";"42,15";"0,0";"1,7";"58,15"
"Frank Junior Adjei";"F. Adjei";"655163";"2004-03-20";"IFK Värnamo";"2394";"SWE - Allsvenskan";"90";"2025/2025";"128";"Midfield";"74,48";"41,83";"20,19";"21,65";"8";"0";"8783,0";"117,92";"1451,38";"515,88";"50,75";"132,38";"8,25";"648,25";"59,0";"28,32";"28,96";"102,38";"6,75";"86,38";"16,38";"4,12";"0,66";"0,67";"1,25";"1,38";"null";"42,62";"1,93";"2,62";"10612,71";"117,92";"1753,73";"623,34";"61,32";"159,95";"9,97";"783,3";"71,29";"123,7";"8,16";"104,37";"19,79";"4,98";"1,51";"51,5";"9203,49";"153,39";"1904,7";"690,96";"65,8";"164,58";"9,5";"855,54";"75,3";"107,57";"6,1";"81,75";"13,27";"3088,5";"153,01";"626,38";"238,5";"21,62";"45,12";"3,0";"283,62";"24,62";"35,25";"1,5";"24,75";"3,62";"0,75";"0,12";"14,5";"3328,38";"153,75";"701,62";"243,25";"24,25";"69,62";"3,62";"312,88";"27,88";"39,75";"2,75";"32,25";"5,62";"1,75";"0,38";"25,88";"4590,2";"153,01";"930,93";"354,46";"32,14";"67,07";"4,46";"421,53";"36,6";"52,39";"2,23";"36,78";"5,39";"1,11";"0,19";"21,55";"4612,51";"153,75";"972,32";"337,1";"33,61";"96,49";"5,02";"433,59";"38,63";"55,09";"3,81";"44,69";"7,8";"2,43";"0,52";"35,86";"0,72";"3,59";"57,91"
"Gottfrid Rapp";"G. Rapp";"659795";"2005-08-18";"IF Elfsborg";"1483";"SWE - Allsvenskan";"90";"2025/2025";"128";"Wide Attacker";"54,82";"31,31";"14,65";"16,66";"13";"0";"6593,69";"120,29";"1063,62";"464,15";"47,54";"202,38";"10,15";"666,54";"57,69";"30,65";"32,56";"85,85";"6,85";"67,62";"12,08";"5,31";"0,68";"0,71";"2,31";"1,21";"1,26";"25,38";"2,06";"3,01";"10826,02";"120,29";"1746,32";"762,08";"78,05";"332,29";"16,67";"1094,37";"94,72";"140,95";"11,24";"111,02";"19,83";"8,71";"3,79";"41,68";"9007,22";"150,12";"1791,3";"815,9";"80,63";"354,07";"16,66";"1169,98";"97,29";"123,23";"7,96";"86,23";"15,33";"2124,69";"145,02";"387,46";"188,69";"21,31";"122,38";"5,54";"311,08";"26,85";"30,31";"2,62";"18,69";"3,77";"1,85";"0,92";"12,69";"2575,62";"154,61";"547,31";"237,08";"20,77";"62,38";"3,15";"299,46";"23,92";"34,0";"1,54";"26,31";"4,23";"1,15";"0,38";"10,92";"4350,53";"145,02";"793,37";"386,37";"43,63";"250,6";"11,34";"636,96";"54,97";"62,06";"5,36";"38,27";"7,72";"3,78";"1,89";"25,99";"4638,25";"154,61";"985,61";"426,94";"37,4";"112,34";"5,68";"539,28";"43,08";"61,23";"2,77";"47,38";"7,62";"2,08";"0,69";"19,67";"2,51";"5,75";"45,25"
"Antonio Kujundžić";"A. Kujundžić";"669473";"2006-01-20";"IFK Värnamo";"2394";"SWE - Allsvenskan";"90";"2025/2025";"128";"Midfield";"75,96";"43,68";"19,32";"24,36";"4";"0";"9336,5";"122,91";"1546,25";"445,5";"37,75";"84,75";"6,0";"530,25";"43,75";"27,07";"27,07";"92,25";"3,0";"78,25";"6,5";"2,0";"0,78";"0,78";"0,5";"null";"null";"36,75";"2,08";"2,78";"11061,84";"122,91";"1831,99";"527,83";"44,73";"100,41";"7,11";"628,24";"51,83";"109,3";"3,55";"92,71";"7,7";"2,37";"0,59";"43,54";"9573,33";"159,56";"1980,12";"581,74";"49,45";"106,8";"7,56";"688,54";"57,01";"93,06";"3,09";"71,77";"4,81";"3007,5";"155,66";"610,25";"120,5";"10,75";"15,5";"1,75";"136,0";"12,5";"27,0";"1,0";"21,0";"1,75";"0,5";"0,0";"11,0";"3961,75";"162,64";"831,25";"303,0";"25,25";"62,25";"3,75";"365,25";"29,0";"40,75";"1,25";"31,25";"1,75";"0,75";"0,5";"23,0";"4669,83";"155,66";"947,55";"187,1";"16,69";"24,07";"2,72";"211,17";"19,41";"41,92";"1,55";"32,61";"2,72";"0,78";"0,0";"17,08";"4879,34";"162,64";"1023,78";"373,18";"31,1";"76,67";"4,62";"449,85";"35,72";"50,19";"1,54";"38,49";"2,16";"0,92";"0,62";"28,33";"0,69";"1,72";"46,7"
"Chovanie Amatkarijo";"C. Amatkarijo";"686079";"1999-05-20";"GAIS";"3534";"SWE - Allsvenskan";"90";"2025/2025";"128";"Wide Attacker";"61,23";"37,15";"20,74";"16,41";"6";"1";"7499,5";"122,49";"1169,33";"648,5";"65,67";"279,83";"16,0";"928,33";"81,67";"29,92";"30,46";"83,83";"10,5";"70,17";"19,33";"8,0";"0,6";"0,59";"3,33";"1,31";"1,5";"40,33";"2,03";"2,66";"11023,67";"122,49";"1718,83";"953,24";"96,52";"411,33";"23,52";"1364,58";"120,04";"123,23";"15,43";"103,14";"28,42";"11,76";"4,9";"59,29";"9046,43";"150,77";"1715,08";"960,9";"95,55";"413,16";"21,8";"1374,06";"117,35";"100,67";"9,96";"74,02";"19,65";"2858,83";"137,85";"488,33";"249,0";"26,17";"132,17";"7,0";"381,17";"33,17";"34,67";"2,83";"22,83";"4,83";"1,83";"0,67";"13,5";"2742,83";"167,1";"573,67";"346,0";"33,0";"123,67";"6,5";"469,67";"39,5";"27,67";"3,33";"23,0";"7,33";"2,67";"1,33";"23,83";"4135,47";"137,85";"706,4";"360,19";"37,85";"191,19";"10,13";"551,38";"47,98";"50,15";"4,1";"33,03";"6,99";"2,65";"0,96";"19,53";"5013,13";"167,1";"1048,5";"632,39";"60,31";"226,03";"11,88";"858,42";"72,19";"50,57";"6,09";"42,04";"13,4";"4,87";"2,44";"43,56";"3,23";"7,27";"60,29"
"Leon Hien";"L. Hien";"691403";"2001-07-31";"Degerfors IF";"1736";"SWE - Allsvenskan";"90";"2025/2025";"128";"Central Defender";"94,69";"49,72";"22,13";"27,58";"22";"2";"9808,23";"103,58";"1183,95";"469,5";"47,09";"198,18";"10,18";"667,68";"57,27";"30,35";"32,42";"111,55";"7,36";"89,14";"13,09";"5,09";"0,61";"0,6";"2,05";"1,16";"1,18";"23,32";"1,87";"2,74";"9322,48";"103,58";"1125,32";"446,25";"44,76";"188,37";"9,68";"634,62";"54,44";"106,02";"7,0";"84,72";"12,44";"4,84";"1,94";"22,16";"8059,05";"134,32";"1196,2";"487,12";"48,6";"213,01";"9,71";"700,13";"58,31";"92,65";"5,27";"67,64";"8,45";"2814,36";"127,16";"368,09";"124,64";"13,18";"59,73";"2,77";"184,36";"15,95";"26,14";"1,68";"20,32";"2,68";"0,91";"0,23";"5,0";"3863,45";"140,06";"623,09";"279,0";"27,09";"116,77";"5,27";"395,77";"32,36";"50,64";"2,68";"35,73";"4,32";"1,95";"0,86";"15,55";"3814,78";"127,16";"498,94";"168,94";"17,87";"80,96";"3,76";"249,9";"21,63";"35,43";"2,28";"27,54";"3,64";"1,23";"0,31";"6,78";"4201,83";"140,06";"677,66";"303,44";"29,46";"127,0";"5,73";"430,44";"35,2";"55,07";"2,92";"38,86";"4,7";"2,13";"0,94";"16,91";"1,32";"3,46";"24,8"
"Adrian Skogmar";"A. Skogmar";"695555";"2005-11-23";"Malmo FF";"426";"SWE - Allsvenskan";"90";"2025/2025";"128";"Full Back";"45,94";"25,53";"16,07";"9,46";"3";"0";"5412,33";"117,82";"874,33";"344,33";"31,33";"118,33";"6,67";"462,67";"38,0";"29,23";"29,23";"59,33";"5,67";"49,33";"14,0";"3,0";"1,13";"null";"0,67";"null";"null";"25,67";"null";"2,89";"10603,43";"117,82";"1712,93";"674,59";"61,39";"231,83";"13,06";"906,42";"74,45";"116,24";"11,1";"96,65";"27,43";"5,88";"1,31";"50,28";"9054,83";"150,91";"1819,58";"757,44";"67,36";"267,1";"11,75";"1024,54";"79,11";"97,91";"7,83";"72,85";"19,58";"2398,67";"149,24";"506,67";"186,33";"16,67";"72,0";"3,0";"258,33";"19,67";"26,67";"2,0";"20,33";"5,0";"1,33";"0,33";"13,67";"1454,67";"153,75";"267,67";"136,0";"12,0";"41,67";"2,0";"177,67";"14,0";"15,0";"1,33";"10,67";"3,33";"0,33";"0,0";"10,33";"4477,29";"149,24";"945,73";"347,81";"31,11";"134,39";"5,6";"482,2";"36,71";"49,78";"3,73";"37,95";"9,33";"2,49";"0,62";"25,51";"4612,57";"153,75";"848,74";"431,24";"38,05";"132,12";"6,34";"563,36";"44,39";"47,56";"4,23";"33,82";"10,57";"1,06";"0,0";"32,77";"0,78";"3,92";"56,4"
"Adrian Skogmar";"A. Skogmar";"695555";"2005-11-23";"Malmo FF";"426";"SWE - Allsvenskan";"90";"2025/2025";"128";"Midfield";"84,36";"50,03";"25,82";"24,21";"9";"0";"11120,89";"131,83";"2258,0";"755,11";"60,0";"131,11";"8,0";"886,22";"68,0";"27,17";"27,88";"113,44";"4,67";"95,56";"17,0";"3,0";"0,61";"0,66";"0,78";"1,53";"null";"54,44";"1,9";"2,74";"11864,76";"131,83";"2409,04";"805,62";"64,01";"139,88";"8,54";"945,5";"72,55";"121,03";"4,98";"101,95";"18,14";"3,2";"0,83";"58,09";"10137,62";"168,96";"2503,22";"846,27";"67,16";"149,37";"7,86";"995,64";"75,02";"102,07";"4,53";"75,15";"11,99";"4189,89";"162,25";"981,89";"275,44";"23,89";"41,22";"2,78";"316,67";"26,67";"41,22";"2,0";"29,22";"3,33";"1,22";"0,11";"18,44";"4263,44";"176,12";"1105,44";"430,22";"32,11";"83,33";"3,78";"513,56";"35,89";"43,89";"1,78";"33,44";"6,67";"1,0";"0,33";"33,33";"4867,42";"162,25";"1140,67";"319,99";"27,75";"47,89";"3,23";"367,87";"30,98";"47,89";"2,32";"33,95";"3,87";"1,42";"0,13";"21,43";"5283,64";"176,12";"1369,97";"533,17";"39,79";"103,27";"4,68";"636,44";"44,48";"54,39";"2,2";"41,45";"8,26";"1,24";"0,41";"41,31";"0,53";"2,66";"62,09"
"Adrian Skogmar";"A. Skogmar";"695555";"2005-11-23";"Malmo FF";"426";"SWE - Allsvenskan";"90";"2025/2025";"128";"Wide Attacker";"81,18";"46,49";"26,46";"20,03";"5";"0";"10044,4";"123,73";"1697,2";"687,6";"60,4";"154,8";"10,4";"842,4";"70,8";"27,94";"27,94";"101,8";"5,0";"85,6";"16,6";"3,2";"0,67";"0,83";"0,8";"1,53";"null";"49,6";"1,92";"3,19";"11135,7";"123,73";"1881,6";"762,31";"66,96";"171,62";"11,53";"933,92";"78,49";"112,86";"5,54";"94,9";"18,4";"3,55";"0,89";"54,99";"9439,29";"157,32";"1977,83";"818,18";"70,98";"183,51";"11,36";"1001,69";"82,33";"98,85";"3,87";"71,24";"12,13";"4010,8";"151,56";"786,4";"271,8";"24,4";"67,2";"4,6";"339,0";"29,0";"41,4";"1,6";"29,8";"3,6";"1,4";"0,6";"21,4";"3303,6";"164,93";"746,2";"362,2";"30,6";"75,0";"4,2";"437,2";"34,8";"35,2";"1,4";"25,4";"5,8";"1,0";"0,0";"23,8";"4546,82";"151,56";"891,5";"308,12";"27,66";"76,18";"5,21";"384,31";"32,88";"46,93";"1,81";"33,78";"4,08";"1,59";"0,68";"24,26";"4947,98";"164,93";"1117,62";"542,49";"45,83";"112,33";"6,29";"654,82";"52,12";"52,72";"2,1";"38,04";"8,69";"1,5";"0,0";"35,65";"0,77";"3,1";"58,33"
"Isak Brusberg";"I. Brusberg";"696309";"2006-09-05";"BK Hacken";"523";"SWE - Allsvenskan";"90";"2025/2025";"128";"Center Forward";"62,65";"38,0";"20,84";"17,16";"9";"0";"7511,11";"119,89";"1180,33";"570,78";"57,78";"234,22";"13,22";"805,0";"71,0";"29,51";"30,24";"86,78";"6,33";"73,89";"15,89";"5,44";"0,69";"0,73";"2,44";"1,17";"1,37";"43,67";"2,05";"2,92";"10790,1";"119,89";"1695,61";"819,95";"83,0";"336,47";"18,99";"1156,42";"102,0";"124,66";"9,1";"106,15";"22,83";"7,82";"3,51";"62,73";"8962,45";"149,37";"1663,14";"786,04";"84,57";"312,84";"19,3";"1098,88";"103,87";"107,38";"6,67";"82,64";"15,62";"2879,67";"138,21";"461,33";"236,0";"27,67";"128,33";"7,0";"364,33";"34,67";"35,33";"2,56";"25,78";"4,44";"1,89";"0,89";"19,11";"2796,0";"162,93";"591,89";"261,78";"25,89";"69,78";"5,22";"331,56";"31,11";"32,67";"1,67";"26,56";"5,44";"1,44";"0,33";"22,67";"4146,35";"138,21";"664,26";"339,81";"39,84";"184,78";"10,08";"524,59";"49,92";"50,88";"3,68";"37,12";"6,4";"2,72";"1,28";"27,52";"4887,8";"162,93";"1034,7";"457,62";"45,26";"121,98";"9,13";"579,61";"54,39";"57,11";"2,91";"46,42";"9,52";"2,53";"0,58";"39,62";"1,93";"5,26";"65,97"
"Isak Brusberg";"I. Brusberg";"696309";"2006-09-05";"BK Hacken";"523";"SWE - Allsvenskan";"90";"2025/2025";"128";"Wide Attacker";"69,74";"40,78";"25,91";"14,87";"5";"0";"8576,6";"122,98";"1348,2";"626,2";"61,2";"270,8";"13,0";"897,0";"74,2";"30,56";"30,56";"91,8";"8,8";"81,4";"16,8";"6,8";"0,69";"0,7";"2,2";"1,57";"null";"36,0";"2,24";"2,97";"11068,17";"122,98";"1739,86";"808,12";"78,98";"349,47";"16,78";"1157,59";"95,76";"118,47";"11,36";"105,05";"21,68";"8,78";"2,84";"46,46";"9247,47";"154,12";"1797,06";"862,48";"82,69";"391,66";"17,36";"1254,14";"100,05";"104,17";"8,53";"80,92";"15,3";"3725,4";"143,78";"627,4";"347,6";"32,2";"170,8";"7,8";"518,4";"40,0";"43,2";"3,8";"32,6";"6,4";"3,0";"1,4";"16,4";"2559,8";"172,15";"594,0";"238,6";"24,0";"95,4";"4,0";"334,0";"28,0";"27,6";"2,0";"22,4";"4,0";"1,6";"0,2";"17,2";"4313,47";"143,78";"726,44";"402,47";"37,28";"197,76";"9,03";"600,23";"46,31";"50,02";"4,4";"37,75";"7,41";"3,47";"1,62";"18,99";"5164,36";"172,15";"1198,39";"481,37";"48,42";"192,47";"8,07";"673,84";"56,49";"55,68";"4,03";"45,19";"8,07";"3,23";"0,4";"34,7";"2,35";"6,77";"49,44"
"Marcus Rafferty";"M. Rafferty";"697257";"2004-10-01";"Degerfors IF";"1736";"SWE - Allsvenskan";"90";"2025/2025";"128";"Center Forward";"76,9";"39,82";"20,32";"19,5";"7";"1";"9124,43";"118,65";"1443,71";"536,57";"50,29";"167,0";"8,14";"703,57";"58,43";"29,46";"30,18";"84,14";"5,86";"71,14";"10,0";"3,29";"0,75";"0,77";"0,43";"null";"null";"38,43";"2,08";"2,88";"10678,79";"118,65";"1689,65";"627,98";"58,85";"195,45";"9,53";"823,43";"68,38";"98,48";"6,85";"83,26";"11,7";"3,85";"0,5";"44,97";"9585,15";"159,75";"1949,49";"743,89";"69,52";"236,77";"10,55";"980,66";"80,07";"94,28";"6,03";"70,17";"9,69";"3235,43";"159,25";"644,57";"330,86";"29,57";"118,14";"5,29";"449,0";"34,86";"35,43";"2,57";"22,43";"3,14";"1,71";"0,14";"18,57";"3126,14";"160,28";"649,29";"162,86";"16,57";"39,0";"1,71";"201,86";"18,29";"27,14";"1,43";"24,14";"3,29";"0,71";"0,14";"17,86";"4777,5";"159,25";"951,79";"488,55";"43,67";"174,45";"7,8";"663,0";"51,47";"52,31";"3,8";"33,12";"4,64";"2,53";"0,21";"27,42";"4808,28";"160,28";"998,66";"250,49";"25,49";"59,99";"2,64";"310,47";"28,12";"41,75";"2,2";"37,13";"5,05";"1,1";"0,22";"27,47";"0,43";"3,66";"54,89"
"Marcus Rafferty";"M. Rafferty";"697257";"2004-10-01";"Degerfors IF";"1736";"SWE - Allsvenskan";"90";"2025/2025";"128";"Midfield";"75,81";"40,33";"16,52";"23,81";"5";"0";"9117,2";"120,27";"1543,8";"607,6";"51,6";"188,4";"8,2";"796,0";"59,8";"28,56";"28,56";"84,6";"3,0";"74,0";"8,2";"2,4";"0,74";"0,94";"1,2";"1,47";"null";"33,6";"1,93";"3,05";"10824,22";"120,27";"1832,85";"721,36";"61,26";"223,67";"9,74";"945,04";"71,0";"100,44";"3,56";"87,86";"9,74";"2,85";"1,42";"39,89";"9566,67";"159,44";"2056,34";"838,78";"72,01";"260,65";"10,41";"1099,43";"82,42";"93,73";"2,98";"73,2";"8,63";"2617,2";"158,46";"555,4";"268,6";"23,0";"107,0";"4,2";"375,6";"27,2";"25,8";"1,0";"17,4";"2,4";"0,8";"0,4";"12,8";"3813,2";"160,13";"826,8";"295,2";"25,4";"68,2";"2,8";"363,4";"28,2";"37,2";"1,0";"31,8";"3,4";"0,6";"0,4";"19,4";"4753,74";"158,46";"1008,8";"487,87";"41,78";"194,35";"7,63";"682,22";"49,4";"46,86";"1,82";"31,6";"4,36";"1,45";"0,73";"23,25";"4803,86";"160,13";"1041,6";"371,89";"32,0";"85,92";"3,53";"457,81";"35,53";"46,86";"1,26";"40,06";"4,28";"0,76";"0,5";"24,44";"1,19";"2,08";"47,9"
"Marcus Rafferty";"M. Rafferty";"697257";"2004-10-01";"Degerfors IF";"1736";"SWE - Allsvenskan";"90";"2025/2025";"128";"Wide Attacker";"83,3";"44,88";"18,97";"25,91";"9";"0";"10033,33";"120,45";"1710,44";"651,56";"53,67";"157,56";"9,56";"809,11";"63,22";"28,39";"29,4";"99,0";"5,56";"83,78";"10,78";"3,67";"0,61";"0,61";"0,89";"1,26";"1,5";"45,0";"1,84";"2,7";"10840,34";"120,45";"1848,02";"703,96";"57,98";"170,23";"10,32";"874,19";"68,31";"106,96";"6,0";"90,52";"11,64";"3,96";"0,96";"48,62";"9366,89";"156,11";"2043,9";"797,21";"64,76";"197,71";"10,55";"994,92";"75,31";"98,33";"5,35";"74,86";"8,62";"3062,67";"161,43";"672,56";"296,44";"23,89";"90,44";"4,89";"386,89";"28,78";"34,78";"2,0";"22,78";"3,22";"1,56";"0,56";"18,33";"3944,0";"152,22";"856,33";"299,89";"24,56";"57,44";"3,0";"357,33";"27,56";"38,78";"2,0";"33,22";"3,22";"1,11";"0,22";"23,22";"4842,87";"161,43";"1063,48";"468,76";"37,77";"143,02";"7,73";"611,77";"45,51";"54,99";"3,16";"36,02";"5,1";"2,46";"0,88";"28,99";"4566,71";"152,22";"991,54";"347,24";"28,43";"66,51";"3,47";"413,75";"31,91";"44,9";"2,32";"38,47";"3,73";"1,29";"0,26";"26,89";"1,04";"3,56";"55,55"
"Marcus Pheiffer Lindberg";"M. Lindberg";"713233";"2000-06-27";"IK Sirius";"1487";"SWE - Allsvenskan";"90";"2025/2025";"128";"Midfield";"88,61";"50,34";"24,61";"25,73";"24";"0";"11372,33";"128,34";"1947,83";"644,83";"56,58";"166,12";"9,08";"810,96";"65,67";"27,93";"29,56";"115,25";"3,12";"98,92";"9,83";"2,21";"0,65";"0,7";"0,58";"1,68";"2,2";"45,54";"1,82";"2,66";"11550,67";"128,34";"1978,38";"654,95";"57,47";"168,73";"9,23";"823,68";"66,7";"117,06";"3,17";"100,47";"9,99";"2,24";"0,59";"46,26";"9974,56";"166,24";"2139,07";"723,49";"62,48";"187,73";"9,19";"911,21";"71,66";"100,22";"2,23";"78,77";"7,7";"4069,25";"165,35";"843,17";"215,79";"19,29";"53,62";"2,83";"269,42";"22,12";"39,29";"0,88";"30,12";"2,54";"0,42";"0,08";"13,0";"4299,33";"167,1";"951,5";"391,21";"33,12";"103,88";"4,88";"495,08";"38,0";"44,79";"1,0";"35,96";"3,92";"0,54";"0,12";"29,71";"4960,54";"165,35";"1027,85";"263,06";"23,52";"65,37";"3,45";"328,43";"26,97";"47,9";"1,07";"36,72";"3,1";"0,51";"0,1";"15,85";"5012,85";"167,1";"1109,41";"456,13";"38,62";"121,11";"5,68";"577,25";"44,31";"52,23";"1,17";"41,93";"4,57";"0,63";"0,15";"34,64";"0,25";"1,14";"50,9"
"Tobias Pajbjerg Anker";"T. Anker";"726974";"2001-03-06";"IK Sirius";"1487";"SWE - Allsvenskan";"90";"2025/2025";"128";"Central Defender";"98,91";"55,71";"27,95";"27,77";"28";"0";"10714,79";"108,33";"1360,32";"441,64";"39,29";"116,0";"6,5";"557,64";"45,79";"28,27";"31,06";"119,04";"5,5";"94,86";"11,04";"3,32";"0,69";"0,7";"0,89";"1,26";"1,57";"27,46";"2,0";"2,78";"9749,27";"108,33";"1237,74";"401,85";"35,75";"105,55";"5,91";"507,39";"41,66";"108,31";"5,0";"86,31";"10,04";"3,02";"0,81";"24,99";"8206,59";"136,78";"1255,57";"416,68";"37,39";"112,62";"5,62";"529,3";"43,0";"88,43";"3,46";"66,77";"6,23";"3789,57";"135,61";"534,29";"127,14";"11,71";"29,5";"1,57";"156,64";"13,29";"34,75";"1,21";"27,71";"2,71";"0,68";"0,18";"6,64";"3830,43";"137,95";"631,54";"259,75";"23,0";"75,07";"3,64";"334,82";"26,64";"47,36";"2,0";"34,29";"3,07";"1,07";"0,39";"17,54";"4068,21";"135,61";"573,57";"136,49";"12,58";"31,67";"1,69";"168,16";"14,26";"37,31";"1,3";"29,75";"2,91";"0,73";"0,19";"7,13";"4138,61";"137,95";"682,35";"280,65";"24,85";"81,11";"3,94";"361,76";"28,79";"51,17";"2,16";"37,04";"3,32";"1,16";"0,42";"18,95";"0,62";"1,88";"26,04"
"Otso Liimatta";"O. Liimatta";"730911";"2004-07-10";"IFK Värnamo";"2394";"SWE - Allsvenskan";"90";"2025/2025";"128";"Midfield";"78,91";"45,35";"21,74";"23,61";"4";"0";"9878,75";"125,19";"1829,0";"692,25";"60,5";"116,0";"9,25";"808,25";"69,75";"27,6";"27,6";"112,5";"5,5";"96,25";"14,75";"4,0";"0,63";"0,77";"0,75";"1,8";"null";"46,0";"1,93";"2,94";"11267,35";"125,19";"2086,09";"789,56";"69,0";"132,31";"10,55";"921,86";"79,55";"128,31";"6,27";"109,78";"16,82";"4,56";"0,86";"52,47";"9768,36";"162,81";"2212,79";"865,93";"74,09";"145,53";"11,25";"1011,47";"85,34";"112,79";"5,62";"81,37";"12,9";"3478,25";"159,98";"717,25";"297,5";"27,25";"68,25";"4,75";"365,75";"32,0";"41,0";"2,5";"27,75";"5,0";"2,0";"0,5";"20,5";"3905,0";"165,41";"955,25";"357,0";"28,75";"41,75";"3,75";"398,75";"32,5";"44,25";"1,75";"33,75";"4,75";"1,25";"0,0";"22,5";"4799,43";"159,98";"989,69";"410,5";"37,6";"94,17";"6,55";"504,68";"44,15";"56,57";"3,45";"38,29";"6,9";"2,76";"0,69";"28,29";"4962,23";"165,41";"1213,87";"453,65";"36,53";"53,05";"4,77";"506,71";"41,3";"56,23";"2,22";"42,89";"6,04";"1,59";"0,0";"28,59";"0,66";"4,3";"56,89"
"Otso Liimatta";"O. Liimatta";"730911";"2004-07-10";"IFK Värnamo";"2394";"SWE - Allsvenskan";"90";"2025/2025";"128";"Wide Attacker";"82,07";"49,23";"25,61";"23,62";"6";"1";"9930,33";"121,0";"1571,5";"637,5";"58,67";"166,33";"10,0";"803,83";"68,67";"28,25";"28,52";"116,33";"7,17";"95,17";"18,17";"5,17";"0,64";"0,66";"2,0";"1,43";"null";"43,33";"1,89";"2,9";"10889,92";"121,0";"1723,36";"699,1";"64,34";"182,41";"10,97";"881,51";"75,3";"127,57";"7,86";"104,36";"19,92";"5,67";"2,19";"47,52";"8956,02";"149,27";"1746,67";"727,27";"66,43";"186,08";"10,16";"913,36";"76,59";"106,86";"5,28";"76,99";"13,61";"3747,33";"146,33";"699,5";"316,0";"29,67";"95,67";"5,33";"411,67";"35,0";"46,0";"2,5";"31,33";"5,17";"1,67";"1,0";"23,0";"3600,33";"152,45";"733,5";"280,67";"24,83";"57,0";"3,0";"337,67";"27,83";"41,67";"1,83";"31,83";"6,0";"1,17";"0,17";"17,0";"4389,98";"146,33";"819,46";"370,19";"34,75";"112,07";"6,25";"482,26";"41,0";"53,89";"2,93";"36,71";"6,05";"1,95";"1,17";"26,94";"4573,47";"152,45";"931,76";"356,53";"31,55";"72,41";"3,81";"428,93";"35,36";"52,93";"2,33";"40,44";"7,62";"1,48";"0,21";"21,59";"1,42";"3,45";"48,76"
"John Paul Dembe";"J. Dembe";"731998";"2005-07-03";"BK Hacken";"523";"SWE - Allsvenskan";"90";"2025/2025";"128";"Center Forward";"60,55";"34,92";"19,21";"15,72";"14";"0";"6722,0";"111,02";"957,36";"483,07";"51,07";"216,79";"11,36";"699,86";"62,43";"30,41";"32,54";"84,07";"9,07";"67,36";"19,0";"7,43";"0,54";"0,61";"2,0";"1,08";"1,41";"31,57";"1,82";"2,88";"9992,0";"111,02";"1423,08";"718,07";"75,92";"322,24";"16,88";"1040,31";"92,8";"124,97";"13,48";"100,12";"28,24";"11,04";"2,97";"46,93";"8497,81";"141,63";"1502,02";"783,23";"80,51";"357,37";"17,55";"1140,6";"98,06";"106,89";"9,57";"78,54";"19,15";"2542,79";"132,4";"399,29";"206,71";"20,79";"113,36";"5,14";"320,07";"25,93";"32,79";"2,79";"22,43";"4,21";"2,07";"0,57";"11,93";"2403,14";"152,92";"474,93";"249,14";"26,07";"94,64";"5,07";"343,79";"31,14";"29,43";"2,79";"23,29";"6,93";"2,29";"0,57";"17,79";"3971,87";"132,4";"623,69";"322,89";"32,47";"177,07";"8,03";"499,96";"40,5";"51,21";"4,35";"35,03";"6,58";"3,24";"0,89";"18,63";"4587,47";"152,92";"906,61";"475,6";"49,77";"180,67";"9,68";"656,27";"59,45";"56,18";"5,32";"44,45";"13,23";"4,36";"1,09";"33,95";"1,96";"7,49";"51,05"
"Johnbosco Samuel Kalu";"J. Kalu";"733157";"1997-12-10";"IFK Värnamo";"2394";"SWE - Allsvenskan";"90";"2025/2025";"128";"Center Forward";"79,15";"46,46";"20,92";"25,54";"6";"0";"9235,5";"116,69";"1215,83";"497,0";"52,67";"138,83";"8,17";"635,83";"60,83";"29,1";"29,42";"104,0";"8,83";"81,0";"17,33";"7,5";"0,63";"0,67";"1,0";"1,46";"null";"37,0";"2,11";"2,92";"10501,88";"116,69";"1382,55";"565,15";"59,89";"157,87";"9,29";"723,02";"69,17";"118,26";"10,04";"92,11";"19,71";"8,53";"1,14";"42,07";"8697,9";"144,97";"1438,92";"612,59";"62,85";"171,77";"8,83";"784,36";"71,68";"99,87";"7,1";"71,03";"14,64";"3042,83";"145,45";"501,5";"262,17";"26,17";"94,33";"4,5";"356,5";"30,67";"37,5";"2,5";"21,17";"4,67";"2,17";"0,5";"15,17";"3692,0";"144,56";"612,67";"212,17";"22,5";"38,67";"2,33";"250,83";"24,83";"39,83";"3,0";"33,83";"6,67";"2,5";"0,17";"19,5";"4363,64";"145,45";"719,19";"375,97";"37,52";"135,28";"6,45";"511,25";"43,98";"53,78";"3,59";"30,35";"6,69";"3,11";"0,72";"21,75";"4336,92";"144,56";"719,69";"249,23";"26,43";"45,42";"2,74";"294,65";"29,17";"46,79";"3,52";"39,74";"7,83";"2,94";"0,2";"22,91";"0,86";"6,03";"44,77"
"Johnbosco Samuel Kalu";"J. Kalu";"733157";"1997-12-10";"IFK Värnamo";"2394";"SWE - Allsvenskan";"90";"2025/2025";"128";"Wide Attacker";"68,18";"36,63";"20,32";"16,31";"5";"0";"7175,2";"105,24";"1076,4";"559,0";"53,0";"258,8";"13,4";"817,8";"66,4";"30,88";"30,88";"90,0";"7,0";"69,4";"15,6";"5,0";"0,62";"0,78";"2,4";"1,33";"1,38";"36,2";"2,01";"null";"9471,98";"105,24";"1420,96";"737,94";"69,97";"341,64";"17,69";"1079,58";"87,65";"118,81";"9,24";"91,61";"20,59";"6,6";"3,17";"47,79";"8115,32";"135,26";"1503,36";"730,88";"79,61";"314,17";"18,35";"1045,05";"97,95";"106,14";"7,21";"71,74";"13,1";"2635,6";"129,7";"438,6";"238,6";"26,0";"115,6";"6,6";"354,2";"32,6";"35,4";"2,8";"23,0";"3,8";"1,6";"0,8";"14,6";"2318,8";"142,17";"479,2";"207,6";"22,6";"76,2";"4,6";"283,8";"27,2";"29,4";"1,6";"20,8";"4,2";"0,8";"0,2";"17,8";"3891,14";"129,7";"647,54";"352,26";"38,39";"170,67";"9,74";"522,93";"48,13";"52,26";"4,13";"33,96";"5,61";"2,36";"1,18";"21,56";"4265,11";"142,17";"881,42";"381,85";"41,57";"140,16";"8,46";"522,01";"50,03";"54,08";"2,94";"38,26";"7,73";"1,47";"0,37";"32,74";"1,64";"3,93";"53,07"
"Zakaria Sawo";"Z. Sawo";"765300";"2000-01-11";"Djurgardens IF";"522";"SWE - Allsvenskan";"90";"2025/2025";"128";"Wide Attacker";"71,08";"43,46";"19,63";"23,83";"3";"0";"8878,0";"124,9";"1422,0";"620,67";"66,0";"339,0";"16,33";"959,67";"82,33";"31,9";"31,9";"89,0";"7,33";"73,0";"17,33";"5,67";"0,7";"0,75";"2,33";"1,44";"null";"47,33";"2,17";"null";"11240,61";"124,9";"1800,42";"785,84";"83,56";"429,21";"20,68";"1215,05";"104,24";"112,68";"9,28";"92,43";"21,95";"7,17";"2,95";"59,93";"9070,64";"151,18";"1775,84";"782,77";"82,37";"433,95";"18,41";"1216,72";"100,78";"86,97";"5,98";"63,51";"14,27";"2918,0";"148,62";"527,0";"300,0";"32,0";"234,67";"9,0";"534,67";"41,0";"33,67";"2,0";"21,0";"3,0";"1,67";"1,0";"15,0";"3652,33";"153,28";"759,33";"267,0";"27,67";"79,67";"4,33";"346,67";"32,0";"29,33";"2,33";"25,0";"7,33";"1,67";"0,67";"28,67";"4458,74";"148,62";"805,26";"458,4";"48,9";"358,57";"13,75";"816,98";"62,65";"51,44";"3,06";"32,09";"4,58";"2,55";"1,53";"22,92";"4598,41";"153,28";"956,03";"336,16";"34,83";"100,3";"5,46";"436,47";"40,29";"36,93";"2,94";"31,48";"9,23";"2,1";"0,84";"36,09";"2,3";"4,6";"60,28"
"Abdullah Iqbal";"Abdullah Iqbal";"771974";"2002-07-27";"Mjällby AIF";"1486";"SWE - Allsvenskan";"90";"2025/2025";"128";"Central Defender";"97,5";"56,26";"29,67";"26,59";"20";"3";"10830,0";"111,07";"1435,5";"454,25";"40,65";"137,5";"7,6";"591,75";"48,25";"28,5";"30,16";"111,95";"5,25";"90,25";"10,95";"3,15";"0,6";"0,6";"0,95";"1,27";"1,39";"25,85";"1,97";"2,59";"9996,58";"111,07";"1325,03";"419,29";"37,52";"126,92";"7,02";"546,21";"44,54";"103,33";"4,85";"83,3";"10,11";"2,91";"0,88";"23,86";"8312,42";"138,54";"1307,54";"430,14";"38,61";"129,8";"6,4";"559,94";"45,01";"85,0";"3,63";"64,58";"6,4";"3844,0";"129,56";"506,35";"120,65";"11,3";"37,9";"1,85";"158,55";"13,15";"34,1";"1,45";"28,3";"2,35";"0,65";"0,05";"6,9";"3949,7";"148,56";"719,6";"282,65";"24,9";"83,8";"4,15";"366,45";"29,05";"45,6";"1,95";"32,25";"3,65";"1,25";"0,35";"16,25";"3886,86";"129,56";"512,0";"122,0";"11,43";"38,32";"1,87";"160,32";"13,3";"34,48";"1,47";"28,62";"2,38";"0,66";"0,05";"6,98";"4456,78";"148,56";"811,99";"318,94";"28,1";"94,56";"4,68";"413,5";"32,78";"51,45";"2,2";"36,39";"4,12";"1,41";"0,39";"18,34";"0,43";"2,03";"24,69"
"Sebastian Clemmensen";"S. Clemmensen";"771980";"2003-09-01";"IFK Göteborg";"1480";"SWE - Allsvenskan";"90";"2025/2025";"128";"Wide Attacker";"67,61";"36,82";"18,52";"18,29";"17";"1";"8267,82";"122,29";"1307,76";"544,47";"51,65";"196,29";"10,29";"740,76";"61,94";"29,85";"31,44";"86,82";"5,41";"70,88";"12,88";"4,0";"0,56";"0,56";"0,94";"1,42";"null";"33,18";"1,92";"2,76";"11006,5";"122,29";"1740,96";"724,82";"68,75";"261,32";"13,7";"986,14";"82,46";"115,58";"7,2";"94,36";"17,15";"5,32";"1,25";"44,17";"9411,84";"156,86";"1868,54";"791,86";"74,39";"290,57";"14,48";"1082,44";"88,87";"100,09";"6,14";"73,24";"12,37";"2840,82";"153,36";"535,12";"267,76";"26,12";"132,88";"6,35";"400,65";"32,47";"32,76";"2,24";"22,0";"3,94";"1,29";"0,35";"15,82";"2934,24";"160,41";"611,41";"218,12";"19,53";"45,41";"2,53";"263,53";"22,06";"28,65";"1,53";"22,94";"3,65";"1,0";"0,06";"14,76";"4600,89";"153,36";"866,66";"433,66";"42,3";"215,21";"10,29";"648,87";"52,59";"53,06";"3,62";"35,63";"6,38";"2,1";"0,57";"25,63";"4812,28";"160,41";"1002,74";"357,72";"32,03";"74,48";"4,15";"432,2";"36,18";"46,98";"2,51";"37,62";"5,98";"1,64";"0,1";"24,21";"0,67";"3,74";"49,85"
"Abdoulaye Faye";"A. Faye";"782065";"2004-09-22";"BK Hacken";"523";"SWE - Allsvenskan";"90";"2025/2025";"128";"Central Defender";"93,53";"56,04";"33,06";"22,98";"4";"1";"10009,0";"107,01";"1229,75";"448,0";"41,0";"123,75";"6,75";"571,75";"47,75";"28,9";"28,9";"120,5";"6,25";"96,75";"11,0";"3,25";"0,91";"0,92";"0,75";"null";"null";"20,75";"2,64";"null";"9630,9";"107,01";"1183,29";"431,08";"39,45";"119,08";"6,5";"550,15";"45,95";"115,95";"6,01";"93,1";"10,58";"3,13";"0,72";"19,97";"7996,88";"133,28";"1192,51";"453,98";"40,42";"117,51";"5,89";"571,49";"46,31";"94,76";"5,09";"71,74";"6,42";"4149,0";"125,51";"540,5";"123,25";"13,0";"25,75";"1,25";"149,0";"14,25";"43,25";"2,25";"36,25";"2,75";"1,0";"0,5";"7,75";"3319,75";"144,47";"573,25";"300,75";"24,75";"84,0";"4,25";"384,75";"29,0";"45,25";"2,5";"30,75";"3,25";"0,5";"0,25";"11,0";"3765,16";"125,51";"490,5";"111,85";"11,8";"23,37";"1,13";"135,22";"12,93";"39,25";"2,04";"32,9";"2,5";"0,91";"0,45";"7,03";"4334,03";"144,47";"748,4";"392,64";"32,31";"109,66";"5,55";"502,3";"37,86";"59,08";"3,26";"40,15";"4,24";"0,65";"0,33";"14,36";"0,8";"1,61";"20,08"
"Keita Kosugi";"K. Kosugi";"799400";"2006-03-18";"Djurgardens IF";"522";"SWE - Allsvenskan";"90";"2025/2025";"128";"Full Back";"95,94";"51,1";"26,91";"24,19";"25";"2";"10639,16";"110,89";"1544,28";"690,96";"67,44";"264,2";"14,56";"955,16";"82,0";"29,6";"31,1";"118,84";"8,88";"96,32";"22,28";"6,64";"0,62";"0,63";"2,84";"1,23";"1,25";"40,12";"1,91";"2,54";"9980,24";"110,89";"1448,64";"648,17";"63,26";"247,84";"13,66";"896,0";"76,92";"111,48";"8,33";"90,35";"20,9";"6,23";"2,66";"37,64";"8615,69";"143,59";"1572,74";"743,49";"70,68";"282,21";"14,75";"1025,7";"85,43";"101,72";"7,0";"71,15";"14,61";"3819,56";"141,92";"677,48";"291,92";"29,24";"123,28";"6,32";"415,2";"35,56";"42,48";"3,12";"30,08";"5,88";"2,48";"0,96";"14,36";"3518,52";"145,46";"662,04";"341,32";"30,96";"117,08";"6,24";"458,4";"37,2";"44,16";"2,84";"30,52";"6,56";"1,96";"1,2";"22,2";"4257,62";"141,92";"755,18";"325,4";"32,59";"137,42";"7,04";"462,82";"39,64";"47,35";"3,48";"33,53";"6,55";"2,76";"1,07";"16,01";"4363,73";"145,46";"821,07";"423,31";"38,4";"145,2";"7,74";"568,52";"46,14";"54,77";"3,52";"37,85";"8,14";"2,43";"1,49";"27,53";"2,54";"5,21";"42,93"
"Benjamin  Brantlind";"B. Brantlind";"817194";"2008-06-15";"IFK Göteborg";"1480";"SWE - Allsvenskan";"90";"2025/2025";"128";"Midfield";"61,01";"32,9";"18,81";"14,09";"3";"0";"7680,67";"125,89";"1337,67";"498,67";"40,67";"111,0";"4,67";"609,67";"45,33";"28,1";"28,1";"85,67";"4,0";"73,33";"10,67";"2,67";"0,8";"null";"0,67";"null";"null";"23,33";"2,56";"3,01";"11330,07";"125,89";"1973,25";"735,6";"59,99";"163,74";"6,88";"899,34";"66,87";"126,37";"5,9";"108,18";"15,73";"3,93";"0,98";"34,42";"10024,32";"167,07";"2175,08";"827,96";"69,3";"186,63";"6,69";"1014,59";"75,99";"114,29";"4,26";"84,5";"12,16";"3067,67";"163,13";"612,33";"252,0";"19,33";"35,33";"2,0";"287,33";"21,33";"33,67";"1,67";"26,0";"4,0";"1,33";"0,0";"11,67";"2429,0";"172,34";"580,33";"202,0";"18,67";"67,0";"1,67";"269,0";"20,33";"29,0";"0,67";"20,33";"2,67";"0,33";"0,0";"10,67";"4893,77";"163,13";"976,84";"402,01";"30,84";"56,37";"3,19";"458,38";"34,03";"53,71";"2,66";"41,48";"6,38";"2,13";"0,0";"18,61";"5170,12";"172,34";"1235,24";"429,96";"39,73";"142,61";"3,55";"572,57";"43,28";"61,73";"1,42";"43,28";"5,68";"0,71";"0,0";"22,7";"0,0";"3,04";"40,73"
"Terry Yegbe";"T. Yegbe";"817296";"2001-01-25";"IF Elfsborg";"1483";"SWE - Allsvenskan";"90";"2025/2025";"128";"Central Defender";"90,4";"49,9";"24,01";"25,9";"18";"0";"9593,61";"106,12";"1291,17";"434,39";"40,22";"151,83";"7,28";"586,22";"47,5";"29,93";"32,94";"115,39";"7,17";"94,72";"13,67";"3,72";"0,65";"0,71";"1,06";"1,22";"1,42";"22,0";"2,03";"2,83";"9550,97";"106,12";"1285,43";"432,46";"40,04";"151,16";"7,25";"583,62";"47,29";"114,88";"7,13";"94,3";"13,61";"3,71";"1,05";"21,9";"8082,28";"134,7";"1324,79";"460,81";"42,15";"162,91";"7,21";"623,72";"49,36";"97,72";"4,88";"74,74";"8,88";"3057,0";"127,34";"454,17";"96,44";"9,0";"15,56";"0,94";"112,0";"9,94";"29,67";"1,5";"24,94";"2,78";"0,61";"0,06";"4,78";"3665,39";"141,53";"647,72";"286,83";"26,06";"119,94";"5,06";"406,78";"31,11";"51,61";"2,56";"37,22";"4,61";"1,5";"0,5";"14,89";"3820,22";"127,34";"567,56";"120,52";"11,25";"19,44";"1,18";"139,96";"12,43";"37,07";"1,87";"31,17";"3,47";"0,76";"0,07";"5,97";"4245,93";"141,53";"750,31";"332,26";"30,18";"138,94";"5,86";"471,2";"36,04";"59,79";"2,96";"43,12";"5,34";"1,74";"0,58";"17,25";"0,67";"2,54";"23,65"
"Johan Rapp";"J. Rapp";"817298";"2001-02-08";"IFK Värnamo";"2394";"SWE - Allsvenskan";"90";"2025/2025";"128";"Central Defender";"95,43";"53,16";"30,47";"22,69";"6";"0";"10684,33";"111,96";"1538,17";"490,67";"42,83";"103,0";"6,5";"593,67";"49,33";"28,25";"28,8";"122,0";"7,17";"95,67";"12,33";"4,83";"0,66";"0,69";"2,17";"1,45";"1,65";"29,17";"2,29";"2,89";"10076,63";"111,96";"1450,68";"462,76";"40,4";"97,14";"6,13";"559,9";"46,53";"115,06";"6,76";"90,23";"11,63";"4,56";"2,04";"27,51";"8582,17";"143,04";"1514,05";"503,62";"44,4";"107,23";"5,64";"610,85";"50,04";"99,9";"5,08";"71,68";"8,65";"4295,33";"140,98";"730,5";"206,67";"18,5";"38,5";"1,67";"245,17";"20,17";"47,0";"1,67";"34,33";"4,17";"0,83";"0,33";"11,67";"3307,83";"145,79";"610,83";"239,5";"20,83";"56,5";"3,33";"296,0";"24,17";"41,5";"2,83";"29,17";"3,5";"2,5";"1,0";"14,67";"4229,54";"140,98";"719,31";"203,5";"18,22";"37,91";"1,64";"241,41";"19,86";"46,28";"1,64";"33,81";"4,1";"0,82";"0,33";"11,49";"4373,73";"145,79";"807,66";"316,67";"27,55";"74,71";"4,41";"391,38";"31,95";"54,87";"3,75";"38,57";"4,63";"3,31";"1,32";"19,39";"1,51";"3,76";"29,72"
"Johan Rapp";"J. Rapp";"817298";"2001-02-08";"IFK Värnamo";"2394";"SWE - Allsvenskan";"90";"2025/2025";"128";"Full Back";"81,84";"45,33";"20,89";"24,44";"10";"0";"9146,3";"111,76";"1227,4";"539,4";"47,8";"176,1";"9,0";"715,5";"56,8";"28,61";"29,76";"106,0";"6,9";"90,7";"15,1";"4,2";"0,62";"0,63";"1,0";"1,46";"null";"26,4";"2,05";"2,79";"10058,04";"111,76";"1349,75";"593,17";"52,56";"193,65";"9,9";"786,82";"62,46";"116,57";"7,59";"99,74";"16,61";"4,62";"1,1";"29,03";"8489,83";"141,5";"1406,3";"664,57";"56,25";"210,71";"10,06";"875,28";"66,31";"97,68";"5,56";"72,4";"10,32";"2976,2";"142,45";"487,6";"221,0";"19,0";"81,1";"3,4";"302,1";"22,4";"30,6";"2,0";"23,5";"3,6";"1,1";"0,3";"9,4";"3438,1";"140,68";"574,9";"281,1";"23,5";"78,1";"4,2";"359,2";"27,7";"43,2";"2,2";"31,2";"4,2";"1,2";"0,1";"14,5";"4273,42";"142,45";"700,13";"317,33";"27,28";"116,45";"4,88";"433,77";"32,16";"43,94";"2,87";"33,74";"5,17";"1,58";"0,43";"13,5";"4220,54";"140,68";"705,74";"345,07";"28,85";"95,87";"5,16";"440,95";"34,0";"53,03";"2,7";"38,3";"5,16";"1,47";"0,12";"17,8";"0,53";"3,04";"31,63"
"Mohammad Alsalkhadi";"M. Alsalkhadi";"817300";"2001-07-29";"IFK Värnamo";"2394";"SWE - Allsvenskan";"90";"2025/2025";"128";"Center Forward";"92,94";"52,71";"29,15";"23,56";"8";"1";"10097,12";"108,64";"1066,5";"555,62";"68,25";"293,88";"18,25";"849,5";"86,5";"30,89";"31,6";"108,88";"13,12";"87,25";"22,88";"10,38";"0,58";"0,6";"4,75";"1,14";"1,2";"47,25";"2,01";"2,72";"9777,32";"108,64";"1032,72";"538,03";"66,09";"284,57";"17,67";"822,59";"83,76";"105,43";"12,71";"84,49";"22,15";"10,05";"4,6";"45,75";"8149,84";"135,83";"1107,79";"584,28";"70,86";"310,92";"18,21";"895,2";"89,08";"91,07";"8,82";"64,75";"15,37";"3824,88";"131,21";"526,5";"261,25";"32,5";"150,88";"8,5";"412,12";"41,0";"49,12";"4,62";"32,0";"5,88";"3,5";"1,75";"24,62";"3334,25";"141,54";"446,62";"252,0";"29,75";"122,25";"7,5";"374,25";"37,25";"30,88";"3,12";"24,88";"7,62";"2,5";"1,25";"18,88";"3936,41";"131,21";"541,85";"268,87";"33,45";"155,27";"8,75";"424,14";"42,2";"50,56";"4,76";"32,93";"6,05";"3,6";"1,8";"25,34";"4246,33";"141,54";"568,8";"320,93";"37,89";"155,69";"9,55";"476,63";"47,44";"39,32";"3,98";"31,68";"9,71";"3,18";"1,59";"24,04";"3,42";"6,83";"49,52"
"Mohammad Alsalkhadi";"M. Alsalkhadi";"817300";"2001-07-29";"IFK Värnamo";"2394";"SWE - Allsvenskan";"90";"2025/2025";"128";"Wide Attacker";"61,69";"35,85";"15,67";"20,18";"11";"0";"6881,36";"111,55";"872,09";"369,45";"42,36";"180,09";"9,45";"549,55";"51,82";"30,75";"31,5";"75,27";"6,18";"62,36";"14,55";"4,91";"0,6";"0,78";"1,82";"1,15";"1,72";"28,73";"1,96";"2,82";"10039,86";"111,55";"1272,37";"539,03";"61,81";"262,75";"13,79";"801,78";"75,6";"109,82";"9,02";"90,99";"21,22";"7,16";"2,65";"41,91";"8424,75";"140,41";"1374,78";"596,32";"64,82";"279,67";"14,0";"876,0";"78,82";"92,51";"6,85";"67,86";"13,85";"2273,45";"145,07";"384,0";"205,36";"22,73";"122,91";"5,73";"328,27";"28,45";"27,18";"2,27";"16,73";"3,27";"1,82";"0,73";"15,0";"2759,91";"136,79";"437,36";"150,91";"16,0";"44,18";"2,64";"195,09";"18,64";"28,09";"1,82";"23,82";"5,0";"1,18";"0,55";"11,82";"4352,16";"145,07";"735,11";"393,14";"43,51";"235,29";"10,96";"628,43";"54,47";"52,04";"4,35";"32,02";"6,27";"3,48";"1,39";"28,72";"4103,8";"136,79";"650,33";"224,39";"23,79";"65,7";"3,92";"290,09";"27,71";"41,77";"2,7";"35,42";"7,43";"1,76";"0,81";"17,57";"2,13";"5,02";"44,89"
"Patric Åslund";"P. Åslund";"817450";"2002-08-01";"Djurgardens IF";"522";"SWE - Allsvenskan";"90";"2025/2025";"128";"Midfield";"63,55";"33,3";"16,35";"16,95";"3";"0";"8056,67";"126,78";"1420,33";"521,33";"47,33";"168,0";"8,33";"689,33";"55,67";"28,07";"28,07";"81,67";"2,33";"70,0";"10,67";"1,67";"0,89";"null";"0,33";"null";"null";"35,0";"2,15";"3,11";"11409,91";"126,78";"2011,49";"738,32";"67,03";"237,92";"11,8";"976,24";"78,84";"115,66";"3,3";"99,13";"15,11";"2,36";"0,47";"49,57";"10360,96";"172,68";"2338,14";"894,29";"78,68";"282,28";"14,41";"1176,58";"93,09";"106,91";"2,4";"78,68";"12,61";"2708,0";"165,63";"567,0";"279,0";"26,33";"111,33";"6,0";"390,33";"32,33";"28,33";"1,0";"22,0";"3,33";"0,67";"0,33";"13,67";"3042,33";"179,49";"730,67";"217,33";"17,33";"45,33";"2,0";"262,67";"19,33";"31,0";"0,33";"21,67";"3,67";"0,0";"0,0";"18,33";"4968,81";"165,63";"1040,37";"511,93";"48,32";"204,28";"11,01";"716,21";"59,33";"51,99";"1,83";"40,37";"6,12";"1,22";"0,61";"25,08";"5384,66";"179,49";"1293,22";"384,66";"30,68";"80,24";"3,54";"464,9";"34,22";"54,87";"0,59";"38,35";"6,49";"0,0";"0,0";"32,45";"0,6";"1,2";"57,66"
"Patric Åslund";"P. Åslund";"817450";"2002-08-01";"Djurgardens IF";"522";"SWE - Allsvenskan";"90";"2025/2025";"128";"Wide Attacker";"58,2";"30,05";"15,99";"14,06";"6";"0";"7080,0";"121,65";"1195,83";"517,67";"45,67";"183,33";"8,5";"701,0";"54,17";"30,13";"30,6";"81,67";"5,83";"61,67";"13,67";"3,67";"0,79";"0,81";"1,0";"1,71";"1,84";"32,17";"2,29";"2,93";"10948,45";"121,65";"1849,23";"800,52";"70,62";"283,51";"13,14";"1084,02";"83,76";"126,29";"9,02";"95,36";"21,13";"5,67";"1,55";"49,74";"9762,97";"162,72";"2120,0";"953,17";"81,87";"329,15";"13,98";"1282,31";"95,85";"117,81";"7,32";"77,54";"15,97";"2589,17";"161,91";"536,17";"296,67";"25,5";"107,0";"4,67";"403,67";"30,17";"31,83";"2,33";"20,0";"4,17";"1,83";"0,17";"14,33";"2300,0";"163,64";"525,5";"180,67";"15,5";"57,83";"2,33";"238,5";"17,83";"27,17";"1,33";"18,83";"3,83";"0,67";"0,33";"14,5";"4857,22";"161,91";"1005,84";"556,54";"47,84";"200,73";"8,75";"757,27";"56,59";"59,72";"4,38";"37,52";"7,82";"3,44";"0,31";"26,89";"4909,09";"163,64";"1121,62";"385,61";"33,08";"123,44";"4,98";"509,05";"38,06";"57,98";"2,85";"40,2";"8,18";"1,42";"0,71";"30,95";"1,0";"4,99";"57,58"
"Bleon Kurtulus";"B. Kurtulus";"817458";"2007-06-24";"Halmstads BK";"1735";"SWE - Allsvenskan";"90";"2025/2025";"128";"Central Defender";"98,1";"55,08";"23,32";"31,76";"27";"1";"10166,26";"103,63";"1143,07";"359,74";"31,93";"70,67";"4,0";"430,41";"35,93";"27,29";"29,56";"106,67";"3,52";"88,19";"10,56";"1,74";"0,65";"0,72";"0,52";"1,49";"null";"18,78";"2,01";"2,78";"9326,96";"103,63";"1048,71";"330,04";"29,29";"64,83";"3,67";"394,87";"32,96";"97,86";"3,23";"80,9";"9,68";"1,6";"0,48";"17,23";"7870,1";"131,17";"1079,77";"355,4";"30,78";"68,43";"3,23";"423,83";"34,01";"82,39";"2,1";"63,91";"6,17";"2831,22";"121,4";"306,67";"75,07";"7,0";"11,93";"0,67";"87,0";"7,67";"24,11";"0,67";"20,11";"1,96";"0,3";"0,0";"3,74";"4393,48";"138,34";"684,56";"251,19";"21,26";"50,89";"2,3";"302,07";"23,56";"51,52";"1,26";"38,56";"3,7";"0,59";"0,19";"13,11";"3641,97";"121,4";"394,48";"96,57";"9,0";"15,34";"0,86";"111,91";"9,86";"31,02";"0,86";"25,87";"2,53";"0,38";"0,0";"4,81";"4150,27";"138,34";"646,66";"237,28";"20,08";"48,07";"2,17";"285,35";"22,25";"48,67";"1,19";"36,42";"3,5";"0,56";"0,17";"12,39";"0,2";"0,97";"18,36"
"Axel Henriksson";"A. Henriksson";"817463";"2002-04-16";"GAIS";"3534";"SWE - Allsvenskan";"90";"2025/2025";"128";"Midfield";"72,53";"41,02";"19,85";"21,17";"8";"1";"9348,0";"128,89";"1544,0";"627,62";"56,12";"211,38";"11,38";"839,0";"67,5";"29,49";"30,1";"100,88";"3,38";"86,0";"17,75";"1,62";"0,74";"0,96";"1,0";"1,37";"null";"35,25";"1,94";"2,81";"11600,41";"128,89";"1916,03";"778,85";"69,65";"262,31";"14,12";"1041,16";"83,76";"125,18";"4,19";"106,72";"22,03";"2,02";"1,24";"43,74";"9891,5";"164,86";"2036,4";"859,5";"75,33";"287,96";"13,71";"1147,47";"89,04";"105,13";"2,38";"78,8";"13,16";"3152,75";"158,81";"590,38";"235,5";"21,38";"101,62";"4,12";"337,12";"25,5";"30,25";"0,88";"21,5";"2,88";"0,25";"0,12";"13,25";"3609,88";"170,53";"801,88";"352,12";"30,12";"95,25";"5,25";"447,38";"35,38";"41,62";"0,75";"32,38";"6,12";"0,25";"0,0";"20,0";"4764,36";"158,81";"892,16";"355,88";"32,3";"153,57";"6,23";"509,46";"38,53";"45,71";"1,32";"32,49";"4,34";"0,38";"0,19";"20,02";"5115,85";"170,53";"1136,4";"499,03";"42,69";"134,99";"7,44";"634,01";"50,13";"58,99";"1,06";"45,88";"8,68";"0,35";"0,0";"28,34";"0,18";"0,73";"48,63"
"Amin Boudri";"A. Boudri";"817464";"2004-09-29";"GAIS";"3534";"SWE - Allsvenskan";"90";"2025/2025";"128";"Midfield";"87,79";"50,2";"26,88";"23,31";"20";"2";"10923,85";"124,43";"1710,4";"612,25";"51,9";"155,3";"8,9";"767,55";"60,8";"28,29";"30,08";"103,35";"3,85";"85,85";"9,15";"2,65";"0,59";"0,66";"0,9";"1,32";"1,42";"32,7";"1,93";"2,78";"11198,63";"124,43";"1753,42";"627,65";"53,21";"159,21";"9,12";"786,86";"62,33";"105,95";"3,95";"88,01";"9,38";"2,72";"0,92";"33,52";"9520,21";"158,67";"1871,0";"687,26";"57,97";"171,53";"9,08";"858,79";"67,06";"91,98";"3,05";"68,49";"6,34";"3999,25";"148,77";"700,6";"257,6";"22,75";"73,55";"3,8";"331,15";"26,55";"37,65";"1,4";"26,6";"2,55";"0,9";"0,25";"14,6";"3965,2";"170,08";"864,65";"317,35";"25,75";"69,95";"3,8";"387,3";"29,55";"39,3";"1,15";"30,7";"2,75";"0,65";"0,2";"16,05";"4463,17";"148,77";"781,87";"287,48";"25,39";"82,08";"4,24";"369,56";"29,63";"42,02";"1,56";"29,69";"2,85";"1,0";"0,28";"16,29";"5102,49";"170,08";"1112,65";"408,37";"33,14";"90,01";"4,89";"498,38";"38,03";"50,57";"1,48";"39,51";"3,54";"0,84";"0,26";"20,65";"0,54";"1,85";"36,64"
"Amin Boudri";"A. Boudri";"817464";"2004-09-29";"GAIS";"3534";"SWE - Allsvenskan";"90";"2025/2025";"128";"Wide Attacker";"61,79";"36,44";"17,1";"19,34";"4";"0";"7736,0";"125,19";"1129,0";"528,25";"44,25";"181,25";"8,75";"709,5";"53,0";"29,0";"29,0";"86,0";"5,0";"70,0";"10,25";"4,25";"0,76";"0,76";"0,5";"null";"null";"30,5";"2,19";"3,0";"11267,54";"125,19";"1644,4";"769,4";"64,45";"263,99";"12,74";"1033,39";"77,19";"125,26";"7,28";"101,96";"14,93";"6,19";"0,73";"44,42";"9264,49";"154,41";"1680,82";"794,92";"67,1";"269,23";"11,11";"1064,15";"78,22";"102,5";"5,35";"74,1";"10,29";"2541,0";"148,63";"441,25";"204,0";"19,25";"71,25";"3,25";"275,25";"22,5";"28,75";"1,5";"17,75";"2,5";"1,25";"0,25";"15,25";"3085,25";"159,51";"579,5";"278,75";"21,5";"92,25";"3,5";"371,0";"25,0";"33,5";"1,75";"27,25";"3,75";"1,25";"0,0";"12,0";"4458,98";"148,63";"774,31";"357,98";"33,78";"125,03";"5,7";"483,01";"39,48";"50,45";"2,63";"31,15";"4,39";"2,19";"0,44";"26,76";"4785,39";"159,51";"898,84";"432,36";"33,35";"143,08";"5,43";"575,44";"38,78";"51,96";"2,71";"42,27";"5,82";"1,94";"0,0";"18,61";"0,41";"4,12";"44,87"
"Joackim Fagerjord";"J. Fagerjord";"817465";"1998-07-22";"GAIS";"3534";"SWE - Allsvenskan";"90";"2025/2025";"128";"Midfield";"61,77";"36,76";"18,71";"18,06";"11";"1";"7758,27";"125,61";"1343,73";"251,55";"18,36";"18,27";"0,82";"269,82";"19,18";"24,25";"25,72";"67,45";"1,73";"61,73";"4,64";"0,82";"0,85";"null";"0,0";"null";"null";"13,73";"2,16";"2,93";"11304,83";"125,61";"1957,99";"366,54";"26,76";"26,63";"1,19";"393,16";"27,95";"98,29";"2,52";"89,94";"6,76";"1,19";"0,0";"20,0";"9503,86";"158,4";"2044,07";"388,28";"28,04";"23,74";"0,59";"412,02";"28,64";"80,42";"0,89";"69,58";"4,6";"2840,82";"151,87";"530,27";"48,09";"4,45";"4,55";"0,0";"52,64";"4,45";"23,73";"0,18";"18,91";"1,18";"0,09";"0,0";"5,18";"2982,45";"165,16";"722,18";"189,82";"12,73";"10,0";"0,36";"199,82";"13,09";"25,55";"0,36";"23,73";"1,64";"0,0";"0,0";"7,18";"4555,99";"151,87";"850,43";"77,13";"7,14";"7,29";"0,0";"84,42";"7,14";"38,05";"0,29";"30,33";"1,9";"0,15";"0,0";"8,31";"4954,91";"165,16";"1199,8";"315,35";"21,14";"16,61";"0,6";"331,97";"21,75";"42,44";"0,6";"39,42";"2,72";"0,0";"0,0";"11,93";"0,0";"0,15";"20,18"
"Anes Čardaklija";"A. Čardaklija";"817466";"2005-07-05";"GAIS";"3534";"SWE - Allsvenskan";"90";"2025/2025";"128";"Central Defender";"98,28";"54,89";"28,66";"26,22";"6";"0";"10725,0";"109,13";"1358,33";"377,83";"31,17";"73,17";"3,67";"451,0";"34,83";"27,48";"27,98";"119,17";"5,17";"97,17";"11,67";"4,0";"0,82";"0,91";"0,67";"null";"null";"17,17";"2,66";"null";"9821,37";"109,13";"1243,89";"346,0";"28,54";"67,0";"3,36";"413,0";"31,9";"109,13";"4,73";"88,98";"10,68";"3,66";"0,61";"15,72";"8266,21";"137,77";"1261,7";"375,32";"30,61";"67,59";"2,19";"442,92";"32,8";"90,19";"3,1";"69,42";"7,11";"3690,17";"128,74";"488,33";"86,67";"8,17";"12,0";"0,33";"98,67";"8,5";"37,67";"1,0";"30,33";"2,67";"0,5";"0,17";"4,5";"3871,5";"147,64";"665,83";"256,67";"19,83";"49,83";"1,67";"306,5";"21,5";"44,83";"1,83";"33,17";"3,83";"1,5";"0,33";"10,5";"3862,18";"128,74";"511,1";"90,71";"8,55";"12,56";"0,35";"103,27";"8,9";"39,42";"1,05";"31,75";"2,79";"0,52";"0,17";"4,71";"4429,26";"147,64";"761,76";"293,64";"22,69";"57,01";"1,91";"350,66";"24,6";"51,29";"2,1";"37,94";"4,39";"1,72";"0,38";"12,01";"0,55";"2,19";"16,4"
"August  Wängberg";"A. Wängberg";"817467";"1993-12-30";"GAIS";"3534";"SWE - Allsvenskan";"90";"2025/2025";"128";"Full Back";"93,27";"53,28";"27,76";"25,52";"23";"3";"11236,17";"120,47";"1789,17";"785,3";"66,83";"257,87";"13,83";"1043,17";"80,65";"28,77";"30,2";"121,35";"6,48";"103,17";"18,48";"5,13";"0,66";"0,68";"1,39";"1,34";"1,41";"30,22";"1,87";"2,65";"10841,95";"120,47";"1726,4";"757,75";"64,48";"248,82";"13,34";"1006,57";"77,82";"117,09";"6,25";"99,55";"17,83";"4,95";"1,34";"29,16";"9111,51";"151,86";"1754,74";"823,02";"68,94";"271,44";"13,56";"1094,46";"82,5";"99,24";"4,85";"73,78";"12,04";"4174,96";"150,37";"813,57";"390,61";"32,0";"126,96";"6,35";"517,57";"38,35";"42,61";"2,13";"32,04";"5,52";"1,57";"0,35";"11,3";"3916,35";"153,48";"744,7";"340,26";"29,22";"114,09";"5,7";"454,35";"34,91";"45,52";"2,17";"33,48";"5,17";"1,26";"0,48";"16,87";"4511,11";"150,37";"879,07";"422,06";"34,58";"137,18";"6,86";"559,24";"41,44";"46,04";"2,3";"34,62";"5,97";"1,69";"0,38";"12,21";"4604,33";"153,48";"875,52";"400,03";"34,35";"134,13";"6,7";"534,16";"41,05";"53,52";"2,56";"39,36";"6,08";"1,48";"0,56";"19,83";"0,93";"3,18";"31,73"
"Gustav Lundgren";"G. Lundgren";"817468";"1995-04-18";"GAIS";"3534";"SWE - Allsvenskan";"90";"2025/2025";"128";"Center Forward";"100,69";"55,78";"28,13";"27,65";"3";"0";"12408,67";"123,23";"2099,33";"811,67";"80,67";"323,67";"18,33";"1135,33";"99,0";"29,93";"29,93";"129,0";"10,67";"108,33";"18,33";"8,0";"0,73";"0,81";"2,33";"1,47";"1,54";"53,33";"2,09";"2,77";"11090,78";"123,23";"1876,37";"725,46";"72,1";"289,29";"16,39";"1014,75";"88,49";"115,3";"9,53";"96,83";"16,39";"7,15";"2,09";"47,67";"9579,08";"159,65";"2015,5";"803,55";"76,73";"323,07";"16,49";"1126,61";"93,23";"100,4";"6,81";"77,09";"11,83";"4199,33";"149,29";"807,67";"329,67";"32,0";"151,67";"7,0";"481,33";"39,0";"47,0";"2,67";"32,33";"4,33";"2,0";"1,0";"19,67";"4705,67";"170,19";"1066,0";"417,33";"39,33";"148,67";"8,33";"566,0";"47,67";"46,33";"3,67";"39,33";"6,67";"2,67";"0,33";"29,33";"4478,85";"149,29";"861,43";"351,61";"34,13";"161,76";"7,47";"513,37";"41,6";"50,13";"2,84";"34,49";"4,62";"2,13";"1,07";"20,98";"5105,61";"170,19";"1156,6";"452,8";"42,68";"161,3";"9,04";"614,1";"51,72";"50,27";"3,98";"42,68";"7,23";"2,89";"0,36";"31,83";"1,43";"5,02";"52,71"
"Gustav Lundgren";"G. Lundgren";"817468";"1995-04-18";"GAIS";"3534";"SWE - Allsvenskan";"90";"2025/2025";"128";"Midfield";"96,42";"56,51";"29,84";"26,68";"4";"0";"12183,5";"126,35";"2126,25";"738,75";"62,25";"202,0";"9,75";"940,75";"72,0";"28,38";"28,38";"129,5";"3,5";"113,5";"14,0";"2,25";"0,74";"null";"1,75";"1,33";"null";"44,25";"2,17";"2,92";"11371,69";"126,35";"1984,57";"689,53";"58,1";"188,54";"9,1";"878,07";"67,2";"120,87";"3,27";"105,94";"13,07";"2,1";"1,63";"41,3";"9532,85";"158,88";"2081,75";"736,03";"61,58";"197,21";"7,7";"933,24";"69,28";"102,99";"2,92";"80,42";"9,02";"4447,75";"149,07";"903,5";"235,75";"20,0";"38,25";"1,5";"274,0";"21,5";"46,25";"1,25";"33,75";"3,75";"0,5";"0,5";"15,5";"4531,0";"169,86";"1057,25";"457,5";"38,0";"147,5";"5,75";"605,0";"43,75";"50,75";"1,5";"42,0";"4,75";"1,0";"0,25";"25,75";"4471,97";"149,07";"908,42";"237,03";"20,11";"38,46";"1,51";"275,49";"21,62";"46,5";"1,26";"33,93";"3,77";"0,5";"0,5";"15,58";"5095,78";"169,86";"1189,03";"514,53";"42,74";"165,89";"6,47";"680,41";"49,2";"57,08";"1,69";"47,24";"5,34";"1,12";"0,28";"28,96";"0,8";"1,59";"43,8"
"Gustav Lundgren";"G. Lundgren";"817468";"1995-04-18";"GAIS";"3534";"SWE - Allsvenskan";"90";"2025/2025";"128";"Wide Attacker";"96,97";"55,4";"28,56";"26,84";"20";"3";"12058,4";"124,36";"2095,65";"811,9";"73,0";"244,4";"13,8";"1056,3";"86,8";"29,16";"30,72";"130,9";"12,15";"108,5";"19,05";"7,95";"0,62";"0,69";"1,95";"1,22";"1,51";"53,65";"1,96";"2,7";"11191,96";"124,36";"1945,07";"753,56";"67,75";"226,84";"12,81";"980,4";"80,56";"121,49";"11,28";"100,7";"17,68";"7,38";"1,81";"49,8";"9483,33";"158,06";"2064,95";"806,32";"72,23";"249,03";"12,89";"1055,35";"85,12";"104,56";"7,8";"77,38";"12,62";"4147,2";"145,22";"789,35";"294,25";"27,3";"98,75";"4,75";"393,0";"32,05";"49,95";"3,4";"33,1";"4,75";"2,05";"0,6";"19,55";"4609,6";"171,71";"1117,4";"450,3";"39,4";"131,2";"7,15";"581,5";"46,55";"46,6";"3,8";"38,35";"6,9";"2,6";"0,65";"30,05";"4356,56";"145,22";"829,2";"309,1";"28,68";"103,74";"4,99";"412,84";"33,67";"52,47";"3,57";"34,77";"4,99";"2,15";"0,63";"20,54";"5151,35";"171,71";"1248,72";"503,22";"44,03";"146,62";"7,99";"649,84";"52,02";"52,08";"4,25";"42,86";"7,71";"2,91";"0,73";"33,58";"1,35";"5,04";"53,72"
"Robin Frej";"R. Frej";"817471";"1998-04-07";"GAIS";"3534";"SWE - Allsvenskan";"90";"2025/2025";"128";"Central Defender";"97,83";"56,64";"29,03";"27,61";"13";"2";"10806,77";"110,46";"1349,23";"386,92";"31,92";"77,62";"4,31";"464,54";"36,23";"27,06";"28,96";"121,15";"4,0";"93,85";"9,62";"1,46";"0,83";"0,88";"0,23";"null";"null";"17,31";"2,01";"2,82";"9941,75";"110,46";"1241,23";"355,95";"29,37";"71,4";"3,96";"427,35";"33,33";"111,46";"3,68";"86,33";"8,85";"1,34";"0,21";"15,92";"8283,12";"138,05";"1218,14";"369,46";"29,91";"75,7";"3,5";"445,16";"33,41";"92,24";"2,77";"66,82";"5,38";"3806,38";"131,1";"459,85";"73,23";"6,46";"13,0";"0,54";"86,23";"7,0";"39,69";"0,77";"29,0";"1,54";"0,0";"0,0";"4,23";"4012,85";"145,36";"690,08";"275,54";"21,77";"58,46";"2,77";"334,0";"24,54";"47,38";"1,85";"34,08";"3,54";"0,92";"0,15";"11,54";"3933,12";"131,1";"475,16";"75,67";"6,68";"13,43";"0,56";"89,1";"7,23";"41,01";"0,79";"29,97";"1,59";"0,0";"0,0";"4,37";"4360,78";"145,36";"749,91";"299,43";"23,66";"63,53";"3,01";"362,96";"26,67";"51,49";"2,01";"37,03";"3,85";"1,0";"0,17";"12,54";"0,16";"0,98";"16,7"
"Robin Frej";"R. Frej";"817471";"1998-04-07";"GAIS";"3534";"SWE - Allsvenskan";"90";"2025/2025";"128";"Full Back";"94,18";"54,06";"26,68";"27,38";"8";"0";"10764,62";"114,3";"1573,0";"519,88";"43,0";"107,38";"6,0";"627,25";"49,0";"27,54";"28,4";"127,62";"5,25";"103,75";"15,88";"3,62";"0,85";"1,1";"0,75";"1,68";"null";"25,25";"2,35";"2,81";"10286,95";"114,3";"1503,2";"496,81";"41,09";"102,61";"5,73";"599,42";"46,83";"121,96";"5,02";"99,15";"15,17";"3,46";"0,72";"24,13";"8570,44";"142,84";"1524,7";"522,01";"42,17";"110,42";"5,13";"632,44";"47,3";"102,79";"4,44";"74,49";"9,85";"3667,38";"137,45";"606,62";"165,88";"13,25";"41,25";"1,62";"207,12";"14,88";"42,5";"1,88";"31,88";"3,62";"0,88";"0,25";"6,38";"4055,25";"148,09";"767,25";"304,5";"24,75";"58,25";"3,0";"362,75";"27,75";"50,12";"2,12";"35,25";"5,25";"1,12";"0,38";"16,5";"4123,54";"137,45";"682,08";"186,51";"14,9";"46,38";"1,83";"232,89";"16,73";"47,79";"2,11";"35,84";"4,08";"0,98";"0,28";"7,17";"4442,76";"148,09";"840,57";"333,6";"27,12";"63,82";"3,29";"397,41";"30,4";"54,91";"2,33";"38,62";"5,75";"1,23";"0,41";"18,08";"0,69";"2,22";"25,39"
"Robin Wendin Thomasson";"R. Wendin Thomasson";"817473";"1999-03-26";"GAIS";"3534";"SWE - Allsvenskan";"90";"2025/2025";"128";"Full Back";"79,2";"45,84";"22,99";"22,85";"11";"3";"9475,91";"119,65";"1418,0";"599,45";"53,0";"201,91";"11,0";"801,36";"64,0";"29,14";"30,3";"106,27";"5,55";"91,0";"15,36";"3,64";"0,7";"0,7";"1,09";"1,53";"1,53";"27,36";"2,07";"2,57";"10768,49";"119,65";"1611,43";"681,22";"60,23";"229,45";"12,5";"910,68";"72,73";"120,77";"6,3";"103,41";"17,46";"4,13";"1,24";"31,1";"8933,3";"148,89";"1618,23";"714,22";"62,12";"250,73";"12,49";"964,94";"74,61";"101,86";"5,12";"78,54";"11,19";"3397,55";"147,81";"590,73";"245,82";"21,91";"112,36";"5,0";"358,18";"26,91";"35,0";"1,82";"28,0";"3,36";"1,18";"0,18";"9,36";"3427,18";"149,98";"645,55";"299,82";"25,55";"79,18";"4,55";"379,0";"30,09";"42,82";"2,09";"32,0";"5,18";"1,36";"0,64";"15,64";"4434,21";"147,81";"770,97";"320,82";"28,59";"146,65";"6,53";"467,47";"35,12";"45,68";"2,37";"36,54";"4,39";"1,54";"0,24";"12,22";"4499,28";"149,98";"847,49";"393,61";"33,54";"103,95";"5,97";"497,56";"39,5";"56,21";"2,74";"42,01";"6,8";"1,79";"0,84";"20,53";"1,07";"3,33";"32,72"
"Hampus Skoglund";"H. Skoglund";"817668";"2004-03-01";"Hammarby IF";"1478";"SWE - Allsvenskan";"90";"2025/2025";"128";"Full Back";"88,55";"50,91";"31,21";"19,7";"22";"2";"11024,36";"124,5";"1857,41";"853,73";"70,0";"240,95";"13,68";"1094,68";"83,68";"28,47";"29,98";"123,36";"6,27";"102,5";"18,55";"4,27";"0,64";"0,69";"1,18";"1,38";"1,49";"47,91";"1,9";"2,58";"11204,98";"124,5";"1887,84";"867,71";"71,15";"244,9";"13,91";"1112,62";"85,05";"125,38";"6,38";"104,18";"18,85";"4,34";"1,2";"48,69";"9509,69";"158,49";"1948,22";"942,55";"76,72";"269,11";"14,36";"1211,66";"91,08";"107,1";"5,3";"79,88";"13,88";"4835,41";"154,95";"938,82";"428,23";"35,5";"120,09";"6,91";"548,32";"42,41";"53,95";"2,77";"42,82";"7,73";"1,73";"0,36";"22,14";"3232,82";"164,1";"714,09";"371,45";"29,59";"108,23";"5,27";"479,68";"34,86";"36,91";"1,73";"24,95";"4,05";"1,09";"0,27";"21,14";"4648,64";"154,95";"902,56";"411,69";"34,13";"115,45";"6,64";"527,14";"40,77";"51,87";"2,67";"41,16";"7,43";"1,66";"0,35";"21,28";"4923,07";"164,1";"1087,45";"565,67";"45,06";"164,81";"8,03";"730,48";"53,09";"56,21";"2,63";"38,0";"6,16";"1,66";"0,42";"32,19";"0,75";"3,32";"51,0"
"Kingsley Gyamfi";"K. Gyamfi";"817669";"2004-03-15";"Östers IF";"4623";"SWE - Allsvenskan";"90";"2025/2025";"128";"Central Defender";"82,25";"48,11";"21,98";"26,13";"6";"1";"8625,67";"104,87";"1180,33";"376,5";"37,83";"111,83";"6,67";"488,33";"44,5";"29,58";"29,96";"99,33";"5,33";"88,17";"12,0";"4,17";"0,66";"0,73";"2,0";"1,44";"1,58";"19,0";"2,18";"null";"9438,1";"104,87";"1291,51";"411,96";"41,4";"122,37";"7,29";"534,33";"48,69";"108,69";"5,84";"96,47";"13,13";"4,56";"2,19";"20,79";"8005,43";"133,42";"1310,51";"420,9";"41,36";"128,24";"7,48";"549,15";"48,85";"87,51";"3,95";"71,92";"7,48";"2876,33";"130,86";"416,5";"83,33";"8,0";"15,5";"1,17";"98,83";"9,17";"24,5";"1,17";"22,17";"2,33";"0,83";"0,0";"4,5";"3542,83";"135,58";"634,33";"254,17";"25,17";"87,33";"4,83";"341,5";"30,0";"45,67";"2,0";"35,5";"3,67";"1,5";"1,0";"12,83";"3925,74";"130,86";"568,46";"113,74";"10,92";"21,16";"1,59";"134,89";"12,51";"33,44";"1,59";"30,25";"3,18";"1,14";"0,0";"6,14";"4067,46";"135,58";"728,27";"291,8";"28,89";"100,27";"5,55";"392,07";"34,44";"52,43";"2,3";"40,76";"4,21";"1,72";"1,15";"14,73";"1,25";"2,91";"21,62"
"Kingsley Gyamfi";"K. Gyamfi";"817669";"2004-03-15";"Östers IF";"4623";"SWE - Allsvenskan";"90";"2025/2025";"128";"Full Back";"96,07";"53,05";"26,58";"26,48";"6";"0";"9957,0";"103,64";"1389,33";"596,17";"55,5";"188,0";"9,17";"784,17";"64,67";"30,2";"30,6";"118,33";"7,0";"100,0";"19,33";"6,33";"0,68";"0,83";"2,33";"1,47";"null";"30,5";"2,42";"null";"9327,67";"103,64";"1301,52";"558,49";"51,99";"176,12";"8,59";"734,6";"60,58";"110,85";"6,56";"93,68";"18,11";"5,93";"2,19";"28,57";"8043,69";"134,06";"1370,15";"621,65";"55,79";"195,65";"8,86";"817,3";"64,65";"97,64";"5,47";"71,06";"12,25";"3431,83";"129,12";"563,5";"203,33";"20,0";"60,67";"2,83";"264,0";"22,83";"37,17";"2,5";"27,33";"4,83";"2,0";"0,67";"8,17";"3680,5";"139,02";"648,0";"346,33";"29,33";"112,33";"5,0";"458,67";"34,33";"49,17";"2,33";"35,5";"6,0";"2,17";"0,67";"19,5";"3873,72";"129,12";"636,06";"229,52";"22,58";"68,48";"3,2";"297,99";"25,77";"41,95";"2,82";"30,85";"5,46";"2,26";"0,75";"9,22";"4170,54";"139,02";"734,28";"392,45";"33,24";"127,29";"5,67";"519,74";"38,9";"55,71";"2,64";"40,23";"6,8";"2,46";"0,76";"22,1";"1,51";"4,71";"31,29"
"Kingsley Gyamfi";"K. Gyamfi";"817669";"2004-03-15";"Östers IF";"4623";"SWE - Allsvenskan";"90";"2025/2025";"128";"Midfield";"77,34";"43,5";"22,75";"20,75";"4";"0";"9263,5";"119,77";"1464,0";"381,75";"38,0";"132,0";"5,75";"513,75";"43,75";"28,23";"28,23";"102,5";"4,75";"92,5";"10,25";"3,5";"0,77";"0,89";"0,75";"null";"null";"21,75";"2,5";"2,79";"10779,64";"119,77";"1703,61";"444,23";"44,22";"153,6";"6,69";"597,83";"50,91";"119,28";"5,53";"107,64";"11,93";"4,07";"0,87";"25,31";"9338,62";"155,64";"1861,38";"502,41";"48,62";"179,31";"6,9";"681,72";"55,52";"104,48";"4,48";"83,79";"7,93";"3338,0";"146,75";"505,5";"64,5";"8,0";"13,75";"0,75";"78,25";"8,75";"32,25";"1,5";"28,75";"1,75";"0,5";"0,25";"4,75";"3432,5";"165,39";"844,0";"299,75";"27,25";"116,25";"4,25";"416,0";"31,5";"43,5";"1,75";"32,0";"4,0";"1,5";"0,25";"15,0";"4402,56";"146,75";"666,72";"85,07";"10,55";"18,14";"0,99";"103,21";"11,54";"42,54";"1,98";"37,92";"2,31";"0,66";"0,33";"6,26";"4961,65";"165,39";"1220,0";"433,29";"39,39";"168,04";"6,14";"601,33";"45,53";"62,88";"2,53";"46,26";"5,78";"2,17";"0,36";"21,68";"0,69";"2,76";"27,24"
"Julius Lindberg";"J. Lindberg";"817775";"1999-01-04";"BK Hacken";"523";"SWE - Allsvenskan";"90";"2025/2025";"128";"Full Back";"77,53";"45,58";"25,2";"20,38";"12";"1";"9259,33";"119,42";"1438,08";"619,83";"59,17";"243,17";"13,25";"863,0";"72,42";"29,75";"30,4";"101,25";"6,92";"85,33";"17,67";"4,83";"0,66";"0,68";"1,42";"1,35";"1,59";"33,33";"2,03";"2,84";"10747,96";"119,42";"1669,28";"719,48";"68,68";"282,26";"15,38";"1001,74";"84,06";"117,53";"8,03";"99,05";"20,51";"5,61";"1,64";"38,69";"8922,12";"148,7";"1671,55";"750,87";"68,78";"287,29";"15,25";"1038,16";"84,03";"99,93";"6,47";"72,73";"13,16";"3684,5";"146,23";"684,08";"268,0";"25,25";"96,25";"5,0";"364,25";"30,25";"38,83";"3,17";"28,75";"5,33";"2,25";"0,67";"14,75";"3093,42";"151,76";"585,75";"302,42";"27,0";"122,0";"6,58";"424,42";"33,58";"37,08";"1,75";"26,5";"4,67";"1,08";"0,5";"16,25";"4386,79";"146,23";"814,47";"319,08";"30,06";"114,6";"5,95";"433,68";"36,02";"46,24";"3,77";"34,23";"6,35";"2,68";"0,79";"17,56";"4552,86";"151,76";"862,1";"445,09";"39,74";"179,56";"9,69";"624,65";"49,43";"54,58";"2,58";"39,0";"6,87";"1,59";"0,74";"23,92";"1,54";"4,39";"40,81"
"Julius Lindberg";"J. Lindberg";"817775";"1999-01-04";"BK Hacken";"523";"SWE - Allsvenskan";"90";"2025/2025";"128";"Wide Attacker";"89,89";"51,9";"27,81";"24,09";"6";"0";"10881,67";"121,05";"1774,67";"727,67";"65,67";"243,67";"13,83";"971,33";"79,5";"28,5";"28,82";"120,83";"8,83";"100,83";"19,0";"6,5";"0,75";"0,81";"1,33";"1,35";"null";"41,67";"2,1";"2,72";"10894,78";"121,05";"1776,81";"728,54";"65,75";"243,96";"13,85";"972,5";"79,6";"120,98";"8,84";"100,95";"19,02";"6,51";"1,33";"41,72";"9199,72";"153,33";"1873,9";"783,86";"69,56";"269,76";"14,64";"1053,62";"84,2";"108,1";"6,94";"75,53";"12,52";"4200,5";"151,04";"796,0";"385,67";"33,5";"152,0";"8,33";"537,67";"41,83";"49,67";"3,67";"33,17";"4,83";"3,0";"0,67";"18,0";"3756,83";"155,98";"824,83";"292,33";"26,67";"81,33";"4,33";"373,67";"31,0";"43,83";"2,33";"32,17";"6,0";"1,5";"0,5";"20,17";"4531,1";"151,04";"858,65";"416,02";"36,14";"163,96";"8,99";"579,98";"45,13";"53,58";"3,96";"35,78";"5,21";"3,24";"0,72";"19,42";"4679,25";"155,98";"1027,36";"364,11";"33,21";"101,3";"5,4";"465,41";"38,61";"54,6";"2,91";"40,06";"7,47";"1,87";"0,62";"25,12";"1,35";"5,2";"44,13"
"Jakob Kiilerich Rask";"J. Kiilerich";"817777";"2000-05-10";"Mjällby AIF";"1486";"SWE - Allsvenskan";"90";"2025/2025";"128";"Central Defender";"95,88";"55,43";"29,35";"26,08";"11";"1";"10430,36";"108,79";"1257,36";"392,73";"37,45";"118,82";"6,27";"511,55";"43,73";"29,36";"30,64";"113,91";"5,73";"88,27";"10,55";"3,0";"0,59";"0,59";"0,27";"null";"null";"27,55";"1,99";"2,93";"9790,98";"108,79";"1180,29";"368,65";"35,16";"111,53";"5,89";"480,19";"41,05";"106,93";"5,38";"82,86";"9,9";"2,82";"0,26";"25,86";"8124,26";"135,4";"1170,38";"367,36";"34,15";"113,76";"5,51";"481,12";"39,66";"85,52";"3,35";"62,78";"5,9";"3835,55";"130,69";"517,0";"109,36";"10,36";"22,27";"1,27";"131,64";"11,64";"35,73";"1,18";"26,55";"2,64";"0,36";"0,0";"7,55";"3669,55";"140,71";"564,18";"230,0";"21,18";"82,82";"3,82";"312,82";"25,0";"43,27";"1,91";"31,45";"2,82";"1,27";"0,09";"16,91";"3920,69";"130,69";"528,48";"111,79";"10,59";"22,77";"1,3";"134,56";"11,89";"36,52";"1,21";"27,13";"2,69";"0,37";"0,0";"7,71";"4221,3";"140,71";"649,01";"264,58";"24,37";"95,27";"4,39";"359,85";"28,76";"49,78";"2,2";"36,18";"3,24";"1,46";"0,1";"19,45";"0,1";"1,77";"26,47"
"Noah Tolf";"N. Tolf";"818365";"2005-08-13";"IFK Göteborg";"1480";"SWE - Allsvenskan";"90";"2025/2025";"128";"Full Back";"93,61";"50,8";"26,16";"24,65";"26";"1";"10446,0";"111,59";"1446,35";"586,31";"53,31";"167,35";"9,58";"753,65";"62,88";"28,5";"29,94";"113,08";"5,62";"93,92";"16,19";"3,96";"0,66";"0,72";"1,19";"1,25";"1,44";"31,38";"1,94";"2,74";"10042,99";"111,59";"1390,55";"563,69";"51,25";"160,89";"9,21";"724,58";"60,46";"108,71";"5,4";"90,3";"15,57";"3,81";"1,15";"30,17";"8500,87";"141,68";"1463,81";"631,4";"56,92";"179,75";"9,63";"811,15";"66,55";"97,21";"4,5";"70,82";"11,4";"3664,65";"140,11";"599,12";"249,08";"22,92";"75,92";"3,88";"325,0";"26,81";"39,38";"1,85";"28,65";"4,31";"1,23";"0,31";"11,73";"3533,12";"143,35";"640,31";"285,54";"25,27";"76,27";"4,27";"361,81";"29,54";"42,92";"1,96";"31,31";"5,35";"1,27";"0,5";"16,69";"4203,16";"140,11";"687,15";"285,68";"26,29";"87,08";"4,46";"372,76";"30,75";"45,17";"2,12";"32,86";"4,94";"1,41";"0,35";"13,45";"4300,61";"143,35";"779,4";"347,57";"30,76";"92,84";"5,2";"440,4";"35,96";"52,25";"2,39";"38,11";"6,51";"1,54";"0,61";"20,32";"0,95";"2,95";"33,57"
"Kenan Busuladžić";"K. Busuladžić";"818428";"2007-02-06";"Malmo FF";"426";"SWE - Allsvenskan";"90";"2025/2025";"128";"Midfield";"60,66";"34,42";"17,97";"16,45";"8";"0";"7810,75";"128,77";"1465,62";"458,25";"34,25";"52,25";"3,0";"510,5";"37,25";"26,09";"26,82";"81,38";"2,38";"68,25";"8,25";"0,88";"0,78";"null";"0,38";"null";"null";"30,38";"1,96";"2,97";"11588,97";"128,77";"2174,58";"679,91";"50,82";"77,52";"4,45";"757,44";"55,27";"120,74";"3,52";"101,26";"12,24";"1,3";"0,56";"45,07";"10008,09";"166,8";"2317,77";"742,01";"54,7";"86,95";"3,49";"828,96";"58,18";"104,82";"1,96";"78,89";"8,72";"2925,62";"162,84";"626,38";"145,12";"12,5";"15,5";"0,75";"160,62";"13,25";"28,75";"0,5";"21,75";"2,12";"0,0";"0,0";"11,0";"2815,12";"171,13";"703,12";"280,5";"18,88";"34,38";"1,25";"314,88";"20,12";"31,38";"0,62";"23,5";"2,88";"0,38";"0,12";"17,5";"4885,09";"162,84";"1045,9";"242,32";"20,87";"25,88";"1,25";"268,21";"22,12";"48,01";"0,83";"36,32";"3,55";"0,0";"0,0";"18,37";"5133,97";"171,13";"1282,29";"511,55";"34,42";"62,69";"2,28";"574,24";"36,7";"57,22";"1,14";"42,86";"5,24";"0,68";"0,23";"31,91";"0,22";"0,65";"49,69"
"Nils Zätterström";"N. Zätterström";"819159";"2005-03-29";"Malmo FF";"426";"SWE - Allsvenskan";"90";"2025/2025";"128";"Central Defender";"78,62";"44,8";"24,45";"20,36";"9";"0";"8278,22";"105,29";"1057,67";"377,33";"37,11";"145,67";"7,0";"523,0";"44,11";"29,14";"30,54";"90,78";"6,11";"72,11";"10,33";"2,89";"0,64";"0,76";"0,56";"1,3";"null";"18,22";"2,09";"null";"9476,42";"105,29";"1210,75";"431,95";"42,48";"166,75";"8,01";"598,7";"50,5";"103,92";"7,0";"82,55";"11,83";"3,31";"0,64";"20,86";"8002,46";"133,37";"1228,47";"455,32";"43,9";"179,75";"8,04";"635,07";"51,93";"82,43";"5,51";"60,71";"7,74";"2984,67";"122,08";"386,33";"98,44";"10,0";"25,78";"1,44";"124,22";"11,44";"23,56";"1,56";"19,78";"2,22";"0,22";"0,0";"4,33";"2991,0";"146,94";"531,0";"241,56";"22,78";"108,44";"4,56";"350,0";"27,33";"38,0";"2,56";"25,56";"3,56";"1,22";"0,22";"12,56";"3662,45";"122,08";"474,06";"120,8";"12,27";"31,63";"1,77";"152,43";"14,04";"28,9";"1,91";"24,27";"2,73";"0,27";"0,0";"5,32";"4408,13";"146,94";"782,59";"356,0";"33,57";"159,83";"6,71";"515,83";"40,28";"56,0";"3,77";"37,66";"5,24";"1,8";"0,33";"18,5";"0,3";"1,93";"22,62"
"Filip Beckman";"F. Beckman";"834317";"2003-02-10";"GAIS";"3534";"SWE - Allsvenskan";"90";"2025/2025";"128";"Central Defender";"93,5";"53,14";"26,57";"26,57";"13";"2";"10243,85";"109,56";"1288,31";"369,77";"31,92";"100,31";"4,69";"470,08";"36,62";"28,25";"29,54";"103,31";"3,92";"82,0";"8,46";"1,77";"0,68";"null";"0,31";"null";"null";"20,46";"2,2";"2,92";"9860,79";"109,56";"1240,13";"355,94";"30,73";"96,56";"4,52";"452,5";"35,25";"99,44";"3,78";"78,93";"8,15";"1,7";"0,3";"19,7";"8351,14";"139,19";"1253,09";"366,4";"32,39";"103,87";"3,65";"470,27";"36,04";"83,72";"2,78";"62,96";"5,3";"3553,0";"133,71";"470,92";"78,62";"6,62";"15,54";"0,54";"94,15";"7,15";"29,38";"0,69";"23,31";"1,77";"0,15";"0,08";"5,08";"3844,0";"144,66";"639,0";"245,92";"22,08";"76,46";"2,69";"322,38";"24,77";"44,77";"1,77";"32,46";"2,92";"0,77";"0,15";"12,85";"4011,2";"133,71";"531,65";"88,75";"7,47";"17,54";"0,61";"106,3";"8,08";"33,17";"0,78";"26,31";"2,0";"0,17";"0,09";"5,73";"4339,94";"144,66";"721,44";"277,65";"24,93";"86,33";"3,04";"363,98";"27,96";"50,55";"2,0";"36,65";"3,3";"0,87";"0,17";"14,5";"0,26";"1,04";"20,23"
"Daniel Ask";"D. Ask";"834536";"1998-12-20";"Östers IF";"4623";"SWE - Allsvenskan";"90";"2025/2025";"128";"Midfield";"75,01";"41,95";"20,47";"21,48";"20";"1";"9381,9";"125,08";"1811,2";"632,3";"49,1";"166,35";"8,1";"798,65";"57,2";"27,7";"28,94";"98,6";"3,1";"86,55";"10,95";"2,05";"0,72";"0,77";"0,6";"1,51";"1,71";"27,6";"1,93";"2,78";"11257,4";"125,08";"2173,27";"758,7";"58,92";"199,6";"9,72";"958,31";"68,63";"118,31";"3,72";"103,85";"13,14";"2,46";"0,72";"33,12";"9878,8";"164,65";"2347,23";"806,36";"65,21";"187,2";"10,08";"993,56";"75,29";"100,54";"2,57";"79,73";"9,01";"3287,45";"160,57";"758,25";"202,35";"16,95";"39,0";"2,4";"241,35";"19,35";"29,55";"0,75";"23,55";"2,0";"0,45";"0,1";"7,8";"3620,3";"168,53";"883,05";"361,5";"28,65";"91,9";"4,65";"453,4";"33,3";"40,75";"1,05";"32,2";"4,3";"0,55";"0,05";"17,75";"4817,17";"160,57";"1111,08";"296,51";"24,84";"57,15";"3,52";"353,66";"28,35";"43,3";"1,1";"34,51";"2,93";"0,66";"0,15";"11,43";"5055,89";"168,53";"1233,21";"504,85";"40,01";"128,34";"6,49";"633,19";"46,5";"56,91";"1,47";"44,97";"6,01";"0,77";"0,07";"24,79";"0,21";"1,43";"36,54"
"Severin Nioule";"S. Nioule";"834538";"2005-03-03";"BK Hacken";"523";"SWE - Allsvenskan";"90";"2025/2025";"128";"Wide Attacker";"72,66";"41,86";"23,22";"18,64";"15";"2";"8277,53";"113,92";"1218,27";"584,47";"59,47";"319,73";"14,4";"904,2";"73,87";"31,71";"33,1";"93,8";"8,8";"77,53";"14,87";"7,13";"0,56";"0,59";"3,2";"1,07";"1,22";"38,4";"1,94";"2,66";"10253,09";"113,92";"1509,02";"723,96";"73,66";"396,04";"17,84";"1120,0";"91,5";"116,19";"10,9";"96,04";"18,41";"8,84";"3,96";"47,56";"8597,82";"143,3";"1571,73";"756,58";"77,01";"396,06";"18,06";"1152,64";"95,07";"101,95";"8,22";"71,76";"12,52";"3147,33";"135,52";"513,6";"277,13";"29,6";"186,47";"8,2";"463,6";"37,8";"39,93";"3,2";"27,27";"3,93";"2,6";"1,53";"17,73";"2851,4";"152,99";"583,0";"250,73";"24,13";"89,87";"4,4";"340,6";"28,53";"31,2";"2,53";"22,8";"4,8";"2,13";"0,67";"17,73";"4065,54";"135,52";"663,44";"357,98";"38,24";"240,87";"10,59";"598,85";"48,83";"51,58";"4,13";"35,22";"5,08";"3,36";"1,98";"22,91";"4589,71";"152,99";"938,42";"403,59";"38,85";"144,65";"7,08";"548,24";"45,93";"50,22";"4,08";"36,7";"7,73";"3,43";"1,07";"28,54";"3,15";"6,78";"50,83"
"Lukas Björklund";"L. Björklund";"838628";"2004-02-16";"IF Brommapojkarna";"2941";"SWE - Allsvenskan";"90";"2025/2025";"128";"Center Forward";"77,62";"46,3";"17,82";"28,47";"4";"0";"9788,75";"126,11";"1777,75";"662,5";"62,25";"119,75";"7,5";"782,25";"69,75";"27,43";"27,43";"110,5";"5,5";"90,25";"14,5";"3,5";"0,77";"0,8";"0,5";"null";"null";"47,5";"2,16";"2,76";"11349,88";"126,11";"2061,27";"768,16";"72,18";"138,85";"8,7";"907,01";"80,87";"128,12";"6,38";"104,64";"16,81";"4,06";"0,58";"55,08";"9579,48";"159,66";"2154,95";"814,22";"75,17";"151,63";"7,45";"965,85";"82,62";"108,22";"4,54";"81,32";"11,99";"2938,25";"164,84";"709,0";"315,5";"29,5";"81,5";"3,25";"397,0";"32,75";"34,0";"1,5";"21,5";"3,75";"0,75";"0,0";"22,25";"4453,25";"156,41";"953,75";"312,75";"28,5";"35,5";"2,5";"348,25";"31,0";"49,5";"2,0";"41,25";"5,5";"1,5";"0,25";"21,25";"4945,16";"164,84";"1193,27";"531,0";"49,65";"137,17";"5,47";"668,16";"55,12";"57,22";"2,52";"36,19";"6,31";"1,26";"0,0";"37,45";"4692,43";"156,41";"1004,98";"329,55";"30,03";"37,41";"2,63";"366,95";"32,67";"52,16";"2,11";"43,47";"5,8";"1,58";"0,26";"22,39";"0,32";"2,92";"56,38"
"Lukas Björklund";"L. Björklund";"838628";"2004-02-16";"IF Brommapojkarna";"2941";"SWE - Allsvenskan";"90";"2025/2025";"128";"Midfield";"65,16";"35,58";"18,89";"16,69";"3";"0";"8046,33";"123,48";"1468,67";"446,33";"40,33";"70,67";"4,0";"517,0";"44,33";"26,47";"26,47";"84,33";"2,67";"71,33";"8,33";"2,0";"null";"null";"0,33";"null";"null";"25,67";"2,29";"null";"11113,53";"123,48";"2028,51";"616,47";"55,71";"97,6";"5,52";"714,08";"61,23";"116,48";"3,68";"98,53";"11,51";"2,76";"0,46";"35,45";"9684,13";"161,4";"2217,11";"694,82";"62,4";"115,8";"5,06";"810,62";"67,46";"105,12";"2,81";"76,45";"8,43";"3067,67";"162,41";"718,67";"246,33";"21,33";"41,67";"1,67";"288,0";"23,0";"32,0";"1,0";"23,0";"2,33";"0,67";"0,33";"10,67";"2674,67";"160,27";"596,0";"165,67";"15,67";"27,0";"1,33";"192,67";"17,0";"30,33";"0,67";"22,33";"2,67";"0,0";"0,0";"13,33";"4872,18";"162,41";"1141,41";"391,24";"33,88";"66,18";"2,65";"457,41";"36,53";"50,82";"1,59";"36,53";"3,71";"1,06";"0,53";"16,94";"4807,99";"160,27";"1071,37";"297,8";"28,16";"48,54";"2,4";"346,34";"30,56";"54,53";"1,2";"40,15";"4,79";"0,0";"0,0";"23,97";"0,56";"1,12";"40,47"
"Matias Siltanen";"M. Siltanen";"840205";"2007-03-29";"Djurgardens IF";"522";"SWE - Allsvenskan";"90";"2025/2025";"128";"Midfield";"92,17";"49,86";"26,39";"23,47";"26";"2";"11445,5";"124,18";"2273,62";"669,88";"56,69";"161,54";"8,42";"831,42";"65,12";"27,93";"30,44";"129,5";"5,65";"111,88";"19,42";"4,27";"0,61";"0,64";"0,85";"1,2";"1,27";"42,35";"1,88";"2,61";"11175,97";"124,18";"2220,07";"654,11";"55,36";"157,73";"8,22";"811,84";"63,58";"126,45";"5,52";"109,25";"18,97";"4,17";"0,83";"41,35";"9998,4";"166,64";"2500,93";"755,36";"62,48";"184,77";"8,24";"940,13";"70,72";"115,16";"4,58";"86,97";"14,3";"4234,04";"160,47";"1013,58";"216,73";"18,08";"51,96";"1,69";"268,69";"19,77";"46,73";"1,81";"36,23";"4,54";"1,31";"0,23";"13,65";"4074,46";"173,58";"1064,65";"410,96";"33,85";"101,58";"5,15";"512,54";"39,0";"48,96";"2,0";"36,04";"7,35";"1,54";"0,19";"25,73";"4813,98";"160,47";"1152,41";"246,42";"20,55";"59,08";"1,92";"305,5";"22,48";"53,13";"2,06";"41,19";"5,16";"1,49";"0,26";"15,52";"5207,41";"173,58";"1360,69";"525,23";"43,26";"129,82";"6,59";"655,05";"49,84";"62,58";"2,56";"46,06";"9,39";"1,97";"0,25";"32,89";"0,51";"3,43";"47,4"
"Juhani Pikkarainen";"J. Pikkarainen";"842870";"1998-07-30";"Degerfors IF";"1736";"SWE - Allsvenskan";"90";"2025/2025";"128";"Central Defender";"90,38";"47,49";"22,7";"24,79";"19";"2";"9422,63";"104,25";"1218,53";"371,37";"33,11";"88,0";"4,63";"459,37";"37,74";"28,23";"30,22";"94,05";"4,42";"74,47";"8,79";"2,47";"0,68";"0,73";"0,11";"null";"null";"19,11";"2,16";"2,79";"9382,76";"104,25";"1213,37";"369,8";"32,97";"87,63";"4,61";"457,42";"37,58";"93,65";"4,4";"74,16";"8,75";"2,46";"0,1";"19,02";"8132,42";"135,54";"1292,03";"412,88";"36,44";"101,81";"4,65";"514,68";"41,09";"82,72";"3,72";"60,05";"5,65";"2917,53";"128,55";"423,21";"76,53";"6,47";"15,53";"0,53";"92,05";"7,0";"23,58";"1,26";"18,26";"1,42";"0,37";"0,0";"4,47";"3519,21";"141,94";"599,42";"250,26";"22,37";"65,05";"3,16";"315,32";"25,53";"41,89";"1,68";"29,26";"3,05";"0,74";"0,11";"12,74";"3856,51";"128,55";"559,42";"101,16";"8,56";"20,52";"0,7";"121,68";"9,25";"31,17";"1,67";"24,14";"1,88";"0,49";"0,0";"5,91";"4258,16";"141,94";"725,29";"302,81";"27,07";"78,71";"3,82";"381,52";"30,89";"50,69";"2,04";"35,41";"3,69";"0,89";"0,13";"15,41";"0,13";"1,4";"21,74"
"Leo Håkan Östman";"L. Östman";"847435";"2006-03-15";"IF Elfsborg";"1483";"SWE - Allsvenskan";"90";"2025/2025";"128";"Center Forward";"58,04";"32,7";"16,02";"16,68";"5";"0";"6572,6";"113,25";"902,2";"358,0";"33,2";"88,2";"5,0";"446,2";"38,2";"27,82";"27,82";"77,8";"5,0";"65,0";"9,6";"2,8";"0,81";"0,81";"0,4";"null";"null";"27,0";"2,3";"null";"10192,42";"113,25";"1399,08";"555,17";"51,48";"136,78";"7,75";"691,94";"59,24";"120,65";"7,75";"100,8";"14,89";"4,34";"0,62";"41,87";"8593,25";"143,22";"1489,02";"630,03";"57,24";"149,71";"7,34";"779,74";"64,58";"98,71";"5,14";"76,32";"10,64";"2184,2";"136,31";"385,6";"193,8";"17,4";"58,0";"3,0";"251,8";"20,4";"26,6";"1,4";"17,8";"2,2";"0,6";"0,2";"12,6";"2499,6";"149,86";"426,0";"149,6";"13,8";"23,6";"1,0";"173,2";"14,8";"27,2";"1,4";"23,8";"3,6";"1,0";"0,0";"12,2";"4089,41";"136,31";"721,95";"362,85";"32,58";"108,59";"5,62";"471,44";"38,19";"49,8";"2,62";"33,33";"4,12";"1,12";"0,37";"23,59";"4495,68";"149,86";"766,19";"269,06";"24,82";"42,45";"1,8";"311,51";"26,62";"48,92";"2,52";"42,81";"6,47";"1,8";"0,0";"21,94";"0,37";"2,94";"45,5"
"Leo Håkan Östman";"L. Östman";"847435";"2006-03-15";"IF Elfsborg";"1483";"SWE - Allsvenskan";"90";"2025/2025";"128";"Wide Attacker";"57,65";"33,08";"15,25";"17,82";"9";"0";"7130,11";"123,68";"1148,33";"433,22";"41,11";"148,67";"7,89";"581,89";"49,0";"29,04";"29,86";"80,44";"5,56";"67,78";"11,89";"4,22";"0,67";"0,7";"1,11";"1,64";"null";"30,0";"2,1";"2,92";"11130,78";"123,68";"1792,66";"676,3";"64,18";"232,08";"12,32";"908,38";"76,49";"125,58";"8,67";"105,81";"18,56";"6,59";"1,73";"46,83";"9196,22";"153,27";"1875,68";"728,22";"68,53";"241,67";"12,09";"969,89";"80,62";"102,59";"5,64";"78,0";"12,29";"2258,33";"148,07";"432,78";"209,33";"20,11";"75,11";"3,78";"284,44";"23,89";"27,0";"1,67";"16,89";"3,0";"1,11";"0,44";"14,56";"2811,22";"157,72";"601,22";"192,11";"17,67";"58,11";"2,89";"250,22";"20,56";"29,56";"1,44";"26,11";"3,78";"1,33";"0,11";"13,44";"4442,08";"148,07";"851,26";"411,75";"39,56";"147,74";"7,43";"559,49";"46,99";"53,11";"3,28";"33,22";"5,9";"2,19";"0,87";"28,63";"4731,62";"157,72";"1011,93";"323,35";"29,74";"97,81";"4,86";"421,15";"34,6";"49,75";"2,43";"43,95";"6,36";"2,24";"0,19";"22,63";"1,01";"4,43";"50,79"
"Issiaga Camara";"I. Camara";"864707";"2005-02-02";"IF Brommapojkarna";"2941";"SWE - Allsvenskan";"90";"2025/2025";"128";"Midfield";"81,92";"46,69";"19,89";"26,81";"5";"0";"9701,2";"118,42";"1570,8";"416,6";"40,6";"81,8";"4,6";"498,4";"45,2";"26,98";"26,98";"109,4";"4,6";"92,4";"12,8";"3,2";"0,75";"0,75";"1,0";"null";"null";"32,4";"2,24";"3,04";"10657,62";"118,42";"1725,66";"457,67";"44,6";"89,86";"5,05";"547,54";"49,66";"120,19";"5,05";"101,51";"14,06";"3,52";"1,1";"35,59";"9121,82";"152,03";"1850,89";"512,96";"48,83";"102,03";"4,11";"614,99";"52,94";"103,06";"4,88";"76,84";"8,99";"2986,6";"150,18";"636,6";"148,6";"13,4";"22,0";"0,8";"170,6";"14,2";"33,0";"2,0";"22,8";"3,0";"1,0";"0,4";"10,8";"4112,2";"153,4";"803,8";"250,6";"24,6";"57,4";"2,4";"308,0";"27,0";"47,2";"1,8";"37,0";"4,0";"1,4";"0,2";"19,6";"4505,43";"150,18";"960,34";"224,17";"20,21";"33,19";"1,21";"257,36";"21,42";"49,78";"3,02";"34,39";"4,53";"1,51";"0,6";"16,29";"4602,06";"153,4";"899,55";"280,45";"27,53";"64,24";"2,69";"344,69";"30,22";"52,82";"2,01";"41,41";"4,48";"1,57";"0,22";"21,93";"0,77";"3,08";"39,06"
"Frode Aronsson";"F. Aronsson";"872415";"2005-10-25";"IF Elfsborg";"1483";"SWE - Allsvenskan";"90";"2025/2025";"128";"Full Back";"63,21";"34,11";"16,58";"17,52";"4";"0";"7084,5";"112,08";"1193,0";"507,0";"45,75";"184,75";"9,25";"691,75";"55,0";"30,3";"30,3";"81,75";"6,0";"66,25";"15,0";"3,75";"0,78";"0,82";"1,0";"null";"null";"29,75";"2,1";"2,95";"10087,36";"112,08";"1698,67";"721,9";"65,14";"263,06";"13,17";"984,96";"78,31";"116,4";"8,54";"94,33";"21,36";"5,34";"1,42";"42,36";"8682,92";"144,72";"1799,12";"817,1";"73,0";"307,4";"14,51";"1124,51";"87,52";"103,79";"6,6";"71,24";"14,95";"2351,75";"141,81";"482,75";"201,25";"19,0";"82,25";"3,25";"283,5";"22,25";"26,75";"1,5";"19,5";"2,75";"1,25";"0,25";"10,25";"2584,25";"147,46";"540,0";"263,25";"22,5";"92,5";"5,0";"355,75";"27,5";"32,25";"2,25";"21,0";"5,75";"1,25";"0,25";"16,0";"4254,42";"141,81";"873,32";"364,07";"34,37";"148,79";"5,88";"512,86";"40,25";"48,39";"2,71";"35,28";"4,97";"2,26";"0,45";"18,54";"4423,82";"147,46";"924,39";"450,64";"38,52";"158,35";"8,56";"608,99";"47,08";"55,21";"3,85";"35,95";"9,84";"2,14";"0,43";"27,39";"0,88";"4,4";"46,18"
"Åke Andersson";"Å. Andersson";"890700";"2007-05-08";"IFK Norrköping";"1484";"SWE - Allsvenskan";"90";"2025/2025";"128";"Wide Attacker";"52,12";"29,17";"9,74";"19,43";"4";"0";"6828,5";"131,01";"1407,25";"499,25";"40,75";"74,5";"5,5";"573,75";"46,25";"26,98";"26,98";"79,0";"5,0";"61,5";"10,0";"3,5";"0,76";"0,81";"0,75";"null";"null";"30,5";"2,3";"2,73";"11791,16";"131,01";"2429,98";"862,08";"70,37";"128,64";"9,5";"990,73";"79,86";"136,41";"8,63";"106,2";"17,27";"6,04";"1,3";"52,67";"10111,37";"168,52";"2634,69";"949,89";"79,2";"148,11";"9,26";"1098,0";"88,46";"122,4";"6,69";"82,8";"13,89";"1642,0";"168,55";"410,75";"161,25";"12,5";"25,75";"1,25";"187,0";"13,75";"19,75";"1,0";"10,5";"1,5";"0,5";"0,25";"8,75";"3273,25";"168,51";"870,0";"300,5";"26,0";"46,25";"3,25";"346,75";"29,25";"39,75";"2,25";"29,75";"5,25";"1,5";"0,25";"20,25";"5056,63";"168,55";"1264,93";"496,58";"38,49";"79,3";"3,85";"575,88";"42,34";"60,82";"3,08";"32,34";"4,62";"1,54";"0,77";"26,95";"5055,21";"168,51";"1343,63";"464,09";"40,15";"71,43";"5,02";"535,52";"45,17";"61,39";"3,47";"45,95";"8,11";"2,32";"0,39";"31,27";"1,03";"4,11";"59,66"
"Rufai Mohammed";"R. Mohammed";"927904";"2006-03-15";"IFK Värnamo";"2394";"SWE - Allsvenskan";"90";"2025/2025";"128";"Central Defender";"97,39";"55,7";"26,64";"29,06";"13";"1";"10644,15";"109,29";"1377,62";"475,0";"47,69";"175,0";"9,77";"650,0";"57,46";"30,02";"31,28";"134,23";"6,77";"105,92";"15,54";"5,08";"0,62";"0,62";"1,69";"1,31";"1,33";"30,62";"2,05";"2,69";"9836,37";"109,29";"1273,07";"438,95";"44,07";"161,72";"9,03";"600,67";"53,1";"124,04";"6,26";"97,88";"14,36";"4,69";"1,56";"28,29";"8306,92";"138,45";"1302,64";"455,81";"46,07";"178,65";"8,78";"634,46";"54,85";"100,51";"4,39";"74,82";"7,54";"3592,38";"134,86";"512,77";"116,08";"11,69";"29,31";"1,85";"145,38";"13,54";"37,31";"1,46";"28,46";"2,85";"0,85";"0,08";"7,31";"4119,38";"141,73";"696,54";"307,08";"31,08";"136,54";"6,31";"443,62";"37,38";"56,0";"2,62";"41,0";"4,15";"1,92";"0,85";"20,15";"4045,91";"134,86";"577,5";"130,73";"13,17";"33,01";"2,08";"163,74";"15,25";"42,02";"1,65";"32,05";"3,21";"0,95";"0,09";"8,23";"4252,03";"141,73";"718,97";"316,97";"32,08";"140,94";"6,51";"457,9";"38,59";"57,8";"2,7";"42,32";"4,29";"1,99";"0,87";"20,8";"0,99";"2,98";"29,58"
"Youssoupha Sanyang";"Y. Sanyang";"927907";"2005-08-31";"Östers IF";"4623";"SWE - Allsvenskan";"90";"2025/2025";"128";"Wide Attacker";"83,96";"46,21";"22,29";"23,92";"9";"0";"10250,11";"122,08";"1564,11";"824,67";"84,78";"393,44";"20,56";"1218,11";"105,33";"30,63";"31,48";"108,89";"8,33";"88,44";"22,11";"6,11";"0,62";"0,62";"1,89";"1,47";"1,62";"62,44";"1,87";"2,65";"10987,11";"122,08";"1676,57";"883,96";"90,87";"421,73";"22,03";"1305,69";"112,91";"116,72";"8,93";"94,8";"23,7";"6,55";"2,02";"66,93";"9625,06";"160,42";"1857,64";"1014,37";"100,7";"483,31";"24,38";"1497,68";"125,08";"101,13";"6,2";"72,14";"16,16";"3703,33";"166,17";"763,11";"451,44";"43,56";"238,78";"12,33";"690,22";"55,89";"41,67";"2,78";"26,67";"5,56";"2,11";"1,11";"32,67";"3709,44";"155,06";"667,56";"329,78";"34,0";"133,44";"6,44";"463,22";"40,44";"36,22";"2,0";"28,89";"6,89";"1,22";"0,11";"26,44";"4984,96";"166,17";"1027,2";"607,68";"58,63";"321,41";"16,6";"929,09";"75,23";"56,09";"3,74";"35,9";"7,48";"2,84";"1,5";"43,97";"4651,88";"155,06";"837,16";"413,56";"42,64";"167,35";"8,08";"580,91";"50,72";"45,42";"2,51";"36,23";"8,64";"1,53";"0,14";"33,16";"1,59";"4,33";"76,75"
"Rockson Yeboah";"R. Yeboah";"929982";"2004-08-02";"IFK Göteborg";"1480";"SWE - Allsvenskan";"90";"2025/2025";"128";"Central Defender";"65,63";"37,77";"19,91";"17,86";"3";"0";"7275,0";"110,85";"913,0";"364,0";"36,33";"151,0";"8,0";"515,0";"44,33";"30,6";"30,6";"75,33";"2,33";"58,67";"7,67";"1,33";"null";"null";"0,33";"null";"null";"20,0";"2,26";"null";"9976,72";"110,85";"1252,06";"499,18";"49,83";"207,08";"10,97";"706,26";"60,8";"103,31";"3,2";"80,45";"10,51";"1,83";"0,46";"27,43";"8343,87";"139,06";"1269,9";"510,5";"49,78";"224,01";"11,12";"734,51";"60,9";"84,73";"2,12";"60,9";"7,41";"2656,67";"133,43";"357,33";"102,0";"10,0";"29,67";"2,33";"131,67";"12,33";"23,67";"0,33";"17,33";"2,0";"0,33";"0,33";"6,67";"2595,33";"145,35";"442,0";"219,33";"21,33";"111,33";"4,67";"330,67";"26,0";"29,67";"1,0";"21,0";"2,67";"1,0";"0,0";"11,67";"4002,79";"133,43";"538,39";"153,68";"15,07";"44,7";"3,52";"198,38";"18,58";"35,66";"0,5";"26,12";"3,01";"0,5";"0,5";"10,04";"4360,55";"145,35";"742,63";"368,51";"35,84";"187,06";"7,84";"555,57";"43,68";"49,84";"1,68";"35,28";"4,48";"1,68";"0,0";"19,6";"0,53";"2,12";"29,13"
"Filip Öhman";"F. Öhman";"968373";"2008-01-26";"BK Hacken";"523";"SWE - Allsvenskan";"90";"2025/2025";"128";"Full Back";"72,02";"41,56";"22,05";"19,5";"11";"1";"8349,27";"115,94";"1215,45";"528,64";"48,64";"169,18";"9,36";"697,82";"58,0";"29,4";"30,98";"91,91";"5,27";"76,0";"14,73";"4,09";"0,74";"0,8";"1,45";"1,6";"null";"27,45";"2,11";"2,58";"10434,18";"115,94";"1518,97";"660,64";"60,78";"211,43";"11,7";"872,07";"72,48";"114,86";"6,59";"94,98";"18,4";"5,11";"1,82";"34,31";"8745,69";"145,76";"1542,54";"705,12";"62,74";"227,34";"12,08";"932,45";"74,82";"99,76";"5,25";"71,27";"11,68";"3107,0";"140,9";"523,27";"214,45";"18,91";"66,73";"3,55";"281,18";"22,45";"33,18";"1,55";"24,36";"3,73";"0,64";"0,09";"8,91";"2950,27";"151,26";"545,09";"273,91";"24,55";"90,73";"4,82";"364,64";"29,36";"35,91";"2,09";"25,0";"4,36";"1,82";"0,73";"16,55";"4226,92";"140,9";"711,89";"291,75";"25,72";"90,78";"4,82";"382,53";"30,55";"45,14";"2,1";"33,15";"5,07";"0,87";"0,12";"12,12";"4537,82";"151,26";"838,41";"421,3";"37,75";"139,55";"7,41";"560,85";"45,16";"55,23";"3,22";"38,45";"6,71";"2,8";"1,12";"25,45";"1,18";"3,54";"36,75"
"Romeo  Leandersson";"R. Leandersson";"968375";"2008-07-27";"Mjällby AIF";"1486";"SWE - Allsvenskan";"90";"2025/2025";"128";"Midfield";"52,05";"30,37";"16,58";"13,79";"4";"2";"6606,5";"126,93";"1148,75";"370,0";"33,75";"89,25";"5,5";"459,25";"39,25";"27,75";"27,75";"69,25";"2,0";"60,0";"7,25";"1,5";"0,97";"null";"0,0";"null";"null";"27,0";"2,21";"2,86";"11423,34";"126,93";"1986,31";"639,77";"58,36";"154,32";"9,51";"794,09";"67,87";"119,74";"3,46";"103,75";"12,54";"2,59";"0,0";"46,69";"9611,69";"160,19";"2073,37";"679,6";"61,24";"163,97";"9,88";"843,57";"71,12";"94,33";"2,47";"73,1";"8,4";"2516,0";"151,76";"521,25";"132,0";"13,75";"34,0";"2,25";"166,0";"16,0";"26,5";"0,5";"18,0";"2,5";"0,25";"0,0";"9,5";"2349,25";"170,34";"528,25";"212,0";"17,25";"49,0";"2,75";"261,0";"20,0";"21,25";"0,75";"19,0";"1,75";"0,25";"0,0";"15,5";"4552,7";"151,76";"943,2";"238,85";"24,88";"61,52";"4,07";"300,38";"28,95";"47,95";"0,9";"32,57";"4,52";"0,45";"0,0";"17,19";"5110,15";"170,34";"1149,06";"461,15";"37,52";"106,59";"5,98";"567,73";"43,5";"46,22";"1,63";"41,33";"3,81";"0,54";"0,0";"33,72";"0,0";"0,99";"49,39"
"Adrian Svanbäck";"A. Svanbäck";"978620";"2004-06-08";"BK Hacken";"523";"SWE - Allsvenskan";"90";"2025/2025";"128";"Center Forward";"76,53";"45,08";"26,37";"18,72";"6";"1";"9216,83";"120,43";"1456,67";"660,17";"68,5";"288,17";"15,67";"948,33";"84,17";"30,1";"30,6";"100,17";"9,17";"83,5";"19,5";"7,5";"0,62";"0,62";"2,5";"1,22";"null";"40,17";"2,06";"2,79";"10838,61";"120,43";"1712,98";"776,33";"80,55";"338,87";"18,42";"1115,2";"98,98";"117,79";"10,78";"98,19";"22,93";"8,82";"2,94";"47,23";"9105,8";"151,76";"1765,62";"816,49";"84,95";"365,99";"18,41";"1182,48";"103,36";"103,36";"8,21";"78,08";"15,53";"3810,5";"144,52";"690,83";"338,0";"34,17";"150,67";"7,33";"488,67";"41,5";"45,67";"4,0";"31,5";"6,17";"3,33";"1,67";"19,67";"3031,5";"161,97";"635,83";"275,5";"29,67";"124,33";"6,5";"399,83";"36,17";"32,0";"2,17";"27,17";"5,5";"1,67";"0,5";"18,67";"4335,59";"144,52";"786,03";"384,58";"38,87";"171,43";"8,34";"556,01";"47,22";"51,96";"4,55";"35,84";"7,02";"3,79";"1,9";"22,38";"4859,04";"161,97";"1019,15";"441,59";"47,55";"199,29";"10,42";"640,87";"57,97";"51,29";"3,47";"43,54";"8,82";"2,67";"0,8";"29,92";"2,88";"6,65";"51,02"
"Adrian Svanbäck";"A. Svanbäck";"978620";"2004-06-08";"BK Hacken";"523";"SWE - Allsvenskan";"90";"2025/2025";"128";"Wide Attacker";"78,67";"45,04";"24,98";"20,06";"7";"0";"9203,14";"116,99";"1504,29";"753,14";"73,86";"248,14";"16,14";"1001,29";"90,0";"29,31";"29,88";"106,86";"11,57";"87,43";"22,57";"9,43";"0,6";"0,61";"2,86";"1,14";"1,17";"46,86";"1,88";"2,81";"10529,02";"116,99";"1721,0";"861,65";"84,5";"283,89";"18,47";"1145,54";"102,97";"122,25";"13,24";"100,02";"25,82";"10,79";"3,27";"53,61";"8914,93";"148,58";"1816,18";"936,54";"89,64";"308,31";"19,41";"1244,85";"109,05";"113,81";"10,66";"79,74";"17,89";"3469,57";"138,9";"663,43";"348,29";"33,14";"124,0";"7,86";"472,29";"41,0";"44,43";"5,29";"30,29";"5,71";"4,14";"1,57";"20,43";"3222,29";"160,64";"699,86";"354,71";"34,14";"107,43";"6,71";"462,14";"40,86";"41,0";"2,71";"29,57";"7,71";"2,29";"0,86";"23,71";"4167,06";"138,9";"796,8";"418,3";"39,81";"148,93";"9,44";"567,23";"49,24";"53,36";"6,35";"36,37";"6,86";"4,98";"1,89";"24,54";"4819,09";"160,64";"1046,67";"530,49";"51,06";"160,66";"10,04";"691,16";"61,1";"61,32";"4,06";"44,23";"11,54";"3,42";"1,28";"35,47";"3,24";"8,56";"58,81"
"Elias Barsoum";"E. Barsoum";"978630";"2002-07-19";"Degerfors IF";"1736";"SWE - Allsvenskan";"90";"2025/2025";"128";"Midfield";"78,17";"42,79";"20,13";"22,66";"10";"0";"9501,3";"121,54";"1650,2";"636,6";"57,3";"194,3";"10,5";"830,9";"67,8";"28,94";"30,02";"109,6";"5,5";"97,2";"14,9";"4,0";"0,64";"0,71";"1,4";"1,31";"1,52";"37,9";"2,01";"2,66";"10938,96";"121,54";"1899,9";"732,93";"65,97";"223,7";"12,09";"956,63";"78,06";"126,18";"6,33";"111,91";"17,15";"4,61";"1,61";"43,63";"9673,38";"161,22";"2092,42";"827,54";"75,15";"248,88";"12,2";"1076,42";"87,35";"113,29";"5,05";"88,9";"11,78";"3300,7";"164,0";"728,2";"331,0";"30,7";"107,3";"5,7";"438,3";"36,4";"40,4";"2,1";"28,2";"4,3";"1,8";"0,4";"15,5";"3598,3";"158,76";"764,1";"259,2";"22,9";"70,2";"3,0";"329,4";"25,9";"40,4";"1,5";"35,2";"4,1";"0,8";"0,2";"20,2";"4919,89";"164,0";"1085,43";"493,38";"45,76";"159,94";"8,5";"653,31";"54,26";"60,22";"3,13";"42,03";"6,41";"2,68";"0,6";"23,1";"4762,81";"158,76";"1011,38";"343,08";"30,31";"92,92";"3,97";"436,0";"34,28";"53,47";"1,99";"46,59";"5,43";"1,06";"0,26";"26,74";"0,84";"3,65";"50,06"
"Elias Barsoum";"E. Barsoum";"978630";"2002-07-19";"Degerfors IF";"1736";"SWE - Allsvenskan";"90";"2025/2025";"128";"Wide Attacker";"67,97";"36,93";"14,71";"22,23";"9";"2";"8180,89";"120,35";"1317,11";"622,67";"60,22";"222,11";"11,67";"844,78";"71,89";"29,47";"30,44";"92,56";"5,67";"78,78";"17,0";"3,89";"0,59";"0,6";"1,22";"1,28";"1,51";"40,11";"2,0";"2,61";"10831,78";"120,35";"1743,9";"824,43";"79,74";"294,08";"15,45";"1118,51";"95,18";"122,55";"7,5";"104,3";"22,51";"5,15";"1,62";"53,11";"9402,53";"156,71";"1907,22";"931,95";"87,55";"341,7";"17,15";"1273,65";"104,69";"111,37";"6,86";"84,66";"16,25";"2351,67";"159,9";"463,22";"272,33";"24,89";"128,22";"6,11";"400,56";"31,0";"28,89";"2,11";"19,33";"3,56";"1,67";"0,78";"13,56";"3436,11";"154,6";"710,78";"301,33";"29,0";"82,11";"4,44";"383,44";"33,44";"39,67";"2,11";"32,78";"6,44";"1,11";"0,22";"24,33";"4796,9";"159,9";"944,88";"555,5";"50,77";"261,55";"12,47";"817,05";"63,23";"58,93";"4,31";"39,44";"7,25";"3,4";"1,59";"27,65";"4637,98";"154,6";"959,39";"406,73";"39,14";"110,83";"6,0";"517,56";"45,14";"53,54";"2,85";"44,24";"8,7";"1,5";"0,3";"32,84";"1,62";"4,51";"61,55"
"Mamadouba Diaby";"M. Diaby";"979477";"1997-02-16";"Degerfors IF";"1736";"SWE - Allsvenskan";"90";"2025/2025";"128";"Full Back";"82,05";"44,04";"20,19";"23,86";"15";"2";"8970,13";"109,32";"1308,13";"525,53";"45,93";"159,47";"7,87";"685,0";"53,8";"28,65";"30,74";"98,8";"6,6";"81,8";"15,87";"4,67";"0,62";"0,63";"1,33";"1,23";"1,6";"27,07";"1,98";"2,65";"9839,14";"109,32";"1434,86";"576,45";"50,38";"174,92";"8,63";"751,36";"59,01";"108,37";"7,24";"89,72";"17,4";"5,12";"1,46";"29,69";"8416,98";"140,28";"1535,49";"655,08";"55,85";"201,44";"8,99";"856,52";"64,85";"98,09";"6,08";"69,84";"11,99";"2803,2";"138,87";"526,8";"221,0";"17,67";"70,73";"2,8";"291,73";"20,47";"30,2";"2,13";"20,53";"3,73";"1,33";"0,47";"7,6";"3375,33";"141,48";"600,33";"259,87";"23,33";"77,13";"3,8";"337,0";"27,13";"41,8";"2,33";"30,73";"5,07";"1,73";"0,4";"17,27";"4166,15";"138,87";"782,94";"328,45";"26,26";"105,12";"4,16";"433,58";"30,42";"44,88";"3,17";"30,52";"5,55";"1,98";"0,69";"11,3";"4244,32";"141,48";"754,89";"326,77";"29,34";"96,99";"4,78";"423,76";"34,12";"52,56";"2,93";"38,65";"6,37";"2,18";"0,5";"21,71";"1,18";"4,18";"33,88"
"Bernardo Gil Coutinho Morgado";"Bernardo Morgado";"979478";"1998-03-24";"Degerfors IF";"1736";"SWE - Allsvenskan";"90";"2025/2025";"128";"Central Defender";"81,19";"44,29";"18,22";"26,07";"6";"1";"8452,0";"104,1";"926,0";"305,67";"31,33";"112,67";"7,0";"418,33";"38,33";"29,4";"30,0";"91,33";"3,83";"74,67";"8,83";"2,67";"0,71";"0,88";"1,0";"1,48";"null";"23,67";"2,23";"3,08";"9368,62";"104,1";"1026,42";"338,82";"34,73";"124,89";"7,76";"463,7";"42,49";"101,24";"4,25";"82,76";"9,79";"2,96";"1,11";"26,23";"7954,77";"132,58";"1045,34";"363,5";"37,25";"140,21";"7,9";"503,71";"45,16";"85,12";"3,39";"64,57";"6,77";"2249,83";"123,47";"255,33";"56,17";"6,17";"16,5";"1,0";"72,67";"7,17";"18,33";"0,83";"14,33";"1,83";"0,17";"0,0";"3,33";"3622,33";"138,95";"516,33";"212,17";"21,33";"87,0";"4,83";"299,17";"26,17";"44,5";"1,67";"33,33";"3,17";"1,0";"0,5";"18,33";"3703,99";"123,47";"420,37";"92,47";"10,15";"27,16";"1,65";"119,63";"11,8";"30,18";"1,37";"23,6";"3,02";"0,27";"0,0";"5,49";"4168,48";"138,95";"594,18";"244,16";"24,55";"100,12";"5,56";"344,27";"30,11";"51,21";"1,92";"38,36";"3,64";"1,15";"0,58";"21,1";"0,68";"1,58";"29,35"
"Elias Pihlström";"E. Pihlström";"979481";"2006-08-31";"Degerfors IF";"1736";"SWE - Allsvenskan";"90";"2025/2025";"128";"Center Forward";"69,47";"39,74";"15,17";"24,57";"4";"0";"8301,0";"119,49";"1219,75";"542,75";"55,5";"203,5";"12,25";"746,25";"67,75";"29,27";"29,27";"84,75";"6,25";"71,75";"12,0";"4,0";"0,7";"null";"1,5";"1,35";"null";"39,0";"1,94";"2,79";"10754,01";"119,49";"1580,2";"703,14";"71,9";"263,64";"15,87";"966,77";"87,77";"109,79";"8,1";"92,95";"15,55";"5,18";"1,94";"50,52";"8980,18";"149,67";"1628,44";"740,23";"75,12";"280,84";"15,48";"1021,08";"90,59";"93,99";"6,79";"69,08";"12,46";"2409,25";"158,81";"476,5";"303,0";"30,5";"132,5";"7,75";"435,5";"38,25";"29,75";"2,75";"18,0";"3,75";"2,0";"1,25";"18,25";"3538,25";"144,03";"602,0";"187,25";"19,25";"53,5";"2,5";"240,75";"21,75";"32,5";"1,75";"27,75";"4,5";"1,25";"0,0";"18,25";"4764,24";"158,81";"942,27";"599,18";"60,31";"262,02";"15,33";"861,19";"75,64";"58,83";"5,44";"35,59";"7,42";"3,95";"2,47";"36,09";"4320,79";"144,03";"735,14";"228,66";"23,51";"65,33";"3,05";"294,0";"26,56";"39,69";"2,14";"33,89";"5,5";"1,53";"0,0";"22,29";"1,89";"4,91";"55,11"
"Elias Pihlström";"E. Pihlström";"979481";"2006-08-31";"Degerfors IF";"1736";"SWE - Allsvenskan";"90";"2025/2025";"128";"Wide Attacker";"36,33";"17,26";"8,52";"8,74";"3";"2";"4003,0";"110,17";"593,33";"262,67";"24,0";"92,67";"5,33";"355,33";"29,33";"28,27";"28,27";"37,67";"3,67";"32,33";"6,33";"2,0";"null";"null";"1,0";"null";"null";"19,33";"2,18";"2,93";"9915,69";"110,17";"1469,72";"650,64";"59,45";"229,54";"13,21";"880,18";"72,66";"93,3";"9,08";"80,09";"15,69";"4,95";"2,48";"47,89";"9023,75";"150,4";"1758,87";"790,22";"73,0";"256,07";"15,06";"1046,28";"88,06";"86,9";"5,79";"63,73";"10,43";"1340,0";"157,34";"297,0";"145,67";"12,33";"48,67";"3,0";"194,33";"15,33";"14,0";"1,0";"8,0";"1,67";"0,67";"0,33";"9,0";"1256,0";"143,63";"209,0";"81,67";"8,67";"25,0";"1,33";"106,67";"10,0";"11,0";"0,67";"10,33";"1,33";"0,67";"0,0";"8,33";"4720,16";"157,34";"1046,18";"513,11";"43,44";"171,43";"10,57";"684,54";"54,01";"49,32";"3,52";"28,18";"5,87";"2,35";"1,17";"31,7";"4309,02";"143,63";"717,03";"280,18";"29,73";"85,77";"4,57";"365,95";"34,31";"37,74";"2,29";"35,45";"4,57";"2,29";"0,0";"28,59";"1,16";"4,63";"60,25"
"Love Arrhov";"L. Arrhov";"998188";"2008-05-17";"IF Brommapojkarna";"2941";"SWE - Allsvenskan";"90";"2025/2025";"128";"Center Forward";"92,18";"48,91";"18,43";"30,48";"3";"0";"11357,67";"123,21";"1934,33";"779,33";"79,67";"237,67";"14,67";"1017,0";"94,33";"28,5";"28,5";"131,33";"8,33";"105,0";"18,33";"7,0";"0,78";"0,87";"1,0";"2,0";"null";"68,0";"2,09";"2,99";"11088,66";"123,21";"1888,52";"760,88";"77,78";"232,04";"14,32";"992,91";"92,1";"128,22";"8,14";"102,51";"17,9";"6,83";"0,98";"66,39";"9691,87";"161,53";"2097,68";"871,38";"88,32";"274,78";"15,95";"1146,16";"104,27";"120,22";"7,36";"83,83";"13,9";"3198,0";"173,54";"720,33";"345,33";"33,67";"125,0";"7,33";"470,33";"41,0";"42,0";"3,33";"26,33";"3,67";"3,0";"1,0";"26,0";"4702,67";"154,27";"989,67";"365,0";"38,33";"99,0";"5,67";"464,0";"44,0";"56,0";"2,67";"42,0";"7,67";"2,33";"0,0";"38,67";"5206,27";"173,54";"1172,69";"562,19";"54,81";"203,5";"11,94";"765,69";"66,75";"68,38";"5,43";"42,87";"5,97";"4,88";"1,63";"42,33";"4628,1";"154,27";"973,97";"359,21";"37,73";"97,43";"5,58";"456,64";"43,3";"55,11";"2,62";"41,33";"7,55";"2,3";"0,0";"38,05";"1,23";"6,54";"79,33"
"Love Arrhov";"L. Arrhov";"998188";"2008-05-17";"IF Brommapojkarna";"2941";"SWE - Allsvenskan";"90";"2025/2025";"128";"Midfield";"94,05";"54,69";"26,55";"28,14";"8";"1";"12085,88";"128,51";"2245,38";"806,12";"70,75";"196,88";"11,75";"1003,0";"82,5";"27,95";"28,76";"136,5";"4,25";"117,0";"16,25";"2,38";"0,73";"0,75";"0,75";"1,58";"null";"61,25";"1,93";"2,76";"11565,69";"128,51";"2148,73";"771,43";"67,7";"188,4";"11,24";"959,83";"78,95";"130,62";"4,07";"111,96";"15,55";"2,27";"0,72";"58,61";"9894,89";"164,91";"2258,25";"846,41";"72,68";"204,88";"11,38";"1051,3";"84,07";"112,18";"3,43";"85,3";"11,11";"4397,25";"165,62";"1025,0";"387,12";"34,0";"105,5";"5,88";"492,62";"39,88";"49,38";"1,62";"35,12";"4,12";"1,0";"0,38";"23,12";"4621,88";"164,25";"1033,38";"384,38";"32,25";"81,25";"4,5";"465,62";"36,75";"52,88";"1,5";"42,62";"6,0";"0,75";"0,25";"35,0";"4968,64";"165,62";"1158,19";"437,43";"38,42";"119,21";"6,64";"556,64";"45,06";"55,79";"1,84";"39,69";"4,66";"1,13";"0,42";"26,13";"4927,45";"164,25";"1101,7";"409,79";"34,38";"86,62";"4,8";"496,41";"39,18";"56,37";"1,6";"45,44";"6,4";"0,8";"0,27";"37,31";"0,69";"1,92";"63,77"
"Love Arrhov";"L. Arrhov";"998188";"2008-05-17";"IF Brommapojkarna";"2941";"SWE - Allsvenskan";"90";"2025/2025";"128";"Wide Attacker";"60,34";"35,79";"16,65";"19,14";"4";"0";"7488,75";"124,11";"1325,0";"544,25";"47,75";"110,75";"7,5";"655,0";"55,25";"27,45";"27,45";"98,5";"3,75";"82,5";"14,25";"2,0";"0,97";"null";"0,5";"null";"null";"45,5";"2,09";"2,95";"11170,29";"124,11";"1976,38";"811,81";"71,22";"165,2";"11,19";"977,0";"82,41";"146,92";"5,59";"123,06";"21,26";"2,98";"0,75";"67,87";"9256,3";"154,27";"2022,35";"843,31";"73,35";"166,4";"10,9";"1009,71";"84,25";"125,32";"4,19";"94,73";"15,09";"2678,25";"160,9";"588,25";"275,75";"22,75";"63,25";"4,0";"339,0";"26,75";"33,5";"1,25";"24,75";"2,25";"0,75";"0,25";"20,75";"2842,75";"148,51";"618,0";"227,25";"21,0";"36,0";"2,5";"263,25";"23,5";"41,25";"1,25";"31,75";"6,75";"0,5";"0,0";"20,75";"4826,88";"160,9";"1060,18";"496,97";"41,0";"113,99";"7,21";"610,96";"48,21";"60,38";"2,25";"44,61";"4,06";"1,35";"0,45";"37,4";"4455,33";"148,51";"968,57";"356,16";"32,91";"56,42";"3,92";"412,58";"36,83";"64,65";"1,96";"49,76";"10,58";"0,78";"0,0";"32,52";"0,42";"2,1";"69,58"
"Axel Brönner";"A. Brönner";"998192";"2008-04-04";"IFK Norrköping";"1484";"SWE - Allsvenskan";"90";"2025/2025";"128";"Midfield";"57,05";"28,81";"13,99";"14,82";"9";"0";"6932,33";"121,51";"1321,44";"314,67";"25,78";"51,78";"2,89";"366,44";"28,67";"26,52";"27,64";"70,67";"3,11";"66,22";"7,22";"2,11";"0,73";"0,86";"0,22";"null";"null";"22,11";"2,08";"2,87";"10935,49";"121,51";"2084,53";"496,37";"40,66";"81,68";"4,56";"578,05";"45,22";"111,47";"4,91";"104,46";"11,39";"3,33";"0,35";"34,88";"9956,81";"165,95";"2492,79";"620,59";"49,75";"102,97";"4,17";"723,56";"53,91";"102,04";"3,7";"83,53";"9,26";"2236,44";"159,81";"524,11";"88,22";"7,56";"11,11";"0,44";"99,33";"8,0";"20,56";"1,11";"16,56";"1,67";"0,44";"0,0";"7,44";"2544,67";"171,74";"672,89";"209,78";"16,33";"38,33";"1,56";"248,11";"17,89";"28,44";"0,67";"23,56";"2,78";"0,44";"0,0";"13,11";"4794,28";"159,81";"1123,54";"189,12";"16,2";"23,82";"0,95";"212,94";"17,15";"44,07";"2,38";"35,49";"3,57";"0,95";"0,0";"15,96";"5152,31";"171,74";"1362,43";"424,75";"33,07";"77,62";"3,15";"502,36";"36,22";"57,59";"1,35";"47,69";"5,62";"0,9";"0,0";"26,55";"0,0";"1,85";"42,81"
"Harry Hilvenius";"H. Hilvenius";"998236";"2007-10-06";"BK Hacken";"523";"SWE - Allsvenskan";"90";"2025/2025";"128";"Central Defender";"85,02";"49,71";"28,5";"21,21";"6";"0";"9523,5";"112,01";"1235,17";"437,83";"43,0";"172,5";"9,0";"610,33";"52,0";"30,7";"31,26";"104,17";"6,5";"79,17";"11,17";"4,67";"0,66";"0,93";"1,5";"1,42";"null";"27,67";"2,13";"2,94";"10081,07";"112,01";"1307,48";"463,47";"45,52";"182,6";"9,53";"646,07";"55,04";"110,27";"6,88";"83,8";"11,82";"4,94";"1,59";"29,29";"8491,86";"141,53";"1318,42";"490,84";"46,67";"197,94";"9,45";"688,78";"56,12";"90,52";"5,43";"66,79";"7,24";"3882,17";"136,2";"546,5";"104,0";"10,0";"26,17";"1,83";"130,17";"11,83";"33,67";"1,5";"25,83";"2,17";"0,67";"0,17";"8,83";"3153,5";"148,69";"545,83";"302,67";"28,67";"137,83";"6,0";"440,5";"34,67";"41,33";"3,0";"29,5";"3,83";"2,5";"0,83";"16,33";"4086,09";"136,2";"575,21";"109,46";"10,53";"27,54";"1,93";"137,0";"12,45";"35,44";"1,58";"27,19";"2,28";"0,7";"0,18";"9,3";"4460,75";"148,69";"772,1";"428,13";"40,55";"194,97";"8,49";"623,1";"49,04";"58,47";"4,24";"41,73";"5,42";"3,54";"1,18";"23,1";"1,21";"3,82";"30,38"
"Harry Hilvenius";"H. Hilvenius";"998236";"2007-10-06";"BK Hacken";"523";"SWE - Allsvenskan";"90";"2025/2025";"128";"Full Back";"65,25";"37,45";"18,03";"19,43";"4";"0";"7993,75";"122,52";"1147,5";"505,25";"52,5";"243,25";"13,0";"748,5";"65,5";"30,9";"30,9";"85,0";"5,25";"65,75";"15,5";"4,5";"0,71";"null";"3,0";"1,2";"null";"29,5";"2,65";"2,79";"11026,57";"122,52";"1582,86";"696,94";"72,42";"335,54";"17,93";"1032,48";"90,35";"117,25";"7,24";"90,7";"21,38";"6,21";"4,14";"40,69";"9230,88";"153,85";"1602,76";"742,51";"76,09";"361,64";"17,62";"1104,15";"93,71";"94,92";"5,21";"65,68";"13,22";"2726,5";"151,23";"463,75";"170,0";"18,0";"85,75";"4,5";"255,75";"22,5";"26,25";"1,5";"16,75";"3,5";"1,25";"0,75";"7,25";"3035,75";"156,28";"536,75";"293,5";"29,5";"140,0";"6,5";"433,5";"36,0";"33,0";"1,75";"24,25";"4,75";"1,25";"1,0";"20,25";"4536,82";"151,23";"771,67";"282,87";"29,95";"142,69";"7,49";"425,56";"37,44";"43,68";"2,5";"27,87";"5,82";"2,08";"1,25";"12,06";"4688,42";"156,28";"828,96";"453,28";"45,56";"216,22";"10,04";"669,5";"55,6";"50,97";"2,7";"37,45";"7,34";"1,93";"1,54";"31,27";"2,8";"4,0";"44,05"
"Oskar Cotton";"O. Cotton";"1003872";"2006-02-18";"IF Brommapojkarna";"2941";"SWE - Allsvenskan";"90";"2025/2025";"128";"Full Back";"83,73";"49,01";"22,35";"26,66";"3";"0";"9340,33";"111,56";"1180,33";"464,67";"46,33";"135,33";"7,67";"600,0";"54,0";"29,9";"29,9";"117,33";"7,67";"96,0";"19,67";"5,0";"0,72";"0,86";"1,67";"null";"null";"38,33";"2,3";"3,16";"10040,04";"111,56";"1268,75";"499,48";"49,8";"145,47";"8,24";"644,95";"58,05";"126,12";"8,24";"103,19";"21,14";"5,37";"1,79";"41,2";"8242,21";"137,37";"1254,82";"492,13";"47,34";"147,72";"6,94";"639,85";"54,27";"108,95";"6,12";"75,09";"13,06";"3154,33";"141,13";"478,67";"155,33";"15,0";"52,33";"2,33";"207,67";"17,33";"38,0";"2,33";"26,33";"4,67";"2,0";"1,0";"9,67";"3578,33";"134,22";"546,33";"246,67";"23,67";"68,33";"3,33";"315,0";"27,0";"51,0";"2,67";"35,0";"6,0";"1,33";"0,33";"24,67";"4234,0";"141,13";"642,51";"208,5";"20,13";"70,25";"3,13";"278,75";"23,27";"51,01";"3,13";"35,35";"6,26";"2,68";"1,34";"12,98";"4026,46";"134,22";"614,75";"277,56";"26,63";"76,89";"3,75";"354,45";"30,38";"57,39";"3,0";"39,38";"6,75";"1,5";"0,38";"27,76";"1,63";"4,08";"42,03"
"Ezekiel Alladoh";"E. Alladoh";"1003873";"2005-09-13";"IF Brommapojkarna";"2941";"SWE - Allsvenskan";"90";"2025/2025";"128";"Center Forward";"84,54";"49,24";"22,54";"26,7";"23";"2";"9347,13";"110,57";"1295,48";"618,22";"67,78";"249,04";"15,91";"867,26";"83,7";"29,8";"31,52";"109,83";"9,65";"91,48";"20,13";"7,7";"0,57";"0,6";"2,87";"1,09";"1,34";"41,48";"1,92";"2,68";"9951,09";"110,57";"1379,18";"658,16";"72,16";"265,14";"16,94";"923,3";"89,1";"116,92";"10,28";"97,39";"21,43";"8,19";"3,05";"44,16";"8316,29";"138,6";"1424,85";"698,01";"75,18";"284,5";"17,06";"982,52";"92,24";"99,87";"7,36";"73,96";"15,89";"2997,22";"132,97";"513,52";"258,35";"26,17";"112,57";"6,04";"370,91";"32,22";"36,65";"2,74";"23,57";"4,04";"2,04";"1,0";"14,35";"3827,57";"143,36";"655,78";"314,48";"35,52";"120,91";"7,96";"435,39";"43,48";"45,3";"3,3";"37,13";"9,0";"2,78";"1,0";"24,48";"3989,1";"132,97";"683,46";"343,84";"34,84";"149,82";"8,04";"493,66";"42,88";"48,78";"3,65";"31,36";"5,38";"2,72";"1,33";"19,1";"4300,87";"143,36";"736,87";"353,37";"39,91";"135,86";"8,94";"489,23";"48,85";"50,91";"3,71";"41,72";"10,11";"3,13";"1,12";"27,51";"2,44";"5,88";"47,31"
"Abdoulie Manneh";"A. Manneh";"1003940";"2004-09-29";"Mjällby AIF";"1486";"SWE - Allsvenskan";"90";"2025/2025";"128";"Center Forward";"84,81";"48,5";"26,57";"21,93";"7";"0";"9853,29";"116,18";"1355,57";"639,71";"66,43";"262,14";"15,29";"901,86";"81,71";"29,99";"30,74";"108,29";"9,43";"85,29";"16,86";"8,0";"0,72";"0,77";"3,14";"1,33";"1,46";"52,71";"2,0";"2,88";"10456,03";"116,18";"1438,49";"678,85";"70,49";"278,18";"16,22";"957,03";"86,71";"114,91";"10,01";"90,5";"17,89";"8,49";"3,34";"55,94";"8978,62";"149,64";"1528,19";"732,9";"75,46";"306,63";"16,08";"1039,53";"91,55";"101,09";"8,13";"71,75";"12,55";"4016,0";"151,15";"709,43";"357,43";"34,86";"157,57";"8,29";"515,0";"43,14";"49,43";"3,71";"32,71";"4,57";"3,29";"1,14";"26,14";"3241,71";"147,81";"525,86";"235,0";"26,14";"90,29";"4,71";"325,29";"30,86";"32,29";"2,86";"25,29";"5,57";"2,14";"1,14";"23,29";"4534,6";"151,15";"801,04";"403,58";"39,36";"177,92";"9,36";"581,5";"48,71";"55,81";"4,19";"36,94";"5,16";"3,71";"1,29";"29,52";"4434,44";"147,81";"719,34";"321,46";"35,76";"123,5";"6,45";"444,97";"42,21";"44,16";"3,91";"34,59";"7,62";"2,93";"1,56";"31,85";"2,83";"6,72";"61,15"
"Abdoulie Manneh";"A. Manneh";"1003940";"2004-09-29";"Mjällby AIF";"1486";"SWE - Allsvenskan";"90";"2025/2025";"128";"Midfield";"80,8";"45,98";"26,2";"19,78";"5";"1";"9355,4";"115,78";"1369,6";"606,2";"67,2";"224,8";"12,4";"831,0";"79,6";"30,0";"30,0";"108,4";"8,2";"82,4";"21,2";"7,0";"0,67";"0,75";"1,2";"1,42";"1,55";"47,4";"2,07";"2,71";"10420,62";"115,78";"1525,54";"675,22";"74,85";"250,4";"13,81";"925,62";"88,66";"120,74";"9,13";"91,78";"23,61";"7,8";"1,34";"52,8";"8950,02";"149,17";"1648,75";"737,33";"79,61";"255,0";"13,31";"992,33";"92,92";"105,18";"5,74";"69,69";"16,18";"3994,4";"152,48";"782,4";"326,0";"34,0";"109,4";"5,4";"435,4";"39,4";"45,0";"2,6";"29,6";"5,6";"2,6";"0,6";"22,8";"2863,8";"144,78";"481,0";"239,0";"27,0";"86,0";"4,8";"325,0";"31,8";"35,6";"1,8";"23,8";"6,8";"1,2";"0,0";"20,4";"4574,32";"152,48";"895,99";"373,33";"38,94";"125,28";"6,18";"498,61";"45,12";"51,53";"2,98";"33,9";"6,41";"2,98";"0,69";"26,11";"4343,48";"144,78";"729,52";"362,49";"40,95";"130,43";"7,28";"492,92";"48,23";"53,99";"2,73";"36,1";"10,31";"1,82";"0,0";"30,94";"0,78";"4,96";"56,38"
"Abdoulie Manneh";"A. Manneh";"1003940";"2004-09-29";"Mjällby AIF";"1486";"SWE - Allsvenskan";"90";"2025/2025";"128";"Wide Attacker";"83,15";"48,32";"26,59";"21,73";"13";"2";"9740,92";"117,15";"1431,62";"619,77";"67,23";"316,85";"15,62";"936,62";"82,85";"30,97";"32,72";"109,77";"9,69";"87,23";"20,77";"6,92";"0,56";"0,66";"3,0";"1,15";"1,39";"48,0";"1,82";"2,63";"10543,23";"117,15";"1549,53";"670,82";"72,77";"342,94";"16,9";"1013,76";"89,67";"118,81";"10,49";"94,42";"22,48";"7,49";"3,25";"51,95";"8964,04";"149,4";"1637,66";"720,06";"76,9";"366,24";"16,81";"1086,3";"93,71";"101,35";"7,36";"72,69";"15,0";"4005,85";"150,68";"766,77";"335,92";"35,54";"188,85";"8,08";"524,77";"43,62";"48,62";"3,77";"32,23";"6,15";"2,54";"1,46";"25,38";"3212,69";"147,84";"552,0";"243,92";"26,38";"106,08";"5,46";"350,0";"31,85";"33,0";"2,15";"26,31";"5,92";"1,46";"0,54";"20,0";"4520,27";"150,68";"865,24";"379,06";"40,1";"213,1";"9,11";"592,16";"49,22";"54,86";"4,25";"36,37";"6,94";"2,86";"1,65";"28,64";"4435,22";"147,84";"762,05";"336,74";"36,42";"146,44";"7,54";"483,19";"43,96";"45,56";"2,97";"36,32";"8,18";"2,02";"0,74";"27,61";"2,48";"4,97";"56,36"
"Altti Hellemaa";"A. Hellemaa";"1003941";"2004-07-25";"IF Elfsborg";"1483";"SWE - Allsvenskan";"90";"2025/2025";"128";"Midfield";"38,69";"20,31";"11,42";"8,9";"4";"0";"4800,75";"124,09";"843,5";"309,0";"28,0";"94,5";"5,75";"403,5";"33,75";"27,95";"27,95";"51,25";"1,25";"43,25";"5,0";"1,0";"null";"null";"0,25";"null";"null";"12,5";"2,25";"null";"11168,14";"124,09";"1962,26";"718,84";"65,14";"219,84";"13,38";"938,68";"78,51";"119,22";"2,91";"100,61";"11,63";"2,33";"0,58";"29,08";"9913,11";"165,22";"2197,66";"835,2";"78,28";"259,94";"14,03";"1095,14";"92,31";"108,55";"3,69";"80,49";"9,6";"1822,5";"159,64";"397,5";"125,25";"12,25";"22,75";"1,75";"148,0";"14,0";"19,0";"0,75";"13,5";"1,5";"0,5";"0,25";"6,0";"1533,5";"172,38";"346,5";"157,5";"14,25";"65,25";"3,0";"222,75";"17,25";"17,75";"0,5";"13,75";"1,75";"0,5";"0,0";"5,75";"4789,05";"159,64";"1044,53";"329,12";"32,19";"59,78";"4,6";"388,91";"36,79";"49,93";"1,97";"35,47";"3,94";"1,31";"0,66";"15,77";"5171,52";"172,38";"1168,52";"531,15";"48,06";"220,05";"10,12";"751,19";"58,17";"59,86";"1,69";"46,37";"5,9";"1,69";"0,0";"19,39";"0,74";"2,95";"34,71"
"Victor Svensson";"V. Svensson";"1004054";"2006-06-10";"IK Sirius";"1487";"SWE - Allsvenskan";"90";"2025/2025";"128";"Midfield";"72,97";"40,31";"20,98";"19,32";"6";"0";"8645,0";"118,47";"1442,33";"663,5";"53,83";"140,83";"8,33";"804,33";"62,17";"27,47";"27,78";"97,83";"3,33";"85,0";"12,67";"2,67";"0,71";"0,88";"0,33";"null";"null";"28,33";"2,18";"2,91";"10661,87";"118,47";"1778,83";"818,29";"66,39";"173,69";"10,28";"991,98";"76,67";"120,66";"4,11";"104,83";"15,62";"3,29";"0,41";"34,94";"9382,92";"156,38";"1977,75";"927,1";"72,94";"195,0";"10,17";"1122,1";"83,11";"101,96";"3,23";"79,14";"11,16";"3062,33";"145,94";"550,5";"232,67";"18,67";"53,17";"2,67";"285,83";"21,33";"30,17";"1,17";"26,5";"3,17";"0,67";"0,0";"8,33";"3241,17";"167,72";"778,17";"390,17";"30,33";"77,83";"4,17";"468,0";"34,5";"38,33";"1,0";"26,67";"4,33";"0,67";"0,0";"17,67";"4378,24";"145,94";"787,05";"332,64";"26,69";"76,01";"3,81";"408,66";"30,5";"43,13";"1,67";"37,89";"4,53";"0,95";"0,0";"11,91";"5031,57";"167,72";"1208,02";"605,69";"47,09";"120,83";"6,47";"726,52";"53,56";"59,51";"1,55";"41,4";"6,73";"1,03";"0,0";"27,43";"0,0";"1,98";"38,7"
"Daniel Ljung";"D. Ljung";"1004307";"1998-11-29";"Östers IF";"4623";"SWE - Allsvenskan";"90";"2025/2025";"128";"Midfield";"86,88";"49,26";"23,78";"25,48";"8";"0";"11222,0";"129,17";"2044,25";"761,62";"62,75";"153,25";"8,62";"914,88";"71,38";"27,29";"27,86";"115,5";"3,38";"98,62";"15,12";"1,75";"0,79";"0,83";"0,25";"null";"null";"45,75";"1,97";"2,72";"11625,39";"129,17";"2117,73";"789,0";"65,01";"158,76";"8,94";"947,76";"73,94";"119,65";"3,5";"102,17";"15,67";"1,81";"0,26";"47,39";"10084,42";"168,07";"2297,03";"882,61";"71,86";"176,92";"8,68";"1059,52";"80,54";"104,6";"2,74";"78,26";"12,33";"3771,12";"158,58";"762,62";"303,25";"25,62";"67,38";"3,5";"370,62";"29,12";"40,0";"1,12";"27,88";"3,5";"0,62";"0,0";"12,88";"4508,25";"176,94";"1123,25";"421,38";"33,38";"77,88";"3,62";"499,25";"37,0";"45,88";"1,12";"36,38";"6,62";"0,12";"0,12";"29,88";"4757,27";"158,58";"962,05";"382,55";"32,33";"84,99";"4,42";"467,54";"36,74";"50,46";"1,42";"35,16";"4,42";"0,79";"0,0";"16,24";"5308,16";"176,94";"1322,55";"496,14";"39,3";"91,69";"4,27";"587,83";"43,57";"54,01";"1,32";"42,83";"7,8";"0,15";"0,15";"35,18";"0,15";"0,91";"52,07"
"Daniel Ljung";"D. Ljung";"1004307";"1998-11-29";"Östers IF";"4623";"SWE - Allsvenskan";"90";"2025/2025";"128";"Wide Attacker";"85,81";"47,52";"23,63";"23,89";"12";"1";"10571,83";"123,19";"1790,33";"806,67";"75,67";"245,0";"14,67";"1051,67";"90,33";"28,38";"29,48";"120,92";"7,92";"97,58";"19,25";"5,58";"0,66";"0,66";"2,08";"1,39";"1,59";"55,5";"1,9";"2,63";"11087,54";"123,19";"1877,67";"846,02";"79,36";"256,95";"15,38";"1102,97";"94,74";"126,82";"8,3";"102,34";"20,19";"5,86";"2,18";"58,21";"9578,43";"159,64";"2041,74";"943,69";"86,17";"291,98";"16,52";"1235,67";"102,69";"111,32";"6,21";"77,76";"13,99";"3614,92";"152,98";"705,42";"343,0";"31,42";"120,67";"6,83";"463,67";"38,25";"43,42";"2,67";"27,08";"4,75";"2,33";"1,0";"21,08";"3971,33";"166,23";"911,67";"404,42";"36,83";"110,58";"6,25";"515,0";"43,08";"44,75";"2,25";"34,5";"6,33";"1,42";"0,33";"30,92";"4589,29";"152,98";"895,56";"435,45";"39,88";"153,19";"8,68";"588,64";"48,56";"55,12";"3,39";"34,38";"6,03";"2,96";"1,27";"26,77";"4986,97";"166,23";"1144,82";"507,84";"46,25";"138,86";"7,85";"646,71";"54,1";"56,19";"2,83";"43,32";"7,95";"1,78";"0,42";"38,82";"1,68";"4,73";"65,66"
"Mattis Adolfsson";"M. Adolfsson";"1004314";"2001-12-11";"Östers IF";"4623";"SWE - Allsvenskan";"90";"2025/2025";"128";"Central Defender";"98,31";"55,29";"26,47";"28,82";"25";"1";"9748,0";"99,15";"1112,4";"321,72";"30,88";"85,0";"4,36";"406,72";"35,24";"28,34";"31,02";"107,6";"4,88";"85,8";"9,0";"3,36";"0,65";"0,73";"0,8";"1,36";"1,42";"19,04";"2,11";"2,91";"8923,89";"99,15";"1018,36";"294,52";"28,27";"77,81";"3,99";"372,34";"32,26";"98,5";"4,47";"78,55";"8,24";"3,08";"0,73";"17,43";"7535,93";"125,6";"1036,97";"313,58";"29,3";"83,73";"3,43";"397,31";"32,73";"83,69";"3,6";"63,38";"5,38";"3277,52";"123,81";"423,16";"95,88";"9,28";"17,48";"0,92";"113,36";"10,2";"31,96";"1,48";"25,28";"2,16";"0,8";"0,16";"5,04";"3666,76";"127,24";"532,4";"193,08";"17,72";"59,68";"2,24";"252,76";"19,96";"45,16";"1,84";"33,12";"2,8";"1,16";"0,36";"11,96";"3714,32";"123,81";"479,56";"108,66";"10,52";"19,81";"1,04";"128,47";"11,56";"36,22";"1,68";"28,65";"2,45";"0,91";"0,18";"5,71";"3817,24";"127,24";"554,25";"201,0";"18,45";"62,13";"2,33";"263,13";"20,78";"47,01";"1,92";"34,48";"2,91";"1,21";"0,37";"12,45";"0,56";"2,13";"18,45"
"Lukas Bergquist";"L. Bergquist";"1004318";"2000-06-28";"Östers IF";"4623";"SWE - Allsvenskan";"90";"2025/2025";"128";"Full Back";"87,42";"49,28";"22,62";"26,67";"20";"1";"9467,65";"108,3";"1274,85";"495,95";"50,5";"204,7";"11,2";"700,65";"61,7";"30,35";"32,28";"102,5";"6,85";"87,6";"15,9";"5,3";"0,62";"0,63";"2,15";"1,21";"1,29";"28,45";"2,2";"2,7";"9747,44";"108,3";"1312,52";"510,61";"51,99";"210,75";"11,53";"721,36";"63,52";"105,53";"7,05";"90,19";"16,37";"5,46";"2,21";"29,29";"8249,71";"137,5";"1379,32";"558,55";"54,17";"229,97";"11,75";"788,52";"65,92";"93,07";"5,66";"68,97";"10,71";"3078,95";"136,12";"504,3";"188,2";"18,2";"86,15";"4,35";"274,35";"22,55";"31,95";"2,35";"22,8";"3,45";"1,85";"0,85";"8,45";"3697,5";"138,66";"628,7";"270,6";"26,3";"102,75";"5,3";"373,35";"31,6";"44,5";"2,3";"33,85";"5,35";"1,7";"0,65";"17,65";"4083,64";"136,12";"668,86";"249,61";"24,14";"114,26";"5,77";"363,87";"29,91";"42,38";"3,12";"30,24";"4,58";"2,45";"1,13";"11,21";"4159,82";"138,66";"707,31";"304,43";"29,59";"115,6";"5,96";"420,03";"35,55";"50,06";"2,59";"38,08";"6,02";"1,91";"0,73";"19,86";"1,83";"4,32";"31,77"
"Tatu Varmanen";"T. Varmanen";"1004319";"1998-07-09";"Östers IF";"4623";"SWE - Allsvenskan";"90";"2025/2025";"128";"Full Back";"89,08";"50,01";"23,43";"26,58";"24";"1";"10023,54";"112,52";"1427,88";"635,0";"61,04";"230,67";"13,29";"865,67";"74,33";"29,05";"30,66";"117,25";"8,92";"98,58";"22,58";"6,17";"0,6";"0,71";"2,12";"1,32";"1,33";"41,25";"1,95";"2,61";"10127,24";"112,52";"1442,65";"641,57";"61,67";"233,05";"13,43";"874,62";"75,1";"118,46";"9,01";"99,6";"22,82";"6,23";"2,15";"41,68";"8592,34";"143,21";"1488,42";"696,2";"64,34";"251,49";"13,7";"947,69";"78,03";"101,03";"6,75";"73,93";"14,6";"3378,12";"144,19";"557,96";"263,0";"26,04";"130,17";"6,17";"393,17";"32,21";"35,29";"2,79";"25,75";"5,12";"2,08";"0,71";"13,25";"3783,75";"142,34";"682,67";"317,29";"27,58";"79,46";"5,25";"396,75";"32,83";"48,92";"2,83";"35,88";"7,04";"1,79";"0,54";"24,33";"4325,67";"144,19";"714,46";"336,77";"33,35";"166,68";"7,9";"503,45";"41,24";"45,19";"3,57";"32,97";"6,56";"2,67";"0,91";"16,97";"4270,17";"142,34";"770,43";"358,08";"31,13";"89,67";"5,92";"447,75";"37,05";"55,21";"3,2";"40,49";"7,95";"2,02";"0,61";"27,46";"1,5";"4,65";"45,09"
"Niklas Söderberg";"N. Söderberg";"1004320";"1997-01-10";"Östers IF";"4623";"SWE - Allsvenskan";"90";"2025/2025";"128";"Midfield";"58,39";"30,38";"16,19";"14,19";"3";"0";"7278,33";"124,65";"1281,33";"470,0";"38,0";"77,33";"5,0";"547,33";"43,0";"26,6";"26,6";"74,67";"2,0";"56,67";"10,67";"1,33";"null";"null";"0,67";"null";"null";"25,33";"2,34";"null";"11218,74";"124,65";"1975,03";"724,45";"58,57";"119,2";"7,71";"843,65";"66,28";"115,09";"3,08";"87,35";"16,44";"2,06";"1,03";"39,05";"10151,62";"169,19";"2284,81";"854,42";"69,78";"140,87";"7,9";"995,28";"77,67";"100,05";"1,97";"65,17";"9,87";"2724,67";"168,25";"555,0";"220,67";"19,0";"42,67";"2,67";"263,33";"21,67";"25,33";"0,33";"17,0";"1,33";"0,33";"0,0";"9,67";"2416,0";"170,27";"602,0";"212,0";"16,33";"28,67";"1,33";"240,67";"17,67";"25,33";"0,67";"16,0";"3,67";"0,33";"0,33";"13,33";"5047,41";"168,25";"1028,13";"408,78";"35,2";"79,04";"4,94";"487,82";"40,14";"46,93";"0,62";"31,49";"2,47";"0,62";"0,0";"17,91";"5108,22";"170,27";"1272,83";"448,24";"34,53";"60,61";"2,82";"508,85";"37,35";"53,56";"1,41";"33,83";"7,75";"0,7";"0,7";"28,19";"0,66";"1,32";"45,42"
"Erik Ludvig Arvidsson";"L. Arvidsson";"1005242";"2008-05-17";"Halmstads BK";"1735";"SWE - Allsvenskan";"90";"2025/2025";"128";"Wide Attacker";"57,27";"32,55";"12,2";"20,35";"15";"0";"6982,93";"121,92";"1187,07";"417,2";"36,33";"71,2";"5,07";"488,4";"41,4";"27,71";"29,98";"82,2";"4,27";"68,8";"9,27";"2,67";"0,66";"0,79";"0,47";"1,34";"null";"22,73";"1,86";"2,95";"10973,06";"121,92";"1865,37";"655,59";"57,09";"111,88";"7,96";"767,48";"65,06";"129,17";"6,7";"108,11";"14,56";"4,19";"0,73";"35,72";"9270,24";"154,5";"1966,4";"718,55";"60,59";"114,54";"7,5";"833,09";"68,08";"109,37";"5,65";"82,09";"11,18";"1925,87";"157,92";"407,0";"180,93";"14,67";"35,67";"2,33";"216,6";"17,0";"22,93";"1,13";"14,27";"2,07";"0,67";"0,2";"8,13";"3103,07";"152,46";"659,73";"208,87";"18,2";"26,47";"1,73";"235,33";"19,93";"36,4";"1,93";"30,27";"4,0";"1,2";"0,07";"12,87";"4737,46";"157,92";"1001,18";"445,08";"36,08";"87,74";"5,74";"532,82";"41,82";"56,41";"2,79";"35,09";"5,08";"1,64";"0,49";"20,01";"4573,8";"152,46";"972,42";"307,86";"26,83";"39,01";"2,55";"346,87";"29,38";"53,65";"2,85";"44,61";"5,9";"1,77";"0,1";"18,96";"0,49";"3,44";"38,71"
"Philippe Ndinga Ossibadjouo";"P. Ndinga Ossibadjouo";"1006311";"2005-06-03";"Degerfors IF";"1736";"SWE - Allsvenskan";"90";"2025/2025";"128";"Full Back";"94,74";"49,16";"21,9";"27,27";"7";"0";"10129,29";"106,91";"1324,43";"591,57";"65,71";"303,86";"16,86";"895,43";"82,57";"30,89";"31,26";"110,71";"7,57";"93,0";"15,86";"6,0";"0,71";"0,71";"2,57";"1,35";"null";"42,43";"2,03";"2,74";"9622,21";"106,91";"1258,13";"561,96";"62,42";"288,65";"16,01";"850,6";"78,44";"105,17";"7,19";"88,34";"15,06";"5,7";"2,44";"40,3";"8428,13";"140,47";"1409,8";"657,65";"70,96";"331,27";"17,09";"988,92";"88,05";"96,59";"6,1";"69,57";"10,46";"3007,29";"137,35";"499,43";"213,29";"22,43";"93,29";"4,86";"306,57";"27,29";"31,43";"1,71";"23,0";"3,0";"0,86";"0,29";"10,57";"3898,43";"142,97";"655,71";"325,57";"35,71";"178,14";"9,14";"503,71";"44,86";"47,71";"3,29";"34,0";"5,57";"2,57";"1,0";"28,57";"4120,47";"137,35";"684,3";"292,24";"30,73";"127,82";"6,66";"420,05";"37,39";"43,06";"2,35";"31,51";"4,11";"1,17";"0,39";"14,48";"4289,22";"142,97";"721,45";"358,21";"39,29";"196,0";"10,06";"554,21";"49,35";"52,5";"3,62";"37,41";"6,13";"2,83";"1,1";"31,44";"1,57";"4,18";"47,77"
"Malte Persson";"M. Persson";"1008967";"2006-07-02";"Halmstads BK";"1735";"SWE - Allsvenskan";"90";"2025/2025";"128";"Center Forward";"54,97";"32,21";"11,69";"20,51";"3";"0";"6491,33";"118,08";"884,67";"395,33";"39,0";"133,33";"7,33";"528,67";"46,33";"30,33";"30,33";"67,67";"5,33";"58,0";"10,33";"3,67";"0,81";"null";"0,33";"null";"null";"28,67";"2,37";"null";"10627,55";"118,08";"1448,37";"647,24";"63,85";"218,29";"12,01";"865,53";"75,86";"110,78";"8,73";"94,96";"16,92";"6,0";"0,55";"46,93";"8886,04";"148,1";"1459,38";"670,07";"65,21";"224,81";"12,42";"894,88";"77,63";"85,7";"6,21";"67,69";"11,18";"1810,33";"154,8";"321,33";"177,33";"19,67";"98,0";"5,0";"275,33";"24,67";"21,33";"1,67";"14,33";"2,33";"0,67";"0,33";"12,67";"2959,33";"144,28";"462,0";"182,33";"15,33";"22,67";"1,67";"205,0";"17,0";"24,67";"1,67";"22,0";"3,67";"1,0";"0,0";"13,33";"4644,09";"154,8";"824,32";"454,92";"50,45";"251,4";"12,83";"706,32";"63,28";"54,73";"4,28";"36,77";"5,99";"1,71";"0,86";"32,49";"4328,39";"144,28";"675,73";"266,68";"22,43";"33,15";"2,44";"299,84";"24,86";"36,08";"2,44";"32,18";"5,36";"1,46";"0,0";"19,5";"0,62";"3,11";"48,44"
"Rasmus  Niklasson Petrovic";"R. Petrovic";"1009819";"2003-05-17";"GAIS";"3534";"SWE - Allsvenskan";"90";"2025/2025";"128";"Center Forward";"76,62";"44,28";"20,87";"23,41";"3";"0";"9832,0";"128,33";"1874,33";"761,33";"68,33";"211,33";"12,67";"972,67";"81,0";"28,6";"28,6";"101,33";"5,67";"81,33";"12,33";"4,67";"0,86";"0,86";"0,0";"null";"null";"45,67";"2,22";"null";"11549,45";"128,33";"2201,74";"894,32";"80,27";"248,25";"14,88";"1142,57";"95,15";"119,03";"6,66";"95,54";"14,49";"5,48";"0,0";"53,64";"9698,32";"161,64";"2247,18";"940,43";"84,47";"257,01";"14,0";"1197,44";"98,47";"104,34";"5,42";"73,63";"12,65";"2970,0";"142,29";"523,67";"285,33";"28,33";"100,67";"5,33";"386,0";"33,67";"36,0";"2,0";"23,67";"3,67";"1,67";"0,0";"14,33";"4187,0";"178,89";"1134,67";"408,67";"34,0";"89,0";"5,0";"497,67";"39,0";"41,0";"2,0";"30,67";"5,67";"1,33";"0,0";"27,0";"4268,83";"142,29";"752,68";"410,11";"40,72";"144,69";"7,67";"554,8";"48,39";"51,74";"2,87";"34,02";"5,27";"2,4";"0,0";"20,6";"5366,67";"178,89";"1454,36";"523,81";"43,58";"114,08";"6,41";"637,88";"49,99";"52,55";"2,56";"39,31";"7,26";"1,71";"0,0";"34,61";"0,0";"4,07";"56,01"
"Rasmus  Niklasson Petrovic";"R. Petrovic";"1009819";"2003-05-17";"GAIS";"3534";"SWE - Allsvenskan";"90";"2025/2025";"128";"Wide Attacker";"64,0";"37,0";"19,34";"17,66";"17";"3";"8284,41";"129,44";"1479,82";"636,88";"56,76";"261,53";"13,35";"898,41";"70,12";"30,62";"32,42";"85,88";"6,65";"70,06";"13,94";"4,65";"0,62";"0,63";"2,12";"1,25";"1,36";"41,06";"1,88";"2,63";"11649,95";"129,44";"2081,0";"895,62";"79,83";"367,78";"18,78";"1263,39";"98,6";"120,77";"9,35";"98,52";"19,6";"6,53";"2,98";"57,74";"9663,34";"161,06";"2139,87";"937,87";"83,85";"387,57";"18,41";"1325,44";"102,26";"100,73";"6,49";"73,35";"13,16";"2869,65";"148,38";"554,53";"286,47";"27,0";"141,65";"6,65";"428,12";"33,65";"32,0";"2,53";"20,94";"3,76";"1,53";"0,71";"18,24";"3089,41";"174,94";"765,06";"291,88";"24,71";"97,35";"4,71";"389,24";"29,41";"30,12";"1,47";"24,29";"4,35";"0,82";"0,35";"19,65";"4451,32";"148,38";"860,17";"444,37";"41,88";"219,72";"10,31";"664,08";"52,19";"49,64";"3,92";"32,48";"5,84";"2,37";"1,09";"28,29";"5248,21";"174,94";"1299,66";"495,84";"41,97";"165,38";"7,99";"661,22";"49,96";"51,16";"2,5";"41,27";"7,39";"1,4";"0,6";"33,38";"1,72";"3,82";"61,43"
"Yannick Geiger";"Y. Geiger";"1017668";"2007-06-23";"AIK";"524";"SWE - Allsvenskan";"90";"2025/2025";"128";"Full Back";"57,73";"30,13";"15,92";"14,21";"9";"0";"6684,33";"115,78";"1024,33";"458,22";"37,67";"87,89";"6,0";"546,11";"43,67";"26,78";"27,62";"81,33";"3,89";"65,56";"12,22";"1,78";"0,77";"1,03";"0,44";"1,84";"null";"26,11";"1,96";"2,85";"10420,48";"115,78";"1596,88";"714,34";"58,72";"137,01";"9,35";"851,36";"68,07";"126,79";"6,06";"102,2";"19,05";"2,77";"0,69";"40,71";"8991,59";"149,86";"1769,9";"845,78";"67,27";"168,18";"10,4";"1013,97";"77,67";"111,31";"4,87";"80,77";"14,38";"2307,78";"144,97";"422,78";"187,89";"15,56";"29,44";"1,89";"217,33";"17,44";"27,56";"1,11";"20,44";"2,67";"0,44";"0,0";"9,44";"2206,89";"155,33";"465,89";"236,78";"18,22";"55,0";"3,33";"291,78";"21,56";"28,33";"1,33";"20,11";"4,56";"0,22";"0,11";"13,67";"4349,23";"144,97";"796,77";"354,09";"29,32";"55,49";"3,56";"409,59";"32,88";"51,93";"2,09";"38,53";"5,03";"0,84";"0,0";"17,8";"4660,01";"155,33";"983,76";"499,97";"38,48";"116,14";"7,04";"616,11";"45,52";"59,83";"2,82";"42,47";"9,62";"0,47";"0,23";"28,86";"0,22";"1,33";"46,03"
"Kevin Filling";"K. Filling";"1017669";"2008-11-30";"AIK";"524";"SWE - Allsvenskan";"90";"2025/2025";"128";"Center Forward";"55,17";"27,86";"12,38";"15,48";"3";"0";"6904,67";"125,16";"1294,33";"465,67";"47,33";"134,67";"9,67";"600,33";"57,0";"27,37";"27,37";"78,33";"3,33";"59,0";"12,0";"2,67";"0,82";"null";"1,33";"1,64";"null";"32,0";"2,4";"null";"11264,41";"125,16";"2111,6";"759,7";"77,22";"219,7";"15,77";"979,4";"92,99";"127,79";"5,44";"96,25";"19,58";"4,35";"2,18";"52,21";"10047,55";"167,46";"2444,75";"879,54";"89,03";"267,81";"17,95";"1147,35";"106,98";"109,85";"4,31";"75,39";"14,36";"2036,33";"164,52";"448,67";"222,67";"23,33";"80,33";"6,0";"303,0";"29,33";"23,67";"0,67";"14,67";"2,33";"0,33";"0,0";"11,67";"2628,33";"169,81";"686,33";"185,67";"18,0";"44,0";"2,33";"229,67";"20,33";"27,33";"1,33";"20,33";"4,33";"1,33";"0,33";"17,33";"4935,46";"164,52";"1087,43";"539,68";"56,55";"194,7";"14,54";"734,38";"71,1";"57,36";"1,62";"35,55";"5,66";"0,81";"0,0";"28,28";"5094,4";"169,81";"1330,29";"359,87";"34,89";"85,28";"4,52";"445,15";"39,41";"52,98";"2,58";"39,41";"8,4";"2,58";"0,65";"33,6";"0,72";"3,59";"62,47"
"Lasse Bruun Madsen";"L. Madsen";"1018173";"2005-03-19";"BK Hacken";"523";"SWE - Allsvenskan";"90";"2025/2025";"128";"Midfield";"57,66";"30,86";"16,65";"14,21";"3";"0";"7850,33";"136,16";"1442,0";"431,67";"41,33";"76,67";"4,67";"508,33";"46,0";"27,63";"27,63";"88,0";"2,67";"67,33";"9,0";"0,33";"null";"null";"0,0";"null";"null";"30,67";"2,34";"2,92";"12254,33";"136,16";"2250,95";"673,83";"64,52";"119,68";"7,28";"793,51";"71,81";"137,37";"4,16";"105,11";"14,05";"0,52";"0,0";"47,87";"10756,57";"179,28";"2525,96";"770,04";"70,65";"140,66";"7,13";"910,69";"77,78";"119,91";"2,59";"83,62";"7,78";"3009,0";"180,72";"734,0";"213,67";"18,33";"38,0";"2,0";"251,67";"20,33";"33,0";"0,67";"23,0";"2,33";"0,0";"0,0";"14,33";"2522,67";"177,58";"565,0";"182,33";"18,0";"34,33";"1,67";"216,67";"19,67";"28,67";"0,67";"20,0";"1,67";"0,0";"0,0";"14,67";"5421,62";"180,72";"1322,52";"384,98";"33,03";"68,47";"3,6";"453,45";"36,64";"59,46";"1,2";"41,44";"4,2";"0,0";"0,0";"25,83";"5327,49";"177,58";"1193,2";"385,06";"38,01";"72,51";"3,52";"457,57";"41,53";"60,54";"1,41";"42,24";"3,52";"0,0";"0,0";"30,97";"0,0";"0,0";"56,39"
"Olle Samuelsson";"O. Samuelsson";"1018174";"2004-05-16";"BK Hacken";"523";"SWE - Allsvenskan";"90";"2025/2025";"128";"Central Defender";"88,99";"51,13";"29,73";"21,39";"10";"1";"9400,7";"105,64";"1167,1";"394,3";"36,5";"169,5";"7,1";"563,8";"43,6";"30,05";"32,22";"103,9";"6,2";"82,3";"11,3";"4,3";"0,69";"0,69";"1,2";"1,29";"null";"25,6";"1,95";"2,73";"9507,22";"105,64";"1180,32";"398,77";"36,91";"171,42";"7,18";"570,19";"44,09";"105,08";"6,27";"83,23";"11,43";"4,35";"1,21";"25,89";"7987,05";"133,12";"1173,24";"382,67";"36,5";"147,27";"6,57";"529,94";"43,07";"85,31";"4,22";"64,89";"6,69";"3793,7";"127,58";"496,9";"111,7";"10,2";"36,8";"1,8";"148,5";"12,0";"34,5";"1,4";"29,1";"2,2";"1,0";"0,1";"9,4";"3012,6";"140,81";"502,9";"214,4";"20,9";"88,7";"3,8";"303,1";"24,7";"38,2";"2,2";"26,2";"3,5";"1,4";"0,9";"13,6";"3827,51";"127,58";"501,33";"112,7";"10,29";"37,13";"1,82";"149,82";"12,11";"34,81";"1,41";"29,36";"2,22";"1,01";"0,1";"9,48";"4224,26";"140,81";"705,16";"300,63";"29,31";"124,37";"5,33";"425,01";"34,63";"53,56";"3,08";"36,74";"4,91";"1,96";"1,26";"19,07";"1,17";"2,82";"26,99"
"Abdoulie Tamba";"A. Tamba";"1028142";"2006-01-11";"IFK Norrköping";"1484";"SWE - Allsvenskan";"90";"2025/2025";"128";"Central Defender";"67,28";"35,38";"16,16";"19,22";"4";"0";"7749,75";"115,19";"1012,75";"339,75";"31,75";"95,5";"4,75";"435,25";"36,5";"29,23";"29,23";"82,75";"4,25";"67,25";"8,0";"3,25";"0,81";"null";"2,0";"1,5";"null";"20,5";"2,33";"3,15";"10366,92";"115,19";"1354,77";"454,49";"42,47";"127,75";"6,35";"582,24";"48,83";"110,7";"5,69";"89,96";"10,7";"4,35";"2,68";"27,42";"9150,72";"152,51";"1491,13";"499,87";"45,37";"142,03";"5,94";"641,9";"51,3";"96,67";"4,24";"73,35";"6,36";"2363,25";"146,26";"343,0";"90,75";"7,75";"4,25";"0,75";"95,0";"8,5";"20,5";"0,75";"15,75";"1,5";"0,25";"0,0";"4,75";"3032,5";"157,77";"536,25";"204,0";"19,0";"79,5";"2,75";"283,5";"21,75";"36,5";"1,75";"27,5";"2,25";"1,25";"0,75";"12,5";"4387,67";"146,26";"636,82";"168,49";"14,39";"7,89";"1,39";"176,38";"15,78";"38,06";"1,39";"29,24";"2,78";"0,46";"0,0";"8,82";"4733,15";"157,77";"836,98";"318,4";"29,66";"124,08";"4,29";"442,49";"33,95";"56,97";"2,73";"42,92";"3,51";"1,95";"1,17";"19,51";"1,27";"2,54";"29,25"
