"Player";"Short Name";"Player ID";"Birthdate";"Team";"Team ID";"Competition";"Competition ID";"Season";"Season ID";"Position Group";"Minutes";"Minutes BIP";"Minutes TIP";"Minutes OTIP";"Count Performances (Physical Check passed)";"Count Performances (Physical Check failed)";"Distance";"M/min";"Running Distance";"HSR Distance";"HSR Count";"Sprint Distance";"Sprint Count";"HI Distance";"HI Count";"PSV-99";"TOP 5 PSV-99";"Medium Acceleration Count";"High Acceleration Count";"Medium Deceleration Count";"High Deceleration Count";"Explosive Acceleration to HSR Count";"TOP 3 Time to HSR";"TOP 3 Time to HSR post-COD";"Explosive Acceleration to Sprint Count";"TOP 3 Time to Sprint";"TOP 3 Time to Sprint post-COD";"Change of Direction Count";"TOP 3 Time to 505 around 90";"TOP 3 Time to 505 around 180";"Distance P90";"M/min P90";"Running Distance P90";"HSR Distance P90";"HSR Count P90";"Sprint Distance P90";"Sprint Count P90";"HI Distance P90";"HI Count P90";"Medium Acceleration Count P90";"High Acceleration Count P90";"Medium Deceleration Count P90";"High Deceleration Count P90";"Explosive Acceleration to HSR Count P90";"Explosive Acceleration to Sprint Count P90";"Change of Direction Count P90";"Distance P60BIP";"M/min BIP P60BIP";"Running Distance P60BIP";"HSR Distance P60BIP";"HSR Count P60BIP";"Sprint Distance P60BIP";"Sprint Count P60BIP";"HI Distance BIP P60BIP";"HI Count BIP P60BIP";"Medium Acceleration Count P60BIP";"High Acceleration Count P60BIP";"Medium Deceleration Count P60BIP";"High Deceleration Count P60BIP";"Distance TIP";"M/min TIP";"Running Distance TIP";"HSR Distance TIP";"HSR Count TIP";"Sprint Distance TIP";"Sprint Count TIP";"HI Distance TIP";"HI Count TIP";"Medium Acceleration Count TIP";"High Acceleration Count TIP";"Medium Deceleration Count TIP";"High Deceleration Count TIP";"Explosive Acceleration to HSR Count TIP";"Explosive Acceleration to Sprint Count TIP";"Change of Direction Count TIP";"Distance OTIP";"M/min OTIP";"Running Distance OTIP";"HSR Distance OTIP";"HSR Count OTIP";"Sprint Distance OTIP";"Sprint Count OTIP";"HI Distance OTIP";"HI Count OTIP";"Medium Acceleration Count OTIP";"High Acceleration Count OTIP";"Medium Deceleration Count OTIP";"High Deceleration Count OTIP";"Explosive Acceleration to HSR Count OTIP";"Explosive Acceleration to Sprint Count OTIP";"Change of Direction Count OTIP";"Distance TIP P30TIP";"M/min TIP P30TIP";"Running Distance TIP P30TIP";"HSR Distance TIP P30TIP";"HSR Count TIP P30TIP";"Sprint Distance TIP P30TIP";"Sprint Count TIP P30TIP";"HI Distance TIP P30TIP";"HI Count TIP P30TIP";"Medium Acceleration Count TIP P30TIP";"High Acceleration Count TIP P30TIP";"Medium Deceleration Count TIP P30TIP";"High Deceleration Count TIP P30TIP";"Explosive Acceleration to HSR Count TIP P30TIP";"Explosive Acceleration to Sprint Count TIP P30TIP";"Change of Direction Count TIP P30TIP";"Distance OTIP P30OTIP";"M/min OTIP P30OTIP";"Running Distance OTIP P30OTIP";"HSR Distance OTIP P30OTIP";"HSR Count OTIP P30OTIP";"Sprint Distance OTIP P30OTIP";"Sprint Count OTIP P30OTIP";"HI Distance OTIP P30OTIP";"HI Count OTIP P30OTIP";"Medium Acceleration Count OTIP P30OTIP";"High Acceleration Count OTIP P30OTIP";"Medium Deceleration Count OTIP P30OTIP";"High Deceleration Count OTIP P30OTIP";"Explosive Acceleration to HSR Count OTIP P30OTIP";"Explosive Acceleration to Sprint Count OTIP P30OTIP";"Change of Direction Count OTIP P30OTIP";"Explosive Acceleration to Sprint Count P60BIP";"Explosive Acceleration to HSR Count P60BIP";"Change of Direction Count P60BIP"
"Bart Straalman";"B. Straalman";"1200";"1996-08-22";"FC Inter Turku";"1769";"FIN - Veikkausliiga";"323";"2025/2025";"128";"Central Defender";"98,08";"56,81";"30,54";"26,27";"21";"1";"10253,0";"104,53";"1323,33";"425,62";"40,52";"128,0";"7,24";"553,62";"47,76";"28,46";"30,06";"113,57";"5,48";"90,71";"10,95";"3,9";"0,6";"0,66";"0,81";"1,29";"1,61";"22,05";"2,0";"2,9";"9407,94";"104,53";"1214,26";"390,54";"37,18";"117,45";"6,64";"507,99";"43,83";"104,21";"5,02";"83,24";"10,05";"3,58";"0,74";"20,23";"7801,07";"130,02";"1193,95";"397,53";"37,87";"121,91";"6,59";"519,44";"44,46";"86,96";"4,02";"67,24";"6,94";"3707,57";"121,4";"504,76";"123,86";"12,29";"29,0";"1,81";"152,86";"14,1";"35,14";"1,62";"28,81";"2,76";"0,76";"0,14";"5,67";"3678,48";"140,04";"625,67";"252,52";"23,57";"86,43";"4,43";"338,95";"28,0";"47,19";"2,19";"34,86";"3,81";"1,52";"0,48";"14,38";"3641,96";"121,4";"495,83";"121,67";"12,07";"28,49";"1,78";"150,15";"13,85";"34,52";"1,59";"28,3";"2,71";"0,75";"0,14";"5,57";"4201,18";"140,04";"714,57";"288,41";"26,92";"98,71";"5,06";"387,12";"31,98";"53,9";"2,5";"39,81";"4,35";"1,74";"0,54";"16,42";"0,65";"2,41";"21,17"
"Jelle van der Heyden";"J. van der Heyden";"4898";"1995-08-31";"IFK Mariehamn";"5280";"FIN - Veikkausliiga";"323";"2025/2025";"128";"Midfield";"80,6";"48,73";"21,1";"27,63";"9";"1";"10177,89";"126,27";"1594,44";"518,44";"44,89";"120,33";"6,56";"638,78";"51,44";"27,46";"28,44";"100,67";"3,56";"89,22";"10,0";"2,33";"0,73";"0,78";"0,56";"1,75";"null";"33,44";"1,92";"2,78";"11364,37";"126,27";"1780,32";"578,88";"50,12";"134,36";"7,32";"713,24";"57,44";"112,4";"3,97";"99,62";"11,17";"2,61";"0,62";"37,34";"9475,46";"157,92";"1829,48";"611,65";"51,44";"134,48";"6,43";"746,13";"57,87";"97,54";"3,01";"77,84";"9,17";"3300,44";"156,43";"634,67";"144,78";"13,56";"38,44";"1,89";"183,22";"15,44";"33,0";"1,11";"23,89";"2,33";"0,56";"0,11";"12,0";"4395,44";"159,06";"851,22";"352,0";"28,22";"70,78";"3,33";"422,78";"31,56";"46,22";"1,33";"39,33";"5,11";"0,67";"0,11";"19,78";"4692,99";"156,43";"902,45";"205,86";"19,27";"54,67";"2,69";"260,53";"21,96";"46,92";"1,58";"33,97";"3,32";"0,79";"0,16";"17,06";"4771,89";"159,06";"924,13";"382,15";"30,64";"76,84";"3,62";"458,99";"34,26";"50,18";"1,45";"42,7";"5,55";"0,72";"0,12";"21,47";"0,27";"1,5";"39,13"
"Jelle van der Heyden";"J. van der Heyden";"4898";"1995-08-31";"IFK Mariehamn";"5280";"FIN - Veikkausliiga";"323";"2026/2026";"130";"Midfield";"78,53";"46,38";"22,49";"23,9";"6";"0";"10092,83";"128,52";"1745,83";"615,5";"45,67";"104,67";"6,33";"720,17";"52,0";"26,92";"27,14";"97,5";"2,83";"87,83";"10,17";"1,83";"0,93";"null";"0,17";"null";"null";"36,0";"2,11";"2,85";"11566,9";"128,52";"2000,81";"705,39";"52,34";"119,95";"7,26";"825,35";"59,59";"111,74";"3,25";"100,66";"11,65";"2,1";"0,19";"41,26";"9829,61";"163,83";"2119,94";"763,21";"55,84";"111,03";"6,47";"874,24";"62,31";"99,17";"2,37";"78,48";"8,41";"3488,33";"155,13";"663,33";"162,67";"13,33";"19,17";"1,33";"181,83";"14,67";"33,5";"1,0";"25,5";"1,83";"0,33";"0,0";"11,17";"4110,5";"172,01";"975,5";"427,33";"29,83";"66,67";"3,67";"494,0";"33,5";"43,17";"0,83";"35,17";"4,67";"0,33";"0,17";"23,0";"4653,98";"155,13";"884,99";"217,02";"17,79";"25,57";"1,78";"242,59";"19,57";"44,69";"1,33";"34,02";"2,45";"0,44";"0,0";"14,9";"5160,22";"172,01";"1224,62";"536,46";"37,45";"83,69";"4,6";"620,16";"42,06";"54,19";"1,05";"44,15";"5,86";"0,42";"0,21";"28,87";"0,22";"0,86";"44,2"
"Juhani Ojala";"J. Ojala";"5561";"1989-06-19";"IF Gnistan";"5281";"FIN - Veikkausliiga";"323";"2025/2025";"128";"Central Defender";"90,73";"47,72";"21,08";"26,64";"27";"2";"9164,52";"101,01";"1085,67";"359,11";"30,63";"83,11";"4,37";"442,22";"35,0";"27,8";"29,9";"99,59";"3,96";"80,33";"9,78";"1,93";"0,66";"0,68";"0,26";"2,1";"null";"17,78";"2,16";"2,85";"9091,19";"101,01";"1076,98";"356,24";"30,38";"82,45";"4,34";"438,68";"34,72";"98,8";"3,93";"79,69";"9,7";"1,91";"0,26";"17,64";"7797,76";"129,96";"1126,69";"396,44";"33,81";"97,42";"3,96";"493,86";"37,77";"84,15";"3,4";"63,01";"6,61";"2514,52";"119,29";"299,11";"66,15";"5,96";"14,07";"0,59";"80,22";"6,56";"21,78";"1,04";"17,37";"1,81";"0,04";"0,0";"3,37";"3687,19";"138,41";"596,96";"249,15";"20,93";"63,41";"2,56";"312,56";"23,48";"45,15";"1,67";"32,74";"3,44";"0,85";"0,11";"12,59";"3578,7";"119,29";"425,7";"94,14";"8,49";"20,03";"0,84";"114,17";"9,33";"30,99";"1,48";"24,72";"2,58";"0,05";"0,0";"4,8";"4152,22";"138,41";"672,25";"280,57";"23,57";"71,4";"2,88";"351,98";"26,44";"50,84";"1,88";"36,87";"3,88";"0,96";"0,13";"14,18";"0,14";"1,12";"20,07"
"Juhani Ojala";"J. Ojala";"5561";"1989-06-19";"IF Gnistan";"5281";"FIN - Veikkausliiga";"323";"2026/2026";"130";"Central Defender";"77,83";"41,59";"14,27";"27,32";"4";"0";"8149,25";"104,71";"1041,5";"326,5";"26,25";"60,5";"2,75";"387,0";"29,0";"27,12";"27,12";"87,75";"3,5";"70,25";"8,5";"2,75";"0,88";"null";"1,0";"null";"null";"14,5";"null";"null";"9424,12";"104,71";"1204,43";"377,58";"30,36";"69,96";"3,18";"447,54";"33,54";"101,48";"4,05";"81,24";"9,83";"3,18";"1,16";"16,77";"7992,71";"133,21";"1249,65";"399,24";"32,82";"79,34";"2,52";"478,58";"35,34";"86,2";"3,61";"63,83";"7,21";"1821,5";"127,64";"255,25";"56,0";"4,25";"9,75";"0,25";"65,75";"4,5";"16,25";"1,25";"10,25";"1,75";"0,0";"0,0";"2,25";"3719,0";"136,12";"611,0";"220,75";"18,5";"45,25";"1,5";"266,0";"20,0";"43,5";"1,25";"34,0";"3,25";"1,0";"0,25";"11,75";"3829,14";"127,64";"536,58";"117,72";"8,93";"20,5";"0,53";"138,22";"9,46";"34,16";"2,63";"21,55";"3,68";"0,0";"0,0";"4,73";"4083,7";"136,12";"670,92";"242,4";"20,31";"49,69";"1,65";"292,08";"21,96";"47,77";"1,37";"37,33";"3,57";"1,1";"0,27";"12,9";"0,36";"1,44";"20,2"
"Jukka Raitala";"J. Raitala";"5563";"1988-09-15";"IF Gnistan";"5281";"FIN - Veikkausliiga";"323";"2025/2025";"128";"Central Defender";"92,44";"50,24";"23,6";"26,63";"5";"1";"9458,2";"102,32";"1063,2";"401,6";"37,0";"152,4";"6,8";"554,0";"43,8";"29,28";"29,28";"103,6";"4,8";"79,8";"11,6";"3,2";"0,79";"null";"1,4";"null";"null";"18,0";"2,75";"2,7";"9208,88";"102,32";"1035,17";"391,01";"36,02";"148,38";"6,62";"539,4";"42,65";"100,87";"4,67";"77,7";"11,29";"3,12";"1,36";"17,53";"7760,63";"129,34";"1072,52";"429,96";"38,46";"163,39";"6,21";"593,35";"44,67";"80,74";"4,06";"60,67";"8,6";"2860,0";"121,17";"310,6";"87,0";"8,4";"25,6";"1,0";"112,6";"9,4";"23,2";"1,4";"19,0";"2,4";"0,4";"0,0";"4,6";"3637,8";"136,59";"587,4";"273,0";"23,8";"111,2";"4,2";"384,2";"28,0";"44,4";"2,0";"31,8";"4,8";"1,2";"0,6";"11,4";"3635,08";"121,17";"394,77";"110,58";"10,68";"32,54";"1,27";"143,12";"11,95";"29,49";"1,78";"24,15";"3,05";"0,51";"0,0";"5,85";"4097,65";"136,59";"661,65";"307,51";"26,81";"125,26";"4,73";"432,77";"31,54";"50,01";"2,25";"35,82";"5,41";"1,35";"0,68";"12,84";"0,72";"1,91";"19,11"
"Jukka Raitala";"J. Raitala";"5563";"1988-09-15";"IF Gnistan";"5281";"FIN - Veikkausliiga";"323";"2025/2025";"128";"Full Back";"89,36";"46,35";"17,86";"28,49";"8";"1";"9523,5";"106,57";"1187,88";"487,25";"45,62";"165,5";"9,0";"652,75";"54,62";"29,34";"30,24";"101,12";"6,5";"86,12";"14,75";"4,88";"0,65";"0,73";"0,75";"1,55";"1,55";"25,62";"2,4";"2,68";"9591,44";"106,57";"1196,35";"490,73";"45,95";"166,68";"9,06";"657,41";"55,01";"101,85";"6,55";"86,74";"14,86";"4,91";"0,76";"25,81";"8094,26";"134,9";"1294,71";"579,56";"53,39";"198,53";"9,38";"778,09";"62,78";"89,15";"5,18";"67,79";"11,0";"2322,5";"130,04";"331,5";"138,62";"14,0";"61,0";"2,88";"199,62";"16,88";"23,0";"1,5";"17,38";"2,88";"0,62";"0,0";"5,62";"3930,88";"137,96";"668,75";"309,12";"27,25";"92,38";"4,38";"401,5";"31,62";"45,88";"2,5";"35,0";"5,62";"1,75";"0,38";"17,5";"3901,08";"130,04";"556,82";"232,85";"23,52";"102,46";"4,83";"335,31";"28,34";"38,63";"2,52";"29,18";"4,83";"1,05";"0,0";"9,45";"4138,67";"137,96";"704,1";"325,47";"28,69";"97,26";"4,61";"422,72";"33,3";"48,3";"2,63";"36,85";"5,92";"1,84";"0,39";"18,43";"0,49";"3,07";"29,93"
"Teemu Pukki";"T. Pukki";"10227";"1990-03-29";"HJK Helsinki";"429";"FIN - Veikkausliiga";"323";"2025/2025";"128";"Center Forward";"76,23";"43,48";"24,09";"19,39";"22";"2";"8796,27";"115,38";"1243,36";"579,55";"62,32";"297,09";"15,95";"876,64";"78,27";"30,74";"32,26";"90,91";"6,86";"72,95";"16,82";"5,45";"0,64";"0,71";"2,5";"1,23";"1,59";"42,0";"1,79";"2,77";"10384,55";"115,38";"1467,87";"684,19";"73,57";"350,73";"18,84";"1034,92";"92,41";"107,32";"8,1";"86,13";"19,85";"6,44";"2,95";"49,58";"8776,09";"146,27";"1539,15";"732,41";"78,47";"379,69";"19,13";"1112,1";"97,6";"90,52";"6,4";"66,99";"13,36";"3422,23";"142,07";"562,41";"287,14";"32,23";"173,64";"8,59";"460,77";"40,82";"40,0";"3,05";"26,91";"5,23";"2,36";"1,14";"20,73";"2937,23";"151,48";"552,91";"243,59";"24,64";"101,5";"5,27";"345,09";"29,91";"25,59";"1,59";"21,64";"4,45";"0,77";"0,27";"17,77";"4262,18";"142,07";"700,45";"357,61";"40,14";"216,25";"10,7";"573,86";"50,84";"49,82";"3,79";"33,51";"6,51";"2,94";"1,42";"25,81";"4544,41";"151,48";"855,45";"376,88";"38,12";"157,04";"8,16";"533,92";"46,27";"39,59";"2,46";"33,48";"6,89";"1,2";"0,42";"27,5";"1,94";"4,33";"53,13"
"Teemu Pukki";"T. Pukki";"10227";"1990-03-29";"HJK Helsinki";"429";"FIN - Veikkausliiga";"323";"2026/2026";"130";"Center Forward";"71,25";"42,72";"22,98";"19,74";"7";"0";"8463,14";"118,78";"1164,14";"564,29";"59,86";"277,0";"15,0";"841,29";"74,86";"31,41";"31,66";"88,0";"7,14";"72,57";"14,43";"4,29";"0,69";"null";"0,71";"1,35";"null";"41,29";"2,18";"2,8";"10689,93";"118,78";"1470,45";"712,76";"75,61";"349,88";"18,95";"1062,64";"94,55";"111,15";"9,02";"91,67";"18,22";"5,41";"0,9";"52,15";"8780,89";"146,35";"1463,72";"724,13";"77,05";"352,34";"18,66";"1076,47";"95,71";"90,09";"5,82";"67,22";"11,64";"3225,29";"140,35";"505,86";"281,0";"31,0";"179,0";"8,57";"460,0";"39,57";"36,0";"2,86";"24,43";"4,43";"1,43";"0,43";"19,71";"3026,57";"153,34";"536,29";"234,57";"23,86";"71,86";"4,71";"306,43";"28,57";"28,14";"1,29";"23,43";"3,86";"0,71";"0,0";"18,57";"4210,38";"140,35";"660,36";"366,83";"40,47";"233,67";"11,19";"600,5";"51,66";"47,0";"3,73";"31,89";"5,78";"1,86";"0,56";"25,74";"4600,1";"153,34";"815,1";"356,53";"36,26";"109,22";"7,17";"465,74";"43,43";"42,77";"1,95";"35,61";"5,86";"1,09";"0,0";"28,23";"0,6";"3,01";"53,77"
"Kasim Adams Nuhu";"K. Adams";"12753";"1995-06-22";"Kuopion Palloseura";"5912";"FIN - Veikkausliiga";"323";"2026/2026";"130";"Central Defender";"95,97";"59,62";"35,58";"24,04";"5";"1";"10190,8";"106,19";"1251,4";"402,6";"35,8";"114,0";"5,0";"516,6";"40,8";"28,8";"28,8";"113,2";"4,6";"97,0";"10,8";"2,8";"0,78";"null";"0,4";"null";"null";"19,4";"2,15";"null";"9556,86";"106,19";"1173,55";"377,56";"33,57";"106,91";"4,69";"484,46";"38,26";"106,16";"4,31";"90,97";"10,13";"2,63";"0,38";"18,19";"7643,21";"127,39";"1076,42";"348,61";"30,59";"103,05";"4,63";"451,66";"35,22";"80,51";"2,62";"68,43";"6,04";"4194,6";"117,89";"452,0";"111,6";"9,4";"27,0";"1,2";"138,6";"10,6";"37,0";"1,0";"35,0";"2,6";"0,6";"0,0";"7,0";"3400,2";"141,44";"617,6";"234,8";"21,0";"75,4";"3,4";"310,2";"24,4";"43,0";"1,6";"33,0";"3,4";"0,6";"0,2";"11,6";"3536,76";"117,89";"381,11";"94,1";"7,93";"22,77";"1,01";"116,86";"8,94";"31,2";"0,84";"29,51";"2,19";"0,51";"0,0";"5,9";"4243,18";"141,44";"770,72";"293,01";"26,21";"94,09";"4,24";"387,1";"30,45";"53,66";"2,0";"41,18";"4,24";"0,75";"0,25";"14,48";"0,2";"1,21";"18,72"
"Jasse Tuominen";"J. Tuominen";"13263";"1995-11-12";"FC Inter Turku";"1769";"FIN - Veikkausliiga";"323";"2025/2025";"128";"Center Forward";"57,87";"33,91";"19,26";"14,65";"17";"1";"7156,47";"123,66";"1108,94";"493,35";"48,06";"147,71";"9,24";"641,06";"57,29";"29,11";"30,78";"81,35";"6,18";"68,94";"11,47";"4,76";"0,66";"0,7";"0,71";"1,37";"null";"38,76";"1,8";"2,84";"11129,14";"123,66";"1724,53";"767,22";"74,74";"229,7";"14,36";"996,92";"89,1";"126,51";"9,61";"107,21";"17,84";"7,41";"1,1";"60,28";"9315,65";"155,26";"1759,0";"817,16";"76,6";"242,28";"14,15";"1059,44";"90,75";"105,94";"6,66";"79,41";"13,01";"2859,24";"148,44";"510,71";"244,06";"23,53";"83,41";"4,82";"327,47";"28,35";"35,47";"2,35";"24,71";"3,82";"1,71";"0,35";"19,82";"2406,24";"164,23";"483,53";"217,82";"19,76";"53,53";"3,18";"271,35";"22,94";"24,41";"1,41";"20,18";"3,53";"1,18";"0,18";"16,12";"4453,23";"148,44";"795,42";"380,12";"36,65";"129,91";"7,51";"510,03";"44,16";"55,25";"3,66";"38,48";"5,96";"2,66";"0,55";"30,87";"4926,78";"164,23";"990,03";"446,0";"40,47";"109,6";"6,5";"555,6";"46,97";"49,98";"2,89";"41,31";"7,23";"2,41";"0,36";"33,0";"0,94";"5,1";"63,59"
"Jasse Tuominen";"J. Tuominen";"13263";"1995-11-12";"FC Inter Turku";"1769";"FIN - Veikkausliiga";"323";"2026/2026";"130";"Midfield";"71,91";"42,33";"27,55";"14,78";"6";"1";"9156,17";"127,33";"1588,33";"527,17";"52,0";"128,0";"8,5";"655,17";"60,5";"28,13";"28,42";"105,0";"5,67";"88,83";"12,5";"4,0";"0,69";"0,74";"0,0";"null";"null";"42,67";"1,85";"2,9";"11459,8";"127,33";"1987,95";"659,8";"65,08";"160,2";"10,64";"820,0";"75,72";"131,42";"7,09";"111,18";"15,64";"5,01";"0,0";"53,4";"9676,3";"161,27";"2030,55";"694,49";"68,74";"173,15";"10,16";"867,64";"78,9";"113,39";"5,2";"80,79";"9,69";"4326,83";"157,04";"860,67";"318,5";"30,17";"71,5";"4,5";"390,0";"34,67";"52,67";"2,17";"37,5";"4,17";"1,33";"0,0";"21,83";"2500,33";"169,16";"572,0";"171,5";"18,33";"50,67";"2,67";"222,17";"21,0";"27,33";"1,5";"19,5";"2,67";"1,0";"0,0";"17,67";"4711,14";"157,04";"937,11";"346,79";"32,85";"77,85";"4,9";"424,64";"37,75";"57,34";"2,36";"40,83";"4,54";"1,45";"0,0";"23,77";"5074,91";"169,16";"1160,98";"348,09";"37,21";"102,84";"5,41";"450,93";"42,62";"55,48";"3,04";"39,58";"5,41";"2,03";"0,0";"35,86";"0,0";"3,31";"55,98"
"Daniel O'Shaughnessy";"D. O'Shaughnessy";"13631";"1994-09-14";"HJK Helsinki";"429";"FIN - Veikkausliiga";"323";"2025/2025";"128";"Central Defender";"81,52";"49,12";"23,45";"25,67";"3";"0";"8933,67";"109,59";"978,67";"313,67";"26,33";"59,33";"3,67";"373,0";"30,0";"26,4";"26,4";"89,0";"3,33";"71,67";"6,67";"1,0";"null";"null";"0,0";"null";"null";"16,67";"null";"null";"9863,38";"109,59";"1080,52";"346,31";"29,07";"65,51";"4,05";"411,82";"33,12";"98,26";"3,68";"79,12";"7,36";"1,1";"0,0";"18,4";"8054,2";"134,24";"1060,62";"354,22";"29,72";"64,74";"2,04";"418,95";"31,76";"75,73";"2,85";"59,04";"4,89";"2864,33";"122,15";"263,33";"37,67";"4,67";"15,0";"0,0";"52,67";"4,67";"24,0";"1,33";"21,67";"2,0";"0,0";"0,0";"2,67";"3729,67";"145,28";"605,0";"252,33";"19,67";"38,0";"1,67";"290,33";"21,33";"38,0";"1,0";"26,67";"2,0";"0,33";"0,0";"13,67";"3664,39";"122,15";"336,89";"48,19";"5,97";"19,19";"0,0";"67,38";"5,97";"30,7";"1,71";"27,72";"2,56";"0,0";"0,0";"3,41";"4358,41";"145,28";"706,99";"294,87";"22,98";"44,41";"1,95";"339,28";"24,93";"44,41";"1,17";"31,16";"2,34";"0,39";"0,0";"15,97";"0,0";"0,41";"19,95"
"Juha Pirinen";"J. Pirinen";"13632";"1991-10-22";"AC Oulu";"5278";"FIN - Veikkausliiga";"323";"2026/2026";"130";"Central Defender";"95,99";"54,18";"24,71";"29,48";"9";"1";"10824,78";"112,77";"1622,33";"531,0";"43,89";"127,56";"7,11";"658,56";"51,0";"27,64";"28,44";"115,89";"6,0";"97,0";"11,67";"4,44";"0,66";"0,72";"0,89";"null";"null";"26,89";"1,99";"3,11";"10149,01";"112,77";"1521,05";"497,85";"41,15";"119,59";"6,67";"617,44";"47,82";"108,65";"5,63";"90,94";"10,94";"4,17";"0,83";"25,21";"8555,52";"142,59";"1525,19";"522,92";"41,96";"117,01";"6,03";"639,93";"47,99";"88,96";"4,43";"69,02";"7,75";"3384,33";"136,98";"563,22";"125,22";"9,78";"29,78";"1,44";"155,0";"11,22";"28,33";"1,56";"23,22";"2,44";"0,78";"0,22";"6,0";"4341,78";"147,3";"814,11";"347,0";"28,11";"75,89";"4,0";"422,89";"32,11";"52,0";"2,44";"39,11";"4,56";"1,78";"0,33";"18,56";"4109,29";"136,98";"683,87";"152,05";"11,87";"36,16";"1,75";"188,2";"13,63";"34,4";"1,89";"28,2";"2,97";"0,94";"0,27";"7,29";"4418,97";"147,3";"828,59";"353,17";"28,61";"77,24";"4,07";"430,41";"32,68";"52,92";"2,49";"39,81";"4,64";"1,81";"0,34";"18,89";"0,62";"2,83";"27,19"
"Sebastian Dahlström";"S. Dahlström";"13636";"1996-11-05";"IFK Mariehamn";"5280";"FIN - Veikkausliiga";"323";"2026/2026";"130";"Center Forward";"95,32";"51,71";"23,74";"27,97";"3";"0";"10865,67";"113,99";"1658,33";"590,33";"52,33";"180,67";"8,33";"771,0";"60,67";"28,53";"28,53";"107,33";"7,0";"91,0";"15,67";"4,33";"0,78";"null";"0,67";"null";"null";"42,33";"2,36";"null";"10258,99";"113,99";"1565,74";"557,37";"49,41";"170,58";"7,87";"727,95";"57,28";"101,34";"6,61";"85,92";"14,79";"4,09";"0,63";"39,97";"8790,93";"146,52";"1690,73";"632,04";"56,47";"186,44";"8,51";"818,48";"64,98";"88,97";"5,42";"68,85";"11,6";"3293,0";"138,72";"617,67";"255,67";"24,67";"71,33";"3,33";"327,0";"28,0";"41,0";"2,33";"26,0";"4,0";"1,33";"0,33";"17,33";"4282,67";"153,13";"839,33";"289,0";"24,0";"89,33";"4,0";"378,33";"28,0";"35,67";"2,33";"33,33";"6,0";"1,33";"0,0";"22,0";"4161,53";"138,72";"780,58";"323,1";"31,17";"90,15";"4,21";"413,25";"35,38";"51,81";"2,95";"32,86";"5,05";"1,68";"0,42";"21,9";"4594,04";"153,13";"900,36";"310,01";"25,74";"95,83";"4,29";"405,84";"30,04";"38,26";"2,5";"35,76";"6,44";"1,43";"0,0";"23,6";"0,39";"3,09";"45,64"
"Sebastian Dahlström";"S. Dahlström";"13636";"1996-11-05";"IFK Mariehamn";"5280";"FIN - Veikkausliiga";"323";"2025/2025";"128";"Midfield";"80,81";"46,1";"19,27";"26,84";"18";"3";"10009,56";"123,86";"1597,94";"424,22";"34,61";"56,56";"3,11";"480,78";"37,72";"25,97";"27,92";"93,67";"2,94";"86,56";"9,39";"1,61";"0,74";"0,76";"0,17";"null";"null";"32,11";"1,91";"2,92";"11147,34";"123,86";"1779,58";"472,44";"38,55";"62,98";"3,46";"535,43";"42,01";"104,31";"3,28";"96,39";"10,46";"1,79";"0,19";"35,76";"9562,38";"159,37";"1927,98";"520,01";"41,43";"67,68";"2,46";"587,68";"43,89";"87,78";"2,02";"74,83";"7,23";"2955,83";"153,42";"546,56";"163,39";"13,33";"22,56";"0,78";"185,94";"14,11";"26,39";"0,83";"21,72";"2,33";"0,22";"0,0";"9,94";"4391,56";"163,64";"934,83";"236,17";"18,5";"29,44";"1,11";"265,61";"19,61";"41,06";"0,72";"35,78";"3,22";"0,5";"0,0";"20,11";"4602,73";"153,42";"851,08";"254,42";"20,76";"35,12";"1,21";"289,55";"21,97";"41,09";"1,3";"33,83";"3,63";"0,35";"0,0";"15,49";"4909,31";"163,64";"1045,05";"264,01";"20,68";"32,92";"1,24";"296,93";"21,92";"45,9";"0,81";"40,0";"3,6";"0,56";"0,0";"22,48";"0,0";"0,94";"39,12"
"Sebastian Dahlström";"S. Dahlström";"13636";"1996-11-05";"IFK Mariehamn";"5280";"FIN - Veikkausliiga";"323";"2026/2026";"130";"Midfield";"85,01";"49,49";"24,09";"25,4";"4";"0";"10161,25";"119,53";"1679,0";"620,5";"55,0";"174,75";"9,25";"795,25";"64,25";"27,43";"27,43";"107,25";"4,25";"94,75";"13,25";"2,75";"0,79";"null";"1,75";"1,77";"null";"40,25";"2,11";"3,08";"10757,39";"119,53";"1777,5";"656,9";"58,23";"185,0";"9,79";"841,91";"68,02";"113,54";"4,5";"100,31";"14,03";"2,91";"1,85";"42,61";"9132,91";"152,22";"1867,74";"722,3";"63,65";"194,9";"9,4";"917,2";"73,05";"99,72";"3,64";"79,41";"9,7";"3374,5";"140,07";"585,75";"256,75";"22,75";"90,75";"3,75";"347,5";"26,5";"38,75";"1,75";"28,75";"3,25";"1,0";"0,5";"13,75";"4158,25";"163,74";"954,75";"339,0";"29,75";"70,0";"4,0";"409,0";"33,75";"43,5";"1,25";"36,75";"4,75";"0,5";"0,5";"25,25";"4202,08";"140,07";"729,4";"319,72";"28,33";"113,01";"4,67";"432,72";"33,0";"48,25";"2,18";"35,8";"4,05";"1,25";"0,62";"17,12";"4912,12";"163,74";"1127,84";"400,46";"35,14";"82,69";"4,73";"483,15";"39,87";"51,39";"1,48";"43,41";"5,61";"0,59";"0,59";"29,83";"1,21";"1,82";"47,28"
"Mikko Sumusalo";"M. Sumusalo";"13641";"1990-03-12";"Kotkan Työväen Palloilijat";"5279";"FIN - Veikkausliiga";"323";"2025/2025";"128";"Central Defender";"88,68";"54,17";"23,82";"30,34";"3";"0";"9217,67";"103,94";"919,33";"379,0";"39,67";"151,0";"7,67";"530,0";"47,33";"30,03";"30,03";"95,67";"3,0";"80,0";"8,67";"1,67";"null";"null";"0,33";"null";"null";"23,33";"2,53";"null";"9354,52";"103,94";"932,98";"384,63";"40,26";"153,24";"7,78";"537,87";"48,04";"97,09";"3,04";"81,19";"8,8";"1,69";"0,34";"23,68";"7500,55";"125,01";"897,97";"381,78";"38,4";"150,65";"6,65";"532,43";"45,05";"83,45";"1,85";"62,03";"6,65";"2887,67";"121,22";"309,0";"94,33";"10,67";"33,0";"1,67";"127,33";"12,33";"28,0";"0,33";"22,0";"2,33";"0,33";"0,0";"5,33";"3883,67";"127,99";"501,67";"250,33";"24,0";"103,0";"4,33";"353,33";"28,33";"47,33";"1,33";"34,0";"3,67";"1,0";"0,0";"16,0";"3636,52";"121,22";"389,13";"118,8";"13,43";"41,56";"2,1";"160,35";"15,53";"35,26";"0,42";"27,71";"2,94";"0,42";"0,0";"6,72";"3839,58";"127,99";"495,97";"247,49";"23,73";"101,83";"4,28";"349,32";"28,01";"46,8";"1,32";"33,61";"3,63";"0,99";"0,0";"15,82";"0,0";"1,48";"23,63"
"Mikko Sumusalo";"M. Sumusalo";"13641";"1990-03-12";"Kotkan Työväen Palloilijat";"5279";"FIN - Veikkausliiga";"323";"2025/2025";"128";"Full Back";"83,05";"43,61";"20,83";"22,78";"15";"0";"9181,27";"110,55";"1233,0";"520,87";"52,6";"207,8";"11,13";"728,67";"63,73";"29,89";"31,22";"94,87";"6,13";"78,8";"15,27";"4,87";"0,64";"0,68";"1,93";"1,28";"1,42";"26,27";"1,9";"2,94";"9949,73";"110,55";"1336,2";"564,46";"57,0";"225,19";"12,07";"789,66";"69,07";"102,81";"6,65";"85,4";"16,54";"5,27";"2,1";"28,47";"8414,18";"140,24";"1438,88";"653,54";"62,82";"265,14";"13,11";"918,69";"75,94";"93,0";"5,14";"66,86";"11,65";"2866,4";"137,59";"433,4";"188,8";"19,27";"98,33";"4,6";"287,13";"23,87";"27,47";"1,8";"19,6";"3,53";"1,2";"0,67";"7,47";"3249,93";"142,66";"612,53";"286,27";"26,4";"94,4";"4,93";"380,67";"31,33";"40,13";"1,93";"29,0";"4,93";"1,27";"0,53";"16,27";"4127,62";"137,59";"624,1";"271,87";"27,74";"141,6";"6,62";"413,47";"34,37";"39,55";"2,59";"28,22";"5,09";"1,73";"0,96";"10,75";"4279,77";"142,66";"806,63";"376,98";"34,77";"124,31";"6,5";"501,29";"41,26";"52,85";"2,55";"38,19";"6,5";"1,67";"0,7";"21,42";"1,65";"3,39";"32,65"
"Kevin Kouassivi-Benissan";"K. Kouassivi-Benissan";"13654";"1999-01-25";"Vaasan Palloseura";"3603";"FIN - Veikkausliiga";"323";"2026/2026";"130";"Full Back";"91,33";"44,08";"20,74";"23,34";"5";"0";"10503,4";"115,0";"1672,8";"844,0";"78,4";"349,0";"17,2";"1193,0";"95,6";"29,7";"29,7";"120,0";"10,0";"97,8";"25,6";"8,0";"0,67";"0,68";"3,0";"1,24";"1,44";"43,2";"2,29";"2,83";"10350,44";"115,0";"1648,44";"831,71";"77,26";"343,92";"16,95";"1175,63";"94,21";"118,25";"9,85";"96,38";"25,23";"7,88";"2,96";"42,57";"9142,78";"152,38";"1914,47";"1051,83";"94,46";"427,37";"21,78";"1479,2";"116,23";"112,97";"8,98";"77,58";"19,33";"3194,6";"154,01";"645,6";"372,6";"36,0";"213,2";"9,8";"585,8";"45,8";"34,2";"3,2";"24,4";"5,0";"2,4";"1,0";"14,4";"3522,8";"150,93";"761,0";"400,2";"33,4";"100,8";"6,2";"501,0";"39,6";"48,8";"3,4";"32,6";"9,2";"1,8";"0,8";"26,0";"4620,18";"154,01";"933,7";"538,87";"52,06";"308,34";"14,17";"847,21";"66,24";"49,46";"4,63";"35,29";"7,23";"3,47";"1,45";"20,83";"4528,02";"150,93";"978,15";"514,4";"42,93";"129,56";"7,97";"643,96";"50,9";"62,72";"4,37";"41,9";"11,83";"2,31";"1,03";"33,42";"2,45";"5,72";"54,99"
"Roman Eremenko";"R. Eremenko";"13658";"1987-03-19";"IF Gnistan";"5281";"FIN - Veikkausliiga";"323";"2025/2025";"128";"Center Forward";"86,34";"49,61";"21,06";"28,55";"6";"1";"10797,5";"125,06";"1941,17";"909,17";"84,33";"259,83";"16,5";"1169,0";"100,83";"28,33";"28,52";"134,33";"10,0";"101,67";"23,0";"7,83";"0,64";"0,69";"2,17";"1,37";"null";"46,33";"2,09";"2,85";"11255,36";"125,06";"2023,48";"947,72";"87,91";"270,85";"17,2";"1218,57";"105,11";"140,03";"10,42";"105,98";"23,98";"8,17";"2,26";"48,3";"9588,44";"159,81";"2141,9";"1028,72";"94,14";"288,27";"18,14";"1316,99";"112,29";"122,37";"6,85";"86,48";"18,95";"3233,17";"153,55";"698,0";"329,83";"30,67";"84,67";"6,5";"414,5";"37,17";"44,0";"3,0";"29,67";"5,0";"2,67";"1,5";"16,83";"4694,17";"164,42";"1072,83";"520,67";"47,17";"153,67";"8,5";"674,33";"55,67";"57,17";"2,67";"41,83";"10,67";"1,83";"0,17";"25,67";"4606,62";"153,55";"994,51";"469,95";"43,69";"120,63";"9,26";"590,58";"52,96";"62,69";"4,27";"42,27";"7,12";"3,8";"2,14";"23,98";"4932,57";"164,42";"1127,32";"547,11";"49,56";"161,47";"8,93";"708,58";"58,49";"60,07";"2,8";"43,96";"11,21";"1,93";"0,18";"26,97";"2,02";"5,44";"51,41"
"Roman Eremenko";"R. Eremenko";"13658";"1987-03-19";"IF Gnistan";"5281";"FIN - Veikkausliiga";"323";"2025/2025";"128";"Midfield";"97,03";"51,94";"23,18";"28,76";"6";"1";"11806,67";"121,69";"2137,33";"989,33";"86,83";"315,17";"18,67";"1304,5";"105,5";"29,33";"29,6";"125,17";"5,67";"104,17";"24,0";"3,5";"0,83";"0,85";"1,67";"1,48";"1,93";"45,17";"1,95";"2,75";"10951,82";"121,69";"1982,58";"917,7";"80,55";"292,35";"17,32";"1210,05";"97,86";"116,1";"5,26";"96,62";"22,26";"3,25";"1,55";"41,9";"9764,5";"162,74";"2234,67";"1081,52";"91,84";"338,49";"19,45";"1420,01";"111,29";"103,4";"4,04";"79,14";"17,52";"3721,5";"160,58";"822,67";"436,33";"37,67";"136,83";"8,5";"573,17";"46,17";"41,0";"2,0";"30,17";"5,33";"1,5";"0,83";"18,33";"4730,67";"164,48";"1111,67";"499,83";"41,83";"156,17";"8,33";"656,0";"50,17";"48,5";"1,5";"38,33";"9,83";"1,0";"0,33";"22,83";"4817,48";"160,58";"1064,94";"564,83";"48,76";"177,13";"11,0";"741,96";"59,76";"53,07";"2,59";"39,05";"6,9";"1,94";"1,08";"23,73";"4934,44";"164,48";"1159,55";"521,36";"43,64";"162,89";"8,69";"684,26";"52,33";"50,59";"1,56";"39,98";"10,26";"1,04";"0,35";"23,82";"1,35";"2,89";"47,56"
"Roman Eremenko";"R. Eremenko";"13658";"1987-03-19";"IF Gnistan";"5281";"FIN - Veikkausliiga";"323";"2025/2025";"128";"Wide Attacker";"85,66";"46,34";"23,51";"22,83";"5";"0";"10195,6";"119,02";"1713,6";"900,8";"80,2";"240,8";"14,2";"1141,6";"94,4";"28,78";"28,78";"119,6";"8,0";"94,6";"19,4";"5,4";"0,65";"0,92";"1,6";"1,5";"null";"43,4";"1,99";"2,96";"10712,16";"119,02";"1800,42";"946,44";"84,26";"253,0";"14,92";"1199,44";"99,18";"125,66";"8,41";"99,39";"20,38";"5,67";"1,68";"45,6";"9319,29";"155,32";"1976,61";"1082,18";"96,07";"291,58";"17,35";"1373,76";"113,42";"105,65";"6,73";"79,24";"14,24";"3686,6";"156,83";"788,4";"459,8";"38,6";"106,4";"6,8";"566,2";"45,4";"45,4";"2,8";"33,4";"4,0";"2,0";"0,6";"20,8";"3511,0";"153,77";"738,2";"376,0";"35,6";"118,8";"6,6";"494,8";"42,2";"36,2";"2,4";"27,8";"7,0";"1,8";"0,0";"17,4";"4704,96";"156,83";"1006,18";"586,81";"49,26";"135,79";"8,68";"722,6";"57,94";"57,94";"3,57";"42,63";"5,1";"2,55";"0,77";"26,55";"4612,99";"153,77";"969,9";"494,01";"46,77";"156,09";"8,67";"650,1";"55,45";"47,56";"3,15";"36,53";"9,2";"2,36";"0,0";"22,86";"0,78";"4,92";"49,46"
"Roman Eremenko";"R. Eremenko";"13658";"1987-03-19";"IF Gnistan";"5281";"FIN - Veikkausliiga";"323";"2026/2026";"130";"Wide Attacker";"95,41";"50,59";"18,07";"32,53";"3";"0";"11463,33";"120,15";"2050,33";"883,67";"83,67";"252,0";"16,67";"1135,67";"100,33";"29,0";"29,0";"144,33";"10,0";"116,67";"25,67";"9,0";"0,69";"0,86";"1,67";"null";"null";"50,0";"2,05";"2,87";"10813,21";"120,15";"1934,05";"833,55";"78,92";"237,71";"15,72";"1071,26";"94,64";"136,15";"9,43";"110,05";"24,21";"8,49";"1,57";"47,16";"9621,21";"160,35";"2237,4";"975,21";"90,13";"271,97";"16,21";"1247,17";"106,34";"119,78";"8,3";"89,34";"22,53";"3083,33";"170,66";"770,67";"341,0";"29,33";"89,67";"5,0";"430,67";"34,33";"39,67";"2,33";"24,67";"4,67";"2,33";"0,33";"23,33";"5029,67";"154,63";"1116,0";"481,33";"46,67";"139,67";"8,67";"621,0";"55,33";"61,33";"4,67";"50,67";"14,33";"3,67";"0,67";"23,0";"5119,93";"170,66";"1279,7";"566,24";"48,71";"148,89";"8,3";"715,13";"57,01";"65,87";"3,87";"40,96";"7,75";"3,87";"0,55";"38,75";"4638,8";"154,63";"1029,27";"443,93";"43,04";"128,81";"7,99";"572,74";"51,03";"56,57";"4,3";"46,73";"13,22";"3,38";"0,61";"21,21";"1,19";"7,12";"54,95"
"Cristóbal Montiel Rodríguez";"Tòfol Montiel";"14065";"2000-04-11";"FC Lahti";"539";"FIN - Veikkausliiga";"323";"2026/2026";"130";"Midfield";"80,09";"40,26";"21,88";"18,38";"7";"0";"10045,71";"125,43";"2016,86";"748,43";"58,14";"146,86";"8,57";"895,29";"66,71";"27,3";"27,92";"103,29";"5,14";"94,0";"10,86";"3,29";"0,58";"0,88";"0,71";"1,58";"null";"44,57";"2,0";"2,8";"11288,66";"125,43";"2266,4";"841,03";"65,34";"165,03";"9,63";"1006,06";"74,97";"116,07";"5,78";"105,63";"12,2";"3,69";"0,8";"50,09";"10316,89";"171,95";"2644,64";"1013,06";"77,5";"196,95";"11,07";"1210,01";"88,57";"103,05";"5,11";"83,89";"10,01";"3737,43";"170,84";"972,71";"360,57";"28,0";"69,0";"4,14";"429,57";"32,14";"36,14";"2,14";"30,14";"3,86";"1,43";"0,29";"17,86";"3184,71";"173,26";"801,71";"319,14";"24,0";"63,14";"3,29";"382,29";"27,29";"33,0";"1,29";"26,14";"2,86";"0,86";"0,14";"21,71";"5125,34";"170,84";"1333,94";"494,47";"38,4";"94,62";"5,68";"589,09";"44,08";"49,56";"2,94";"41,34";"5,29";"1,96";"0,39";"24,49";"5197,85";"173,26";"1308,5";"520,88";"39,17";"103,06";"5,36";"623,94";"44,53";"53,86";"2,1";"42,67";"4,66";"1,4";"0,23";"35,44";"0,64";"3,41";"58,98"
"Léon Bergsma";"L. Bergsma";"14323";"1997-01-25";"AC Oulu";"5278";"FIN - Veikkausliiga";"323";"2025/2025";"128";"Central Defender";"94,41";"52,62";"25,11";"27,51";"11";"0";"9928,0";"105,16";"1157,27";"348,45";"33,55";"96,36";"5,45";"444,82";"39,0";"28,49";"29,62";"95,09";"5,55";"79,91";"9,45";"3,73";"0,68";"0,76";"0,73";"1,61";"null";"18,09";"2,2";"3,26";"9464,65";"105,16";"1103,26";"332,19";"31,98";"91,87";"5,2";"424,06";"37,18";"90,65";"5,29";"76,18";"9,01";"3,55";"0,69";"17,25";"7855,53";"130,93";"1112,76";"350,26";"32,96";"101,89";"4,87";"452,15";"37,83";"76,91";"3,94";"58,88";"6,01";"3083,18";"122,8";"352,18";"80,0";"8,45";"25,91";"1,18";"105,91";"9,64";"22,64";"1,55";"21,0";"2,0";"0,91";"0,0";"4,73";"3806,27";"138,34";"623,73";"227,18";"20,45";"63,45";"3,09";"290,64";"23,55";"44,82";"1,91";"30,64";"3,27";"1,0";"0,27";"11,73";"3683,97";"122,8";"420,81";"95,59";"10,1";"30,96";"1,41";"126,55";"11,51";"27,05";"1,85";"25,09";"2,39";"1,09";"0,0";"5,65";"4150,24";"138,34";"680,09";"247,71";"22,3";"69,19";"3,37";"316,9";"25,67";"48,87";"2,08";"33,4";"3,57";"1,09";"0,3";"12,79";"0,31";"2,18";"18,76"
"Robin Polley";"R. Polley";"14449";"1998-12-28";"FF Jaro";"5282";"FIN - Veikkausliiga";"323";"2025/2025";"128";"Full Back";"78,88";"40,63";"19,56";"21,07";"10";"1";"8584,6";"108,84";"1080,0";"518,3";"54,6";"281,2";"14,1";"799,5";"68,7";"31,03";"32,32";"92,7";"7,6";"76,9";"14,8";"5,9";"0,65";"0,7";"3,3";"1,31";"1,43";"34,0";"2,05";"2,79";"9795,22";"108,84";"1232,3";"591,39";"62,3";"320,86";"16,09";"912,25";"78,39";"105,77";"8,67";"87,74";"16,89";"6,73";"3,77";"38,79";"8399,85";"140,0";"1357,4";"691,77";"68,66";"387,6";"18,01";"1079,37";"86,67";"96,57";"7,38";"68,96";"12,55";"2635,1";"134,7";"403,5";"203,6";"21,4";"149,8";"6,8";"353,4";"28,2";"25,6";"2,6";"20,0";"3,2";"2,1";"1,2";"10,2";"3053,7";"144,92";"515,8";"264,9";"25,1";"112,7";"5,4";"377,6";"30,5";"39,8";"2,4";"26,7";"5,3";"1,5";"0,8";"20,7";"4040,88";"134,7";"618,76";"312,22";"32,82";"229,72";"10,43";"541,93";"43,24";"39,26";"3,99";"30,67";"4,91";"3,22";"1,84";"15,64";"4347,59";"144,92";"734,35";"377,14";"35,74";"160,45";"7,69";"537,59";"43,42";"56,66";"3,42";"38,01";"7,55";"2,14";"1,14";"29,47";"2,95";"5,32";"45,63"
"Tristan Dekker";"T. Dekker";"14516";"1998-03-27";"Vaasan Palloseura";"3603";"FIN - Veikkausliiga";"323";"2025/2025";"128";"Full Back";"82,71";"43,61";"21,64";"21,97";"14";"3";"9916,21";"119,9";"1657,5";"705,36";"63,5";"261,79";"12,86";"967,14";"76,36";"30,46";"32,14";"109,57";"8,57";"94,43";"20,64";"5,93";"0,58";"0,58";"2,21";"1,18";"1,19";"39,57";"1,95";"2,65";"10790,6";"119,9";"1803,65";"767,55";"69,1";"284,87";"13,99";"1052,42";"83,09";"119,23";"9,33";"102,75";"22,46";"6,45";"2,41";"43,06";"9302,59";"155,04";"1984,07";"882,9";"76,65";"327,65";"15,72";"1210,55";"92,38";"107,22";"8,45";"79,6";"16,8";"3266,93";"150,99";"683,36";"277,64";"24,79";"91,86";"4,86";"369,5";"29,64";"34,14";"3,14";"25,57";"4,64";"1,86";"1,0";"13,93";"3494,43";"159,04";"758,71";"364,07";"30,93";"146,29";"6,57";"510,36";"37,5";"43,79";"3,0";"32,29";"7,57";"2,29";"0,71";"21,86";"4529,66";"150,99";"947,49";"384,96";"34,37";"127,36";"6,73";"512,32";"41,1";"47,34";"4,36";"35,46";"6,44";"2,57";"1,39";"19,31";"4771,07";"159,04";"1035,9";"497,08";"42,23";"199,73";"8,97";"696,81";"51,2";"59,78";"4,1";"44,08";"10,34";"3,12";"0,98";"29,84";"2,36";"5,7";"49,24"
"Georgios Kanellopoulos";"G. Kanellopoulos";"15336";"2000-01-29";"HJK Helsinki";"429";"FIN - Veikkausliiga";"323";"2025/2025";"128";"Midfield";"81,16";"46,58";"26,45";"20,13";"21";"2";"9307,76";"114,68";"1434,48";"536,29";"52,71";"175,14";"9,0";"711,43";"61,71";"28,83";"30,84";"105,86";"5,57";"89,95";"17,67";"3,76";"0,65";"0,67";"0,71";"1,42";"1,58";"42,81";"1,83";"2,45";"10321,43";"114,68";"1590,7";"594,69";"58,46";"194,22";"9,98";"788,91";"68,44";"117,39";"6,18";"99,75";"19,59";"4,17";"0,79";"47,47";"8924,71";"148,75";"1701,46";"648,45";"63,18";"212,22";"10,12";"860,67";"73,3";"102,49";"4,97";"77,71";"13,62";"3670,62";"138,78";"592,29";"204,0";"19,62";"70,0";"3,19";"274,0";"22,81";"40,81";"2,1";"31,71";"4,29";"1,33";"0,24";"16,05";"3258,19";"161,84";"728,67";"299,43";"29,43";"94,76";"4,67";"394,19";"34,1";"38,76";"1,76";"28,62";"6,29";"1,14";"0,24";"24,19";"4163,4";"138,78";"671,8";"231,39";"22,25";"79,4";"3,62";"310,78";"25,87";"46,29";"2,38";"35,97";"4,86";"1,51";"0,27";"18,2";"4855,11";"161,84";"1085,8";"446,19";"43,85";"141,21";"6,95";"587,39";"50,81";"57,76";"2,63";"42,65";"9,37";"1,7";"0,35";"36,05";"0,61";"3,19";"51,83"
"Evgeniy  Bashkirov";"E. Bashkirov";"15712";"1991-07-06";"IF Gnistan";"5281";"FIN - Veikkausliiga";"323";"2025/2025";"128";"Midfield";"93,18";"49,01";"21,89";"27,11";"19";"3";"12348,95";"132,53";"2662,05";"903,74";"70,58";"169,68";"10,21";"1073,42";"80,79";"27,03";"28,22";"123,95";"4,47";"107,63";"16,58";"2,89";"0,64";"0,65";"0,74";"1,29";"1,67";"51,53";"1,88";"2,46";"11927,31";"132,53";"2571,16";"872,88";"68,17";"163,89";"9,86";"1036,77";"78,03";"119,72";"4,32";"103,96";"16,01";"2,8";"0,71";"49,77";"10627,19";"177,12";"2908,24";"1018,45";"79,0";"191,88";"10,95";"1210,33";"89,95";"103,16";"3,74";"80,67";"10,63";"3844,37";"175,58";"1043,32";"336,84";"27,58";"60,68";"3,79";"397,53";"31,37";"34,63";"1,68";"26,89";"2,63";"0,84";"0,16";"15,74";"4836,21";"178,36";"1332,21";"495,05";"36,95";"96,05";"5,16";"591,11";"42,11";"49,63";"1,37";"39,0";"6,05";"0,89";"0,21";"31,47";"5267,52";"175,58";"1429,54";"461,54";"37,79";"83,15";"5,19";"544,69";"42,98";"47,45";"2,31";"36,85";"3,61";"1,15";"0,22";"21,56";"5350,79";"178,36";"1473,96";"547,73";"40,88";"106,27";"5,71";"654,0";"46,59";"54,91";"1,51";"43,15";"6,7";"0,99";"0,23";"34,82";"0,45";"2,13";"57,8"
"Evgeniy  Bashkirov";"E. Bashkirov";"15712";"1991-07-06";"IF Gnistan";"5281";"FIN - Veikkausliiga";"323";"2025/2025";"128";"Wide Attacker";"96,04";"53,59";"22,66";"30,93";"4";"0";"13115,75";"136,56";"2816,5";"1053,75";"82,5";"176,5";"12,75";"1230,25";"95,25";"27,2";"27,2";"148,25";"6,5";"130,0";"22,75";"4,25";"0,76";"0,93";"0,5";"null";"null";"62,25";"2,08";"2,97";"12290,68";"136,56";"2639,32";"987,46";"77,31";"165,4";"11,95";"1152,86";"89,26";"138,92";"6,09";"121,82";"21,32";"3,98";"0,47";"58,33";"10652,78";"177,55";"2860,8";"1097,47";"84,53";"195,65";"13,71";"1293,11";"98,24";"119,79";"4,2";"94,04";"14,55";"4039,0";"178,26";"1038,25";"424,5";"32,25";"88,0";"6,25";"512,5";"38,5";"42,5";"2,0";"33,75";"4,0";"1,0";"0,0";"20,25";"5476,0";"177,03";"1517,0";"555,75";"43,25";"86,75";"6,0";"642,5";"49,25";"64,5";"1,75";"50,25";"9,0";"1,0";"0,0";"38,0";"5347,7";"178,26";"1374,66";"562,04";"42,7";"116,51";"8,28";"678,56";"50,97";"56,27";"2,65";"44,69";"5,3";"1,32";"0,0";"26,81";"5310,78";"177,03";"1471,23";"538,98";"41,95";"84,13";"5,82";"623,11";"47,76";"62,55";"1,7";"48,73";"8,73";"0,97";"0,0";"36,85";"0,0";"2,24";"65,22"
"Clinton Antwi";"C. Antwi";"16482";"1999-11-06";"Kuopio PS";"538";"FIN - Veikkausliiga";"323";"2025/2025";"128";"Full Back";"78,31";"49,1";"26,08";"23,02";"11";"1";"9393,18";"119,94";"1314,73";"550,0";"54,18";"210,64";"10,82";"760,64";"65,0";"29,59";"30,82";"98,09";"6,55";"84,91";"15,91";"4,18";"0,63";"0,64";"1,09";"1,25";"null";"33,64";"2,18";"2,74";"10794,88";"119,94";"1510,92";"632,07";"62,27";"242,07";"12,43";"874,14";"74,7";"112,73";"7,52";"97,58";"18,28";"4,81";"1,25";"38,66";"8603,09";"143,38";"1415,2";"607,72";"58,44";"241,87";"10,67";"849,59";"69,1";"88,77";"5,56";"66,99";"12,44";"3599,18";"138,0";"500,18";"187,91";"20,64";"88,27";"3,82";"276,18";"24,45";"34,0";"2,64";"26,18";"5,45";"1,73";"0,27";"11,91";"3440,36";"149,48";"657,82";"309,36";"27,18";"109,64";"4,91";"419,0";"32,09";"38,64";"1,91";"28,64";"4,73";"1,18";"0,45";"19,64";"4140,12";"138,0";"575,36";"216,15";"23,74";"101,54";"4,39";"317,69";"28,13";"39,11";"3,03";"30,12";"6,27";"1,99";"0,31";"13,7";"4484,48";"149,48";"857,46";"403,25";"35,43";"142,91";"6,4";"546,16";"41,83";"50,36";"2,49";"37,33";"6,16";"1,54";"0,59";"25,6";"0,89";"3,56";"38,55"
"Clinton Antwi";"C. Antwi";"16482";"1999-11-06";"Kuopion Palloseura";"5912";"FIN - Veikkausliiga";"323";"2026/2026";"130";"Full Back";"93,3";"55,93";"32,74";"23,19";"9";"2";"11127,78";"119,26";"1608,56";"596,44";"55,67";"171,78";"10,0";"768,22";"65,67";"28,18";"29,1";"119,22";"5,89";"104,11";"16,56";"3,67";"0,67";"0,76";"0,44";"null";"null";"36,44";"2,1";"2,69";"10733,76";"119,26";"1551,6";"575,33";"53,7";"165,7";"9,65";"741,02";"63,34";"115,0";"5,68";"100,42";"15,97";"3,54";"0,43";"35,15";"8720,65";"145,34";"1515,53";"588,74";"54,59";"168,43";"9,18";"757,17";"63,77";"96,67";"4,41";"75,93";"10,85";"4590,56";"140,22";"720,11";"230,22";"22,67";"74,56";"4,11";"304,78";"26,78";"48,11";"2,11";"39,78";"5,33";"1,22";"0,0";"14,56";"3538,22";"152,58";"692,56";"318,56";"28,22";"82,44";"4,44";"401,0";"32,67";"42,0";"2,0";"31,0";"4,78";"1,22";"0,22";"20,22";"4206,52";"140,22";"659,87";"210,96";"20,77";"68,32";"3,77";"279,28";"24,54";"44,09";"1,93";"36,45";"4,89";"1,12";"0,0";"13,34";"4577,48";"152,58";"895,98";"412,12";"36,51";"106,66";"5,75";"518,78";"42,26";"54,34";"2,59";"40,11";"6,18";"1,58";"0,29";"26,16";"0,24";"2,62";"37,31"
"Joona Toivio";"J. Toivio";"16522";"1988-03-10";"Kotkan Työväen Palloilijat";"5279";"FIN - Veikkausliiga";"323";"2025/2025";"128";"Central Defender";"96,74";"50,82";"24,02";"26,8";"23";"0";"10172,57";"105,15";"1298,39";"434,96";"38,22";"124,48";"6,87";"559,43";"45,09";"28,46";"30,12";"109,13";"5,0";"89,43";"10,0";"3,04";"0,63";"0,71";"0,65";"1,52";"1,7";"20,0";"2,04";"3,07";"9463,56";"105,15";"1207,9";"404,64";"35,55";"115,8";"6,39";"520,44";"41,94";"101,52";"4,65";"83,2";"9,3";"2,83";"0,61";"18,61";"8182,13";"136,37";"1262,02";"446,25";"39,16";"135,92";"6,47";"582,17";"45,63";"88,8";"4,11";"67,91";"6,72";"3160,83";"131,58";"417,87";"93,74";"8,74";"23,78";"1,22";"117,52";"9,96";"28,43";"1,22";"23,43";"2,0";"0,35";"0,0";"4,39";"3769,87";"140,66";"651,13";"284,26";"24,43";"91,35";"4,26";"375,61";"28,7";"46,78";"2,26";"34,09";"3,7";"1,3";"0,43";"13,35";"3947,46";"131,58";"521,86";"117,07";"10,91";"29,7";"1,52";"146,77";"12,43";"35,51";"1,52";"29,27";"2,5";"0,43";"0,0";"5,48";"4219,78";"140,66";"728,84";"318,19";"27,35";"102,25";"4,77";"420,43";"32,12";"52,37";"2,53";"38,15";"4,14";"1,46";"0,49";"14,94";"0,51";"1,95";"20,94"
"Saku Savolainen";"S. Savolainen";"16730";"1996-08-13";"Kuopio PS";"538";"FIN - Veikkausliiga";"323";"2025/2025";"128";"Full Back";"82,55";"51,19";"26,45";"24,74";"18";"0";"10526,44";"127,51";"1633,0";"674,33";"63,0";"254,67";"13,5";"929,0";"76,5";"29,2";"30,78";"109,11";"5,61";"98,06";"13,44";"4,11";"0,65";"0,72";"1,33";"1,39";"1,82";"46,22";"1,87";"2,83";"11476,05";"127,51";"1780,32";"735,17";"68,68";"277,64";"14,72";"1012,81";"83,4";"118,95";"6,12";"106,9";"14,66";"4,48";"1,45";"50,39";"9163,99";"152,73";"1655,54";"712,81";"66,68";"273,94";"13,87";"986,75";"80,55";"92,2";"4,36";"73,06";"9,25";"3993,22";"150,95";"683,39";"269,5";"27,06";"106,0";"5,94";"375,5";"33,0";"37,94";"1,89";"31,5";"4,06";"1,44";"0,5";"18,83";"3825,44";"154,64";"729,11";"338,67";"29,83";"127,72";"5,89";"466,39";"35,72";"40,72";"1,83";"30,83";"3,83";"1,28";"0,33";"23,94";"4528,54";"150,95";"775,0";"305,63";"30,68";"120,21";"6,74";"425,84";"37,42";"43,03";"2,14";"35,72";"4,6";"1,64";"0,57";"21,36";"4639,16";"154,64";"884,2";"410,7";"36,18";"154,89";"7,14";"565,59";"43,32";"49,38";"2,22";"37,39";"4,65";"1,55";"0,4";"29,04";"0,98";"3,19";"50,14"
"Saku Savolainen";"S. Savolainen";"16730";"1996-08-13";"Kuopion Palloseura";"5912";"FIN - Veikkausliiga";"323";"2026/2026";"130";"Full Back";"66,69";"39,69";"23,07";"16,62";"4";"2";"8383,25";"125,7";"1262,0";"561,75";"53,25";"202,5";"11,5";"764,25";"64,75";"29,15";"29,15";"88,0";"6,75";"80,75";"13,5";"5,25";"0,67";"0,81";"1,25";"1,67";"null";"33,0";"2,13";"2,88";"11313,15";"125,7";"1703,06";"758,08";"71,86";"273,27";"15,52";"1031,35";"87,38";"118,76";"9,11";"108,97";"18,22";"7,08";"1,69";"44,53";"9143,06";"152,38";"1623,31";"764,98";"71,06";"282,71";"15,12";"1047,69";"86,17";"95,24";"5,67";"75,21";"12,09";"3328,25";"144,29";"549,25";"187,25";"20,25";"48,25";"3,5";"235,5";"23,75";"33,25";"2,0";"27,25";"4,5";"1,5";"0,0";"14,75";"2719,5";"163,62";"524,5";"318,75";"26,75";"138,75";"6,5";"457,5";"33,25";"29,75";"1,75";"22,5";"3,5";"1,5";"0,5";"15,5";"4328,65";"144,29";"714,34";"243,53";"26,34";"62,75";"4,55";"306,29";"30,89";"43,24";"2,6";"35,44";"5,85";"1,95";"0,0";"19,18";"4908,6";"163,62";"946,7";"575,33";"48,28";"250,44";"11,73";"825,77";"60,02";"53,7";"3,16";"40,61";"6,32";"2,71";"0,9";"27,98";"0,76";"4,54";"45,73"
"Rasmus  Karjalainen";"R. Karjalainen";"16731";"1996-04-04";"AC Oulu";"5278";"FIN - Veikkausliiga";"323";"2026/2026";"130";"Center Forward";"93,43";"56,95";"25,62";"31,33";"3";"0";"12395,67";"132,68";"2186,0";"619,67";"50,33";"116,33";"6,0";"736,0";"56,33";"27,53";"27,53";"110,67";"4,67";"101,33";"10,0";"2,33";"0,9";"null";"0,0";"null";"null";"40,67";"2,37";"3,23";"11940,88";"132,68";"2105,8";"596,93";"48,49";"112,07";"5,78";"709,0";"54,27";"106,61";"4,5";"97,62";"9,63";"2,25";"0,0";"39,17";"9818,44";"163,64";"2097,28";"605,44";"48,46";"113,08";"4,92";"718,53";"53,38";"83,23";"3,16";"77,61";"6,32";"4018,33";"156,83";"848,0";"344,33";"26,0";"72,33";"2,67";"416,67";"28,67";"39,0";"1,33";"27,67";"3,67";"0,0";"0,0";"17,33";"5301,0";"169,21";"1142,67";"230,33";"20,0";"35,0";"2,0";"265,33";"22,0";"40,0";"1,67";"46,0";"2,33";"1,0";"0,0";"20,33";"4704,9";"156,83";"992,89";"403,17";"30,44";"84,69";"3,12";"487,86";"33,56";"45,66";"1,56";"32,39";"4,29";"0,0";"0,0";"20,29";"5076,33";"169,21";"1094,24";"220,57";"19,15";"33,52";"1,92";"254,09";"21,07";"38,3";"1,6";"44,05";"2,23";"0,96";"0,0";"19,47";"0,0";"1,05";"39,68"
"Rasmus  Karjalainen";"R. Karjalainen";"16731";"1996-04-04";"AC Oulu";"5278";"FIN - Veikkausliiga";"323";"2026/2026";"130";"Midfield";"96,04";"51,76";"25,67";"26,09";"6";"0";"11976,5";"124,7";"2099,33";"605,83";"48,33";"121,33";"5,67";"727,17";"54,0";"26,67";"26,88";"105,67";"3,5";"95,67";"10,5";"2,0";"0,83";"null";"0,33";"null";"null";"33,17";"2,06";"3,05";"11222,77";"124,7";"1967,21";"567,71";"45,29";"113,7";"5,31";"681,4";"50,6";"99,02";"3,28";"89,65";"9,84";"1,87";"0,31";"31,08";"9696,22";"161,6";"2125,84";"632,36";"51,59";"124,62";"5,8";"756,98";"57,38";"84,43";"2,9";"71,49";"7,34";"3973,83";"154,79";"815,33";"291,67";"21,83";"60,17";"2,83";"351,83";"24,67";"32,33";"1,67";"26,33";"3,0";"0,5";"0,0";"12,5";"4390,5";"168,31";"1018,5";"253,83";"22,67";"47,33";"2,17";"301,17";"24,83";"40,5";"0,83";"35,33";"3,33";"0,33";"0,0";"18,17";"4643,74";"154,79";"952,78";"340,84";"25,51";"70,31";"3,31";"411,14";"28,82";"37,78";"1,95";"30,77";"3,51";"0,58";"0,0";"14,61";"5049,24";"168,31";"1171,31";"291,92";"26,07";"54,44";"2,49";"346,35";"28,56";"46,58";"0,96";"40,63";"3,83";"0,38";"0,0";"20,89";"0,0";"0,97";"35,55"
"Rasmus  Karjalainen";"R. Karjalainen";"16731";"1996-04-04";"Seinäjoen Jalkapallokerho";"2507";"FIN - Veikkausliiga";"323";"2025/2025";"128";"Wide Attacker";"70,25";"38,79";"20,08";"18,71";"22";"1";"8684,95";"123,62";"1406,5";"533,55";"43,36";"128,64";"7,55";"662,18";"50,91";"27,9";"30,18";"77,36";"3,23";"67,32";"8,59";"2,05";"0,61";"0,68";"0,59";"1,4";"null";"26,05";"2,11";"2,71";"11126,15";"123,62";"1801,84";"683,52";"55,55";"164,79";"9,67";"848,31";"65,22";"99,11";"4,13";"86,24";"11,01";"2,62";"0,76";"33,37";"9476,2";"157,94";"1947,74";"761,31";"60,95";"183,98";"9,84";"945,29";"70,8";"87,67";"3,52";"67,28";"7,87";"3132,23";"155,98";"618,86";"296,77";"23,05";"72,91";"4,0";"369,68";"27,05";"31,41";"1,27";"21,14";"2,5";"0,77";"0,27";"12,23";"2994,64";"160,04";"640,45";"195,45";"16,36";"46,05";"2,36";"241,5";"18,73";"25,27";"1,0";"22,36";"2,59";"0,41";"0,09";"11,55";"4679,38";"155,98";"924,55";"443,36";"34,43";"108,92";"5,98";"552,28";"40,4";"46,92";"1,9";"31,58";"3,73";"1,15";"0,41";"18,27";"4801,12";"160,04";"1026,8";"313,36";"26,23";"73,82";"3,79";"387,18";"30,02";"40,52";"1,6";"35,85";"4,15";"0,66";"0,15";"18,51";"0,56";"1,83";"36,77"
"Petteri Pennanen";"P. Pennanen";"16732";"1990-09-19";"Kuopio PS";"538";"FIN - Veikkausliiga";"323";"2025/2025";"128";"Midfield";"67,27";"41,46";"23,42";"18,04";"8";"0";"8401,5";"124,89";"1450,88";"456,75";"36,5";"85,88";"4,88";"542,62";"41,38";"27,14";"27,8";"91,88";"3,0";"82,12";"9,38";"2,12";"0,87";"0,9";"0,12";"null";"null";"28,38";"2,26";"2,88";"11240,16";"124,89";"1941,09";"611,07";"48,83";"114,89";"6,52";"725,96";"55,35";"122,92";"4,01";"109,87";"12,54";"2,84";"0,17";"37,96";"9209,59";"153,49";"1929,26";"624,51";"49,57";"115,06";"5,25";"739,57";"54,82";"100,77";"2,53";"78,15";"7,96";"3493,62";"149,18";"661,5";"204,88";"17,75";"42,0";"1,62";"246,88";"19,38";"39,0";"1,25";"29,25";"3,0";"1,0";"0,0";"12,62";"2869,62";"159,09";"671,5";"226,62";"16,5";"37,5";"2,0";"264,12";"18,5";"30,62";"0,5";"24,75";"2,5";"0,12";"0,0";"14,12";"4475,42";"149,18";"847,4";"262,45";"22,74";"53,8";"2,08";"316,25";"24,82";"49,96";"1,6";"37,47";"3,84";"1,28";"0,0";"16,17";"4772,77";"159,09";"1116,84";"376,92";"27,44";"62,37";"3,33";"439,29";"30,77";"50,94";"0,83";"41,16";"4,16";"0,21";"0,0";"23,49";"0,0";"1,63";"38,72"
"Petteri Pennanen";"P. Pennanen";"16732";"1990-09-19";"Kuopion Palloseura";"5912";"FIN - Veikkausliiga";"323";"2026/2026";"130";"Midfield";"92,69";"56,31";"32,05";"24,26";"7";"2";"11906,43";"128,46";"2089,0";"601,43";"46,14";"122,14";"6,0";"723,57";"52,14";"27,14";"27,92";"128,71";"4,57";"114,57";"11,57";"2,57";"0,72";"0,95";"0,43";"1,51";"null";"34,71";"1,98";"2,7";"11561,42";"128,46";"2028,47";"584,0";"44,81";"118,6";"5,83";"702,6";"50,63";"124,98";"4,44";"111,25";"11,24";"2,5";"0,42";"33,71";"9604,11";"160,07";"2044,4";"594,75";"45,36";"119,35";"4,72";"714,09";"50,08";"106,56";"3,35";"85,7";"7,15";"4969,14";"155,04";"976,86";"214,29";"16,0";"46,29";"1,57";"260,57";"17,57";"55,0";"1,71";"43,29";"2,57";"0,86";"0,0";"15,0";"4043,86";"166,71";"941,71";"343,86";"26,57";"65,71";"2,86";"409,57";"29,43";"45,0";"1,43";"37,14";"4,14";"0,57";"0,0";"17,29";"4651,3";"155,04";"914,37";"200,58";"14,98";"43,33";"1,47";"243,9";"16,45";"51,48";"1,6";"40,52";"2,41";"0,8";"0,0";"14,04";"5001,24";"166,71";"1164,66";"425,27";"32,86";"81,27";"3,53";"506,54";"36,4";"55,65";"1,77";"45,94";"5,12";"0,71";"0,0";"21,38";"0,0";"1,52";"34,4"
"Petteri Pennanen";"P. Pennanen";"16732";"1990-09-19";"Kuopio PS";"538";"FIN - Veikkausliiga";"323";"2025/2025";"128";"Wide Attacker";"76,07";"46,95";"25,13";"21,82";"14";"1";"9585,36";"126,0";"1622,14";"556,21";"45,57";"117,43";"6,86";"673,64";"52,43";"27,73";"29,42";"102,36";"4,57";"92,36";"11,79";"2,79";"0,71";"0,75";"0,36";"1,81";"1,81";"33,21";"1,97";"2,87";"11340,07";"126,0";"1919,09";"658,04";"53,91";"138,93";"8,11";"796,96";"62,03";"121,09";"5,41";"109,26";"13,94";"3,3";"0,42";"39,29";"9260,32";"154,34";"1904,06";"667,24";"53,76";"138,92";"6,75";"806,17";"60,52";"99,22";"4,75";"81,42";"9,68";"3838,14";"152,72";"735,14";"266,21";"21,71";"52,29";"3,0";"318,5";"24,71";"42,64";"2,07";"32,86";"3,86";"1,36";"0,07";"16,43";"3408,43";"156,2";"754,86";"255,93";"20,36";"56,43";"2,29";"312,36";"22,64";"35,0";"1,64";"30,86";"3,71";"0,71";"0,21";"14,57";"4581,55";"152,72";"877,53";"317,78";"25,92";"62,41";"3,58";"380,19";"29,5";"50,9";"2,47";"39,22";"4,6";"1,62";"0,09";"19,61";"4686,15";"156,2";"1037,83";"351,87";"27,99";"77,58";"3,14";"429,45";"31,13";"48,12";"2,26";"42,42";"5,11";"0,98";"0,29";"20,03";"0,37";"2,65";"39,61"
"Lucas Rangel Nunes Gonçalves";"Rangel";"16733";"1994-12-29";"Seinäjoen Jalkapallokerho";"2507";"FIN - Veikkausliiga";"323";"2026/2026";"130";"Center Forward";"71,74";"40,49";"19,12";"21,37";"4";"0";"8599,0";"119,87";"1524,5";"533,5";"41,25";"63,0";"3,5";"596,5";"44,75";"25,5";"25,5";"92,75";"6,25";"77,0";"13,25";"2,5";"0,77";"null";"0,0";"null";"null";"35,0";"2,27";"3,01";"10788,08";"119,87";"1912,6";"669,32";"51,75";"79,04";"4,39";"748,35";"56,14";"116,36";"7,84";"96,6";"16,62";"3,14";"0,0";"43,91";"9172,46";"152,87";"1998,02";"730,23";"54,83";"75,95";"4,82";"806,17";"59,65";"105,96";"5,93";"77,06";"12,23";"2819,75";"147,5";"586,25";"195,75";"15,5";"33,75";"2,0";"229,5";"17,5";"34,0";"2,25";"22,5";"3,5";"0,25";"0,0";"15,5";"3369,75";"157,68";"762,0";"297,0";"21,5";"17,5";"1,25";"314,5";"22,75";"37,5";"1,75";"29,5";"4,75";"1,25";"0,0";"18,0";"4425,07";"147,5";"920,01";"307,19";"24,32";"52,96";"3,14";"360,16";"27,46";"53,36";"3,53";"35,31";"5,49";"0,39";"0,0";"24,32";"4730,4";"157,68";"1069,68";"416,92";"30,18";"24,57";"1,75";"441,49";"31,94";"52,64";"2,46";"41,41";"6,67";"1,75";"0,0";"25,27";"0,0";"2,22";"49,64"
"Lucas Rangel Nunes Gonçalves";"Rangel";"16733";"1994-12-29";"Kotkan Työväen Palloilijat";"5279";"FIN - Veikkausliiga";"323";"2025/2025";"128";"Center Forward";"84,91";"45,08";"22,92";"22,16";"13";"0";"9262,08";"109,08";"1447,69";"451,69";"40,31";"56,08";"4,08";"507,77";"44,38";"25,65";"26,7";"98,54";"6,54";"84,23";"13,62";"4,23";"0,64";"0,71";"0,69";"1,5";"1,94";"30,77";"2,07";"2,78";"9816,83";"109,08";"1534,4";"478,75";"42,72";"59,44";"4,32";"538,18";"47,04";"104,44";"6,93";"89,28";"14,43";"4,48";"0,73";"32,61";"8507,44";"141,79";"1710,15";"556,81";"48,43";"65,94";"3,89";"622,75";"52,32";"92,46";"5,63";"70,24";"10,75";"3165,69";"138,14";"637,38";"214,0";"18,77";"30,77";"1,85";"244,77";"20,62";"38,38";"2,31";"26,0";"3,69";"1,31";"0,23";"14,69";"3225,62";"145,57";"647,38";"204,31";"17,62";"18,77";"1,08";"223,08";"18,69";"31,08";"1,92";"26,77";"4,38";"1,38";"0,31";"13,46";"4144,18";"138,14";"834,39";"280,15";"24,57";"40,28";"2,42";"320,43";"26,99";"50,25";"3,02";"34,04";"4,83";"1,71";"0,3";"19,23";"4367,01";"145,57";"876,46";"276,6";"23,85";"25,41";"1,46";"302,01";"25,31";"42,07";"2,6";"36,24";"5,94";"1,87";"0,42";"18,22";"0,72";"3,58";"37,48"
"Jiri Nissinen";"J. Nissinen";"16747";"1997-05-30";"IFK Mariehamn";"5280";"FIN - Veikkausliiga";"323";"2025/2025";"128";"Full Back";"78,65";"44,83";"19,18";"25,65";"15";"2";"9293,8";"118,16";"1428,4";"581,93";"52,93";"201,6";"11,33";"783,53";"64,27";"29,01";"30,5";"103,93";"6,53";"93,33";"14,93";"4,33";"0,61";"0,65";"1,13";"1,29";"1,77";"33,73";"2,0";"2,64";"10634,54";"118,16";"1634,46";"665,88";"60,57";"230,68";"12,97";"896,57";"73,54";"118,93";"7,48";"106,8";"17,09";"4,96";"1,3";"38,6";"8978,63";"149,64";"1698,5";"720,12";"63,8";"251,55";"13,03";"971,68";"76,83";"102,17";"5,98";"80,31";"11,51";"2900,27";"151,22";"527,53";"226,27";"20,6";"100,67";"5,13";"326,93";"25,73";"29,73";"2,13";"24,27";"3,07";"1,4";"0,27";"10,73";"3807,6";"148,46";"741,4";"311,73";"27,07";"87,27";"4,6";"399,0";"31,67";"46,6";"2,33";"35,73";"5,53";"1,53";"0,47";"21,0";"4536,65";"151,22";"825,18";"353,93";"32,22";"157,46";"8,03";"511,4";"40,25";"46,51";"3,34";"37,96";"4,8";"2,19";"0,42";"16,79";"4453,91";"148,46";"867,25";"364,65";"31,66";"102,08";"5,38";"466,73";"37,04";"54,51";"2,73";"41,8";"6,47";"1,79";"0,55";"24,56";"0,98";"3,93";"42,48"
"Jiri Nissinen";"J. Nissinen";"16747";"1997-05-30";"IFK Mariehamn";"5280";"FIN - Veikkausliiga";"323";"2026/2026";"130";"Full Back";"96,65";"56,27";"26,23";"30,03";"4";"0";"11249,5";"116,39";"1717,5";"698,75";"59,25";"210,0";"11,0";"908,75";"70,25";"28,68";"28,68";"118,75";"8,5";"106,0";"18,75";"7,25";"0,62";"0,76";"0,75";"null";"null";"44,75";"2,08";"3,27";"10475,03";"116,39";"1599,26";"650,64";"55,17";"195,54";"10,24";"846,19";"65,41";"110,57";"7,91";"98,7";"17,46";"6,75";"0,7";"41,67";"8795,79";"146,6";"1645,91";"715,52";"57,05";"206,61";"9,86";"922,13";"66,91";"96,5";"5,86";"73,84";"12,53";"3674,0";"140,05";"652,25";"236,5";"18,75";"66,5";"3,0";"303,0";"21,75";"37,25";"2,25";"28,5";"4,5";"2,25";"0,75";"12,5";"4574,5";"152,31";"891,25";"434,5";"34,75";"127,25";"6,25";"561,75";"41,0";"53,25";"3,25";"40,75";"7,25";"2,5";"0,0";"30,25";"4201,52";"140,05";"745,9";"270,46";"21,44";"76,05";"3,43";"346,51";"24,87";"42,6";"2,57";"32,59";"5,15";"2,57";"0,86";"14,29";"4569,42";"152,31";"890,26";"434,02";"34,71";"127,11";"6,24";"561,13";"40,95";"53,19";"3,25";"40,7";"7,24";"2,5";"0,0";"30,22";"0,8";"5,07";"45,59"
"Mikko Pitkänen";"M. Pitkänen";"16748";"1997-01-02";"AC Oulu";"5278";"FIN - Veikkausliiga";"323";"2025/2025";"128";"Central Defender";"96,53";"51,84";"25,94";"25,9";"14";"0";"10345,0";"107,17";"1422,07";"492,71";"42,79";"122,0";"7,71";"614,71";"50,5";"27,98";"29,18";"108,5";"4,93";"92,29";"11,64";"2,57";"0,7";"0,97";"0,36";"1,71";"null";"23,36";"1,95";"2,87";"9645,09";"107,17";"1325,86";"459,38";"39,89";"113,75";"7,19";"573,12";"47,08";"101,16";"4,6";"86,04";"10,86";"2,4";"0,33";"21,78";"8265,89";"137,76";"1389,17";"501,2";"42,91";"131,62";"7,11";"632,82";"50,02";"86,56";"4,13";"65,98";"7,19";"3398,86";"131,03";"520,14";"142,79";"11,86";"34,71";"1,64";"177,5";"13,5";"29,21";"1,57";"24,79";"2,79";"0,64";"0,07";"5,71";"3742,29";"144,51";"680,0";"290,21";"25,21";"79,0";"4,5";"369,21";"29,71";"45,57";"2,0";"32,21";"3,43";"1,0";"0,14";"15,21";"3930,94";"131,03";"601,57";"165,14";"13,71";"40,15";"1,9";"205,29";"15,61";"33,79";"1,82";"28,67";"3,22";"0,74";"0,08";"6,61";"4335,29";"144,51";"787,75";"336,2";"29,21";"91,52";"5,21";"427,72";"34,42";"52,79";"2,32";"37,32";"3,97";"1,16";"0,17";"17,63";"0,25";"1,9";"24,22"
"Mikko Pitkänen";"M. Pitkänen";"16748";"1997-01-02";"AC Oulu";"5278";"FIN - Veikkausliiga";"323";"2026/2026";"130";"Central Defender";"90,14";"50,8";"23,41";"27,39";"9";"0";"10208,22";"113,25";"1469,0";"498,44";"45,67";"128,0";"7,33";"626,44";"53,0";"27,62";"28,38";"114,56";"5,56";"97,22";"10,78";"3,0";"0,64";"0,91";"0,44";"null";"null";"29,44";"2,03";"3,0";"10192,28";"113,25";"1466,71";"497,67";"45,6";"127,8";"7,32";"625,47";"52,92";"114,38";"5,55";"97,07";"10,76";"3,0";"0,44";"29,4";"8616,75";"143,61";"1485,25";"524,13";"48,95";"133,98";"6,96";"658,11";"55,9";"94,48";"4,07";"74,93";"8,0";"3307,56";"141,28";"563,56";"142,0";"13,56";"25,33";"1,44";"167,33";"15,0";"28,0";"1,44";"25,0";"2,33";"0,33";"0,0";"6,78";"3988,22";"145,6";"694,0";"301,78";"27,89";"88,11";"4,44";"389,89";"32,33";"52,0";"2,0";"38,44";"4,44";"1,11";"0,22";"19,22";"4238,44";"141,28";"722,16";"181,96";"17,37";"32,46";"1,85";"214,43";"19,22";"35,88";"1,85";"32,04";"2,99";"0,43";"0,0";"8,69";"4368,14";"145,6";"760,11";"330,53";"30,55";"96,5";"4,87";"427,03";"35,41";"56,95";"2,19";"42,11";"4,87";"1,22";"0,24";"21,05";"0,26";"1,71";"30,71"
"Santeri Hostikka";"S. Hostikka";"16760";"1997-09-30";"HJK Helsinki";"429";"FIN - Veikkausliiga";"323";"2025/2025";"128";"Wide Attacker";"81,21";"47,29";"27,14";"20,15";"24";"1";"9096,12";"112,01";"1247,79";"535,29";"53,88";"186,04";"10,38";"721,33";"64,25";"29,39";"31,08";"100,33";"7,12";"84,42";"16,54";"5,58";"0,58";"0,59";"1,67";"1,14";"1,26";"32,79";"1,84";"2,78";"10080,96";"112,01";"1382,89";"593,25";"59,71";"206,18";"11,5";"799,43";"71,21";"111,2";"7,9";"93,56";"18,33";"6,19";"1,85";"36,34";"8298,48";"138,31";"1425,78";"623,78";"60,48";"216,86";"11,26";"840,64";"71,74";"93,63";"6,77";"68,99";"12,64";"3660,58";"134,88";"618,71";"297,08";"28,92";"123,12";"6,33";"420,21";"35,25";"44,88";"3,58";"31,21";"4,92";"2,71";"0,92";"17,67";"2879,75";"142,92";"505,0";"194,54";"18,75";"47,79";"2,54";"242,33";"21,29";"28,92";"1,75";"23,17";"5,04";"0,92";"0,29";"12,79";"4046,5";"134,88";"683,94";"328,4";"31,97";"136,11";"7,0";"464,51";"38,97";"49,61";"3,96";"34,5";"5,44";"2,99";"1,01";"19,53";"4287,62";"142,92";"751,89";"289,65";"27,92";"71,16";"3,78";"360,81";"31,7";"43,05";"2,61";"34,49";"7,51";"1,36";"0,43";"19,05";"1,53";"4,6";"38,65"
"Aleksi Paananen";"A. Paananen";"16763";"1993-01-25";"AC Oulu";"5278";"FIN - Veikkausliiga";"323";"2025/2025";"128";"Midfield";"67,41";"37,79";"18,34";"19,46";"15";"0";"8165,8";"121,13";"1444,47";"376,27";"32,93";"74,8";"3,27";"451,07";"36,2";"26,6";"28,28";"81,4";"2,6";"73,93";"8,07";"1,47";"0,72";"0,75";"0,53";"1,42";"1,8";"27,8";"2,05";"2,78";"10901,91";"121,13";"1928,46";"502,34";"43,97";"99,86";"4,36";"602,21";"48,33";"108,67";"3,47";"98,71";"10,77";"1,96";"0,71";"37,11";"9491,83";"158,2";"2109,26";"553,54";"47,31";"110,71";"3,49";"664,24";"50,8";"93,35";"2,01";"75,36";"7,51";"2731,07";"148,95";"568,33";"101,87";"8,8";"22,67";"0,47";"124,53";"9,27";"25,73";"0,6";"21,0";"1,73";"0,33";"0,0";"9,2";"3247,73";"166,91";"760,27";"246,8";"21,0";"47,07";"1,73";"293,87";"22,73";"33,07";"0,67";"26,47";"3,0";"0,4";"0,2";"16,53";"4468,48";"148,95";"929,89";"166,67";"14,4";"37,09";"0,76";"203,76";"15,16";"42,1";"0,98";"34,36";"2,84";"0,55";"0,0";"15,05";"5007,35";"166,91";"1172,18";"380,52";"32,38";"72,57";"2,67";"453,08";"35,05";"50,98";"1,03";"40,81";"4,63";"0,62";"0,31";"25,49";"0,32";"1,16";"40,85"
"Felipe Aspegren";"F. Aspegren";"17266";"1994-02-12";"Kotkan Työväen Palloilijat";"5279";"FIN - Veikkausliiga";"323";"2025/2025";"128";"Full Back";"91,42";"46,23";"24,09";"22,14";"4";"0";"9570,0";"104,68";"1254,75";"523,25";"49,5";"164,25";"9,25";"687,5";"58,75";"29,0";"29,0";"105,5";"9,0";"88,0";"17,25";"5,25";"0,71";"null";"1,75";"1,78";"null";"27,5";"2,5";"null";"9420,84";"104,68";"1235,19";"515,09";"48,73";"161,69";"9,11";"676,78";"57,83";"103,86";"8,86";"86,63";"16,98";"5,17";"1,72";"27,07";"8303,42";"138,39";"1415,21";"631,04";"59,37";"198,88";"10,06";"829,92";"69,43";"101,23";"7,79";"70,73";"11,68";"3194,0";"132,58";"477,25";"214,0";"21,0";"70,5";"3,75";"284,5";"24,75";"37,75";"2,25";"25,75";"4,5";"1,0";"0,0";"9,75";"3204,25";"144,72";"613,25";"272,25";"24,75";"82,75";"4,0";"355,0";"28,75";"40,25";"3,75";"28,75";"4,5";"2,25";"1,0";"15,5";"3977,31";"132,58";"594,29";"266,48";"26,15";"87,79";"4,67";"354,27";"30,82";"47,01";"2,8";"32,07";"5,6";"1,25";"0,0";"12,14";"4341,48";"144,72";"830,9";"368,87";"33,53";"112,12";"5,42";"480,99";"38,95";"54,54";"5,08";"38,95";"6,1";"3,05";"1,35";"21,0";"1,3";"4,22";"32,77"
"Felipe Aspegren";"F. Aspegren";"17266";"1994-02-12";"Kotkan Työväen Palloilijat";"5279";"FIN - Veikkausliiga";"323";"2025/2025";"128";"Midfield";"89,29";"46,62";"24,27";"22,35";"4";"0";"9860,5";"110,43";"1547,25";"533,25";"46,5";"103,25";"5,75";"636,5";"52,25";"26,88";"26,88";"115,25";"5,25";"97,5";"18,25";"3,25";"0,67";"null";"0,0";"null";"null";"34,5";"2,41";"2,95";"9938,72";"110,43";"1559,52";"537,48";"46,87";"104,07";"5,8";"641,55";"52,66";"116,16";"5,29";"98,27";"18,39";"3,28";"0,0";"34,77";"8914,58";"148,58";"1828,8";"644,45";"54,05";"111,65";"5,79";"756,1";"59,84";"109,39";"5,79";"80,44";"14,48";"3439,75";"141,72";"639,5";"206,25";"15,5";"32,75";"1,5";"239,0";"17,0";"40,0";"1,75";"29,25";"3,75";"0,5";"0,0";"12,0";"3487,0";"156,02";"781,5";"294,5";"26,5";"54,0";"3,0";"348,5";"29,5";"45,0";"2,75";"33,25";"7,5";"1,75";"0,0";"19,75";"4251,71";"141,72";"790,45";"254,94";"19,16";"40,48";"1,85";"295,42";"21,01";"49,44";"2,16";"36,15";"4,64";"0,62";"0,0";"14,83";"4680,54";"156,02";"1048,99";"395,3";"35,57";"72,48";"4,03";"467,79";"39,6";"60,4";"3,69";"44,63";"10,07";"2,35";"0,0";"26,51";"0,0";"2,9";"40,86"
"Matias Ojala";"M. Ojala";"17268";"1995-02-28";"AC Oulu";"5278";"FIN - Veikkausliiga";"323";"2025/2025";"128";"Midfield";"53,97";"30,17";"15,93";"14,24";"3";"0";"6196,67";"114,81";"949,67";"219,33";"18,67";"39,67";"2,67";"259,0";"21,33";"26,63";"26,63";"75,33";"2,33";"62,0";"6,67";"2,33";"0,95";"null";"0,0";"null";"null";"16,0";"2,53";"3,16";"10333,09";"114,81";"1583,59";"365,74";"31,13";"66,15";"4,45";"431,89";"35,57";"125,62";"3,89";"103,39";"11,12";"3,89";"0,0";"26,68";"8746,46";"145,77";"1692,29";"401,03";"31,82";"64,96";"3,31";"465,99";"35,13";"107,38";"1,33";"80,21";"8,62";"2180,33";"136,89";"375,67";"44,0";"4,0";"13,67";"0,33";"57,67";"4,33";"27,0";"0,0";"20,33";"1,0";"0,0";"0,0";"4,33";"2218,0";"155,71";"475,33";"157,67";"12,0";"19,0";"1,33";"176,67";"13,33";"27,0";"0,67";"20,0";"3,33";"0,67";"0,0";"11,0";"4106,66";"136,89";"707,57";"82,87";"7,53";"25,74";"0,63";"108,62";"8,16";"50,85";"0,0";"38,3";"1,88";"0,0";"0,0";"8,16";"4671,29";"155,71";"1001,09";"332,06";"25,27";"40,02";"2,81";"372,07";"28,08";"56,86";"1,4";"42,12";"7,02";"1,4";"0,0";"23,17";"0,0";"1,33";"30,49"
"Iiro Järvinen";"I. Järvinen";"17269";"1996-11-03";"FC Inter Turku";"1769";"FIN - Veikkausliiga";"323";"2025/2025";"128";"Midfield";"77,62";"47,41";"21,92";"25,49";"7";"0";"10269,29";"132,3";"1794,71";"747,43";"63,29";"175,86";"10,71";"923,29";"74,0";"27,63";"28,1";"106,0";"3,57";"95,57";"11,29";"2,0";"0,71";"0,95";"0,71";"1,8";"null";"50,14";"2,12";"2,7";"11907,33";"132,3";"2080,99";"866,65";"73,38";"203,91";"12,42";"1070,56";"85,8";"122,91";"4,14";"110,82";"13,09";"2,32";"0,83";"58,14";"9938,05";"165,63";"2072,07";"890,33";"74,84";"210,06";"11,39";"1100,39";"86,23";"99,97";"2,71";"81,89";"9,76";"3525,29";"160,8";"681,71";"311,57";"26,14";"87,14";"4,43";"398,71";"30,57";"32,14";"1,14";"24,29";"3,0";"0,71";"0,29";"16,29";"4328,14";"169,79";"955,71";"392,0";"33,0";"78,86";"4,57";"470,86";"37,57";"46,86";"1,0";"40,43";"4,71";"0,71";"0,14";"31,14";"4823,91";"160,8";"932,84";"426,35";"35,77";"119,24";"6,06";"545,59";"41,83";"43,98";"1,56";"33,23";"4,11";"0,98";"0,39";"22,28";"5093,84";"169,79";"1124,79";"461,35";"38,84";"92,81";"5,38";"554,16";"44,22";"55,15";"1,18";"47,58";"5,55";"0,84";"0,17";"36,65";"0,54";"1,81";"60,02"
"Lauri Ala-Myllymäki";"L. Ala-Myllymäki";"17271";"1997-06-04";"Tampereen Ilves";"591";"FIN - Veikkausliiga";"323";"2025/2025";"128";"Midfield";"68,59";"40,23";"22,1";"18,12";"6";"1";"9123,33";"133,0";"1699,5";"625,83";"49,83";"83,33";"5,33";"709,17";"55,17";"26,62";"27,06";"96,83";"3,17";"82,5";"14,0";"1,5";"0,86";"0,86";"0,17";"null";"null";"46,83";"2,03";"2,82";"11970,36";"133,0";"2229,85";"821,13";"65,38";"109,34";"7,0";"930,47";"72,38";"127,05";"4,15";"108,24";"18,37";"1,97";"0,22";"61,45";"10152,39";"169,21";"2307,77";"876,32";"69,36";"121,32";"6,46";"997,64";"75,82";"105,66";"2,73";"77,56";"12,68";"3665,0";"165,84";"760,83";"326,5";"25,17";"44,0";"2,67";"370,5";"27,83";"37,17";"1,17";"28,5";"4,67";"0,17";"0,0";"20,67";"3141,33";"173,31";"786,33";"261,0";"21,33";"37,33";"1,67";"298,33";"23,0";"33,67";"0,67";"23,5";"3,83";"0,17";"0,0";"23,83";"4975,11";"165,84";"1032,81";"443,21";"34,16";"59,73";"3,62";"502,94";"37,78";"50,45";"1,58";"38,69";"6,33";"0,23";"0,0";"28,05";"5199,45";"173,31";"1301,52";"432,0";"35,31";"61,79";"2,76";"493,79";"38,07";"55,72";"1,1";"38,9";"6,34";"0,28";"0,0";"39,45";"0,0";"0,5";"66,38"
"Lauri Ala-Myllymäki";"L. Ala-Myllymäki";"17271";"1997-06-04";"Tampereen Ilves";"591";"FIN - Veikkausliiga";"323";"2025/2025";"128";"Wide Attacker";"42,0";"22,8";"13,35";"9,45";"4";"0";"5559,5";"132,38";"1068,25";"387,5";"33,25";"70,75";"5,0";"458,25";"38,25";"27,45";"27,45";"57,5";"3,25";"48,5";"7,0";"2,5";"0,74";"0,87";"0,75";"null";"null";"31,75";"2,2";"null";"11914,4";"132,38";"2289,33";"830,44";"71,26";"151,62";"10,72";"982,06";"81,97";"123,23";"6,96";"103,94";"15,0";"5,36";"1,61";"68,04";"10496,0";"174,93";"2535,33";"953,46";"80,94";"180,3";"10,53";"1133,76";"91,46";"110,55";"5,92";"77,65";"9,87";"2249,25";"168,54";"467,5";"181,25";"14,75";"38,5";"2,25";"219,75";"17,0";"23,5";"1,5";"15,5";"1,5";"1,5";"0,5";"14,25";"1738,5";"183,97";"495,75";"181,0";"16,0";"30,0";"1,75";"211,0";"17,75";"18,5";"0,75";"14,0";"2,25";"0,0";"0,0";"15,0";"5056,07";"168,54";"1050,89";"407,43";"33,16";"86,54";"5,06";"493,97";"38,21";"52,83";"3,37";"34,84";"3,37";"3,37";"1,12";"32,03";"5519,05";"183,97";"1573,81";"574,6";"50,79";"95,24";"5,56";"669,84";"56,35";"58,73";"2,38";"44,44";"7,14";"0,0";"0,0";"47,62";"1,32";"3,95";"76,99"
"Mikael Almén";"M. Almén";"17275";"2000-03-08";"Valkeakosken Haka";"3099";"FIN - Veikkausliiga";"323";"2025/2025";"128";"Central Defender";"97,61";"52,49";"23,98";"28,5";"14";"0";"10653,64";"109,15";"1455,57";"410,57";"36,21";"100,93";"5,43";"511,5";"41,64";"27,46";"29,58";"108,29";"5,57";"85,14";"9,0";"3,86";"0,67";"0,73";"0,64";"1,53";"1,82";"24,64";"2,3";"2,92";"9823,1";"109,15";"1342,1";"378,56";"33,39";"93,06";"5,01";"471,62";"38,4";"99,84";"5,14";"78,51";"8,3";"3,56";"0,59";"22,72";"8483,99";"141,4";"1403,94";"417,49";"36,91";"105,25";"5,06";"522,74";"41,97";"88,27";"4,33";"64,75";"5,96";"3435,36";"143,25";"558,64";"110,0";"9,86";"20,64";"1,21";"130,64";"11,07";"30,07";"1,79";"22,57";"2,07";"1,0";"0,0";"6,21";"3986,29";"139,85";"669,5";"255,21";"22,43";"71,43";"3,21";"326,64";"25,64";"47,14";"2,0";"34,07";"3,14";"1,07";"0,29";"15,79";"4297,39";"143,25";"698,82";"137,6";"12,33";"25,82";"1,52";"163,43";"13,85";"37,62";"2,23";"28,24";"2,59";"1,25";"0,0";"7,77";"4195,39";"139,85";"704,62";"268,6";"23,61";"75,18";"3,38";"343,78";"26,99";"49,62";"2,1";"35,86";"3,31";"1,13";"0,3";"16,61";"0,33";"2,37";"25,15"
"Tatu Miettunen";"T. Miettunen";"17276";"1995-04-24";"Tampereen Ilves";"591";"FIN - Veikkausliiga";"323";"2025/2025";"128";"Central Defender";"92,95";"53,52";"29,08";"24,43";"21";"0";"10138,38";"109,08";"1287,0";"408,95";"37,24";"95,05";"5,57";"504,0";"42,81";"27,78";"29,82";"109,62";"4,71";"88,62";"10,9";"2,76";"0,62";"0,78";"0,62";"1,6";"null";"28,48";"1,89";"2,86";"9817,12";"109,08";"1246,22";"395,99";"36,06";"92,04";"5,39";"488,03";"41,45";"106,15";"4,56";"85,81";"10,56";"2,67";"0,6";"27,57";"8179,74";"136,33";"1217,8";"405,97";"36,57";"98,34";"4,48";"504,31";"41,06";"88,41";"4,0";"67,54";"6,57";"3785,67";"130,17";"476,1";"98,33";"9,48";"19,29";"0,76";"117,62";"10,24";"35,38";"1,57";"29,81";"2,67";"0,38";"0,19";"7,24";"3510,1";"143,66";"610,1";"263,76";"23,14";"68,43";"3,24";"332,19";"26,38";"43,48";"2,0";"30,43";"3,19";"1,19";"0,14";"18,67";"3904,99";"130,17";"491,1";"101,43";"9,77";"19,89";"0,79";"121,33";"10,56";"36,5";"1,62";"30,75";"2,75";"0,39";"0,2";"7,47";"4309,94";"143,66";"749,12";"323,87";"28,42";"84,02";"3,98";"407,89";"32,39";"53,38";"2,46";"37,36";"3,92";"1,46";"0,18";"22,92";"0,37";"1,76";"29,04"
"Tatu Miettunen";"T. Miettunen";"17276";"1995-04-24";"Tampereen Ilves";"591";"FIN - Veikkausliiga";"323";"2026/2026";"130";"Central Defender";"96,2";"59,96";"28,23";"31,73";"7";"0";"11088,71";"115,27";"1539,86";"460,57";"35,29";"76,57";"4,29";"537,14";"39,57";"26,64";"27,34";"125,0";"4,86";"102,14";"10,57";"3,0";"0,71";"0,81";"0,86";"null";"null";"33,57";"2,03";"3,07";"10374,57";"115,27";"1440,69";"430,91";"33,01";"71,64";"4,01";"502,55";"37,02";"116,95";"4,54";"95,56";"9,89";"2,81";"0,8";"31,41";"8398,24";"139,97";"1374,64";"419,71";"30,74";"61,04";"2,57";"480,75";"33,31";"90,92";"3,29";"71,05";"5,0";"3738,29";"132,44";"496,29";"92,14";"7,29";"20,43";"0,57";"112,57";"7,86";"34,71";"1,0";"29,43";"2,0";"0,29";"0,29";"6,29";"4654,29";"146,67";"877,43";"327,29";"23,43";"40,57";"2,0";"367,86";"25,43";"56,14";"2,29";"41,57";"3,0";"1,29";"0,14";"24,86";"3973,21";"132,44";"527,47";"97,93";"7,74";"21,71";"0,61";"119,65";"8,35";"36,9";"1,06";"31,28";"2,13";"0,3";"0,3";"6,68";"4400,06";"146,67";"829,5";"309,41";"22,15";"38,36";"1,89";"347,76";"24,04";"53,08";"2,16";"39,3";"2,84";"1,22";"0,14";"23,5";"0,43";"1,57";"31,16"
"Martti  Haukioja";"M. Haukioja";"17287";"1999-10-06";"Vaasan Palloseura";"3603";"FIN - Veikkausliiga";"323";"2025/2025";"128";"Central Defender";"98,14";"50,43";"25,13";"25,3";"22";"4";"10581,82";"107,83";"1379,32";"445,14";"39,91";"132,77";"7,27";"577,91";"47,18";"28,86";"31,22";"105,45";"4,77";"84,55";"9,59";"2,41";"0,67";"0,9";"1,0";"1,4";"null";"23,27";"1,97";"2,68";"9704,34";"107,83";"1264,94";"408,22";"36,6";"121,76";"6,67";"529,99";"43,27";"96,71";"4,38";"77,53";"8,8";"2,21";"0,92";"21,34";"8584,11";"143,07";"1394,82";"475,92";"41,7";"147,43";"7,19";"623,35";"48,89";"89,34";"3,84";"68,68";"7,3";"3492,5";"139,0";"494,82";"110,82";"9,5";"26,45";"1,41";"137,27";"10,91";"30,05";"1,32";"24,59";"2,05";"0,36";"0,05";"5,0";"3722,27";"147,11";"677,5";"289,18";"25,55";"97,45";"4,64";"386,64";"30,18";"45,05";"1,91";"33,14";"4,09";"0,86";"0,41";"16,36";"4169,9";"139,0";"590,79";"132,31";"11,34";"31,59";"1,68";"163,9";"13,02";"35,87";"1,57";"29,36";"2,44";"0,43";"0,05";"5,97";"4413,37";"147,11";"803,29";"342,87";"30,29";"115,55";"5,5";"458,42";"35,79";"53,41";"2,26";"39,29";"4,85";"1,02";"0,49";"19,4";"0,54";"1,46";"25,42"
"Martti  Haukioja";"M. Haukioja";"17287";"1999-10-06";"Vaasan Palloseura";"3603";"FIN - Veikkausliiga";"323";"2026/2026";"130";"Central Defender";"77,69";"40,68";"17,91";"22,77";"5";"0";"8650,2";"111,34";"1193,2";"396,4";"35,6";"166,8";"6,2";"563,2";"41,8";"28,76";"28,76";"82,4";"3,4";"67,6";"7,2";"1,6";"null";"null";"0,4";"null";"null";"20,0";"2,31";"null";"10020,4";"111,34";"1382,2";"459,19";"41,24";"193,22";"7,18";"652,41";"48,42";"95,45";"3,94";"78,31";"8,34";"1,85";"0,46";"23,17";"8615,46";"143,59";"1498,35";"486,77";"45,14";"193,82";"7,38";"680,59";"52,51";"84,67";"3,54";"66,08";"7,38";"2494,8";"139,3";"409,8";"77,6";"7,2";"12,4";"0,8";"90,0";"8,0";"18,4";"0,6";"14,8";"1,4";"0,0";"0,0";"4,4";"3346,0";"146,97";"606,0";"252,4";"23,4";"119,0";"4,2";"371,4";"27,6";"39,0";"1,8";"30,0";"3,6";"0,6";"0,2";"14,0";"4178,89";"139,3";"686,43";"129,98";"12,06";"20,77";"1,34";"150,75";"13,4";"30,82";"1,01";"24,79";"2,35";"0,0";"0,0";"7,37";"4409,08";"146,97";"798,54";"332,59";"30,83";"156,81";"5,53";"489,4";"36,37";"51,39";"2,37";"39,53";"4,74";"0,79";"0,26";"18,45";"0,3";"0,89";"27,14"
"Janne-Pekka Laine";"J. Laine";"17290";"2001-01-25";"FC Inter Turku";"1769";"FIN - Veikkausliiga";"323";"2026/2026";"130";"Midfield";"68,36";"37,7";"21,15";"16,55";"4";"1";"8191,0";"119,82";"1468,25";"477,25";"42,75";"116,0";"6,0";"593,25";"48,75";"27,73";"27,73";"96,0";"6,5";"76,75";"13,25";"4,25";"0,77";"0,66";"0,75";"1,56";"null";"36,0";"2,08";"2,96";"10784,2";"119,82";"1933,09";"628,34";"56,28";"152,72";"7,9";"781,07";"64,18";"126,39";"8,56";"101,05";"17,44";"5,6";"0,99";"47,4";"9345,92";"155,77";"2118,86";"710,53";"63,65";"177,04";"7,96";"887,57";"71,61";"114,18";"7,56";"81,95";"10,74";"3150,0";"148,94";"687,25";"173,75";"15,0";"31,0";"1,75";"204,75";"16,75";"39,75";"1,75";"27,5";"2,75";"0,5";"0,0";"11,0";"2723,0";"164,49";"644,25";"272,75";"25,0";"80,25";"3,25";"353,0";"28,25";"32,0";"3,0";"24,0";"4,0";"2,75";"0,5";"20,5";"4468,09";"148,94";"974,82";"246,45";"21,28";"43,97";"2,48";"290,43";"23,76";"56,38";"2,48";"39,01";"3,9";"0,71";"0,0";"15,6";"4934,71";"164,49";"1167,53";"494,29";"45,31";"145,43";"5,89";"639,72";"51,2";"57,99";"5,44";"43,49";"7,25";"4,98";"0,91";"37,15";"0,8";"5,17";"50,13"
"Albin Granlund";"A. Granlund";"17490";"1989-09-01";"FC Inter Turku";"1769";"FIN - Veikkausliiga";"323";"2025/2025";"128";"Full Back";"87,46";"51,44";"26,93";"24,51";"24";"1";"10137,54";"115,91";"1506,12";"591,96";"53,71";"151,0";"9,38";"742,96";"63,08";"28,55";"30,78";"108,54";"5,79";"91,5";"12,5";"3,83";"0,62";"0,7";"1,29";"1,3";"1,56";"34,88";"1,76";"2,71";"10431,74";"115,91";"1549,83";"609,14";"55,27";"155,38";"9,65";"764,52";"64,91";"111,69";"5,96";"94,16";"12,86";"3,94";"1,33";"35,89";"8553,57";"142,56";"1529,5";"627,31";"56,71";"161,83";"9,23";"789,15";"65,95";"94,72";"4,81";"70,86";"8,89";"3736,75";"138,77";"643,58";"236,21";"22,46";"61,88";"3,75";"298,08";"26,21";"37,96";"1,71";"28,17";"3,71";"0,92";"0,42";"11,88";"3596,75";"146,72";"667,75";"301,62";"26,17";"76,88";"4,17";"378,5";"30,33";"43,25";"2,42";"32,58";"3,92";"1,5";"0,38";"20,38";"4163,19";"138,77";"717,03";"263,16";"25,02";"68,94";"4,18";"332,1";"29,2";"42,29";"1,9";"31,38";"4,13";"1,02";"0,46";"13,23";"4401,56";"146,72";"817,17";"369,12";"32,02";"94,08";"5,1";"463,19";"37,12";"52,93";"2,96";"39,87";"4,79";"1,84";"0,46";"24,93";"0,92";"2,82";"37,62"
"Albin Granlund";"A. Granlund";"17490";"1989-09-01";"FC Inter Turku";"1769";"FIN - Veikkausliiga";"323";"2026/2026";"130";"Full Back";"94,16";"54,08";"30,45";"23,63";"7";"0";"10702,0";"113,66";"1623,43";"667,0";"61,71";"238,29";"12,57";"905,29";"74,29";"29,43";"29,94";"115,43";"6,57";"98,71";"13,86";"4,0";"0,72";"0,97";"1,14";"1,61";"null";"37,71";"1,96";"2,99";"10229,49";"113,66";"1551,75";"637,55";"58,99";"227,77";"12,02";"865,32";"71,01";"110,33";"6,28";"94,36";"13,25";"3,82";"1,09";"36,05";"8481,73";"141,36";"1534,68";"662,5";"60,39";"249,15";"12,05";"911,65";"72,43";"93,99";"5,07";"68,79";"9,03";"4069,43";"133,63";"688,86";"262,57";"25,14";"103,71";"5,0";"366,29";"30,14";"39,86";"2,14";"31,71";"3,43";"0,71";"0,14";"12,43";"3575,57";"151,32";"694,43";"334,57";"29,29";"120,86";"5,86";"455,43";"35,14";"44,86";"2,43";"30,29";"4,71";"1,71";"0,57";"22,57";"4008,98";"133,63";"678,62";"258,67";"24,77";"102,17";"4,93";"360,84";"29,7";"39,27";"2,11";"31,24";"3,38";"0,7";"0,14";"12,24";"4539,72";"151,32";"881,68";"424,79";"37,18";"153,45";"7,44";"578,23";"44,62";"56,95";"3,08";"38,45";"5,99";"2,18";"0,73";"28,66";"0,79";"2,69";"38,83"
"Sauli Väisänen";"S. Väisänen";"17491";"1994-06-05";"Tampereen Ilves";"591";"FIN - Veikkausliiga";"323";"2025/2025";"128";"Central Defender";"97,17";"55,85";"30,27";"25,58";"26";"1";"10348,62";"106,5";"1259,85";"386,31";"36,65";"117,92";"6,19";"504,23";"42,85";"28,47";"30,3";"113,35";"5,08";"90,23";"11,5";"2,81";"0,61";"0,75";"0,42";"1,42";"null";"25,04";"1,92";"3,0";"9585,21";"106,5";"1166,91";"357,81";"33,95";"109,22";"5,74";"467,03";"39,69";"104,98";"4,7";"83,57";"10,65";"2,6";"0,39";"23,19";"7965,26";"132,75";"1143,51";"362,3";"33,8";"112,48";"5,12";"474,78";"38,92";"86,03";"4,09";"65,33";"6,69";"3756,85";"124,12";"446,38";"90,62";"8,46";"21,04";"0,73";"111,65";"9,19";"36,0";"1,62";"29,35";"2,85";"0,54";"0,0";"6,35";"3657,23";"142,97";"618,0";"246,62";"23,0";"83,65";"4,04";"330,27";"27,04";"44,08";"2,19";"31,46";"3,38";"1,04";"0,27";"16,19";"3723,59";"124,12";"442,43";"89,81";"8,39";"20,85";"0,72";"110,67";"9,11";"35,68";"1,6";"29,09";"2,82";"0,53";"0,0";"6,29";"4289,15";"142,97";"724,78";"289,23";"26,97";"98,11";"4,74";"387,33";"31,71";"51,69";"2,57";"36,9";"3,97";"1,22";"0,32";"18,99";"0,29";"1,69";"24,21"
"Petteri Forsell";"P. Forsell";"17498";"1990-10-16";"Kotkan Työväen Palloilijat";"5279";"FIN - Veikkausliiga";"323";"2025/2025";"128";"Center Forward";"90,95";"49,34";"23,25";"26,08";"10";"0";"10216,0";"112,33";"1551,4";"497,5";"40,9";"89,5";"4,9";"587,0";"45,8";"26,28";"27,6";"99,1";"5,2";"81,6";"9,3";"3,5";"0,87";"null";"0,6";"null";"null";"31,3";"2,17";"2,95";"10109,29";"112,33";"1535,2";"492,3";"40,47";"88,57";"4,85";"580,87";"45,32";"98,06";"5,15";"80,75";"9,2";"3,46";"0,59";"30,97";"8576,79";"142,95";"1676,08";"553,22";"45,85";"101,79";"4,62";"655,01";"50,47";"86,35";"4,74";"66,16";"7,66";"3354,3";"144,24";"662,1";"213,0";"17,6";"48,4";"2,1";"261,4";"19,7";"36,9";"1,8";"24,8";"2,9";"1,1";"0,0";"13,5";"3698,2";"141,79";"716,1";"241,9";"20,1";"35,3";"1,7";"277,2";"21,8";"34,1";"2,1";"29,6";"3,4";"1,1";"0,3";"15,8";"4327,2";"144,24";"854,14";"274,78";"22,7";"62,44";"2,71";"337,22";"25,41";"47,6";"2,32";"31,99";"3,74";"1,42";"0,0";"17,42";"4253,79";"141,79";"823,68";"278,24";"23,12";"40,6";"1,96";"318,84";"25,08";"39,22";"2,42";"34,05";"3,91";"1,27";"0,35";"18,17";"0,36";"2,68";"35,63"
"Petteri Forsell";"P. Forsell";"17498";"1990-10-16";"Kotkan Työväen Palloilijat";"5279";"FIN - Veikkausliiga";"323";"2025/2025";"128";"Midfield";"78,52";"38,68";"18,63";"20,04";"3";"0";"8914,0";"113,52";"1456,33";"508,0";"36,67";"114,33";"4,67";"622,33";"41,33";"27,3";"27,3";"80,0";"3,0";"70,0";"7,33";"0,0";"null";"null";"0,0";"null";"null";"24,33";"2,3";"null";"10216,98";"113,52";"1669,21";"582,26";"42,03";"131,05";"5,35";"713,3";"47,38";"91,69";"3,44";"80,23";"8,41";"0,0";"0,0";"27,89";"9329,91";"155,5";"2015,11";"738,93";"53,78";"149,96";"6,21";"888,88";"59,98";"91,01";"3,1";"70,32";"9,31";"2949,67";"158,3";"707,0";"244,0";"18,67";"61,67";"2,0";"305,67";"20,67";"27,33";"1,33";"20,67";"2,0";"0,0";"0,0";"9,0";"3064,67";"152,89";"592,0";"232,33";"16,0";"35,0";"2,0";"267,33";"18,0";"31,33";"0,67";"24,67";"4,0";"0,0";"0,0";"13,33";"4749,02";"158,3";"1138,28";"392,84";"30,05";"99,28";"3,22";"492,13";"33,27";"44,01";"2,15";"33,27";"3,22";"0,0";"0,0";"14,49";"4586,81";"152,89";"886,03";"347,73";"23,95";"52,38";"2,99";"400,11";"26,94";"46,9";"1,0";"36,92";"5,99";"0,0";"0,0";"19,96";"0,0";"0,0";"34,65"
"Petteri Forsell";"P. Forsell";"17498";"1990-10-16";"Kotkan Työväen Palloilijat";"5279";"FIN - Veikkausliiga";"323";"2025/2025";"128";"Wide Attacker";"84,86";"50,15";"24,58";"25,57";"4";"0";"9825,75";"115,78";"1537,5";"427,5";"38,0";"68,75";"4,5";"496,25";"42,5";"26,48";"26,48";"106,75";"4,75";"92,5";"10,5";"2,5";"0,98";"0,98";"1,0";"null";"null";"25,25";"2,58";"null";"10420,59";"115,78";"1630,58";"453,38";"40,3";"72,91";"4,77";"526,29";"45,07";"113,21";"5,04";"98,1";"11,14";"2,65";"1,06";"26,78";"8467,9";"141,13";"1669,29";"487,54";"40,98";"67,6";"4,19";"555,13";"45,16";"98,4";"3,89";"75,07";"7,78";"3509,5";"142,76";"707,25";"236,5";"20,0";"24,25";"2,25";"260,75";"22,25";"44,0";"1,75";"30,25";"3,0";"1,0";"0,5";"12,25";"3568,25";"139,57";"688,0";"171,0";"14,25";"32,25";"1,25";"203,25";"15,5";"38,25";"1,5";"32,5";"3,5";"0,25";"0,0";"11,0";"4282,78";"142,76";"863,08";"288,61";"24,41";"29,59";"2,75";"318,2";"27,15";"53,69";"2,14";"36,92";"3,66";"1,22";"0,61";"14,95";"4186,99";"139,57";"807,3";"200,65";"16,72";"37,84";"1,47";"238,49";"18,19";"44,88";"1,76";"38,14";"4,11";"0,29";"0,0";"12,91";"0,6";"1,5";"27,82"
"Niko Hämäläinen";"N. Hämäläinen";"18695";"1997-03-05";"Kuopio PS";"538";"FIN - Veikkausliiga";"323";"2025/2025";"128";"Full Back";"84,54";"51,38";"27,25";"24,13";"7";"0";"9714,43";"114,91";"1415,0";"593,14";"55,57";"200,14";"11,71";"793,29";"67,29";"28,77";"29,3";"117,71";"7,43";"101,29";"15,0";"5,57";"0,61";"0,86";"2,14";"1,3";"1,9";"31,43";"2,07";"2,96";"10342,07";"114,91";"1506,42";"631,47";"59,16";"213,07";"12,47";"844,54";"71,63";"125,32";"7,91";"107,83";"15,97";"5,93";"2,28";"33,46";"8346,06";"139,1";"1441,0";"630,08";"58,39";"215,37";"11,84";"845,45";"70,23";"100,76";"5,67";"71,9";"10,68";"3737,57";"137,17";"635,0";"267,43";"24,71";"91,86";"5,0";"359,29";"29,71";"42,57";"2,14";"31,14";"4,29";"1,29";"0,71";"11,14";"3409,57";"141,28";"599,0";"272,14";"25,29";"92,57";"5,14";"364,71";"30,43";"43,71";"2,71";"30,43";"4,86";"1,71";"0,86";"16,43";"4115,12";"137,17";"699,14";"294,44";"27,21";"101,14";"5,51";"395,58";"32,72";"46,87";"2,36";"34,29";"4,72";"1,42";"0,79";"12,27";"4238,42";"141,28";"744,61";"338,3";"31,43";"115,07";"6,39";"453,37";"37,83";"54,34";"3,37";"37,83";"6,04";"2,13";"1,07";"20,42";"1,84";"3,5";"32,2"
"Tyler Reid";"T. Reid";"18893";"1997-09-02";"Vaasan Palloseura";"3603";"FIN - Veikkausliiga";"323";"2025/2025";"128";"Central Defender";"82,52";"43,69";"22,39";"21,29";"9";"2";"8668,67";"105,05";"1169,44";"419,0";"40,22";"140,33";"7,44";"559,33";"47,67";"29,91";"31,56";"88,67";"5,11";"73,33";"11,0";"4,0";"0,71";"0,68";"1,33";"1,34";"null";"18,33";"2,21";"2,86";"9454,61";"105,05";"1275,47";"456,99";"43,87";"153,06";"8,12";"610,04";"51,99";"96,71";"5,57";"79,98";"12,0";"4,36";"1,45";"20,0";"8090,12";"134,84";"1347,77";"512,59";"47,92";"183,43";"8,7";"696,01";"56,61";"88,66";"5,19";"67,45";"8,55";"2762,11";"123,35";"390,0";"128,0";"13,11";"41,33";"2,0";"169,33";"15,11";"26,11";"1,78";"21,56";"2,78";"1,33";"0,22";"4,33";"3128,44";"146,91";"591,33";"245,22";"21,78";"92,22";"4,33";"337,44";"26,11";"38,44";"2,0";"27,56";"3,44";"1,33";"0,67";"12,22";"3700,48";"123,35";"522,49";"171,49";"17,57";"55,38";"2,68";"226,86";"20,24";"34,98";"2,38";"28,88";"3,72";"1,79";"0,3";"5,81";"4407,41";"146,91";"833,08";"345,47";"30,68";"129,92";"6,1";"475,4";"36,79";"54,16";"2,82";"38,82";"4,85";"1,88";"0,94";"17,22";"1,22";"3,66";"22,74"
"Tyler Reid";"T. Reid";"18893";"1997-09-02";"Vaasan Palloseura";"3603";"FIN - Veikkausliiga";"323";"2025/2025";"128";"Full Back";"86,85";"44,46";"21,46";"23,0";"5";"1";"9208,6";"106,03";"1323,8";"610,2";"57,8";"213,8";"13,8";"824,0";"71,6";"30,18";"30,18";"103,6";"8,4";"90,6";"18,8";"6,8";"0,66";"0,68";"3,4";"1,27";"1,43";"28,0";"2,41";"3,33";"9542,96";"106,03";"1371,87";"632,36";"59,9";"221,56";"14,3";"853,92";"74,2";"107,36";"8,7";"93,89";"19,48";"7,05";"3,52";"29,02";"8346,83";"139,11";"1550,61";"760,86";"66,4";"269,37";"15,11";"1030,23";"81,51";"99,6";"7,29";"73,14";"14,84";"2838,4";"132,26";"463,6";"221,4";"18,8";"64,4";"5,0";"285,8";"23,8";"31,8";"3,0";"23,4";"4,4";"2,6";"1,2";"9,2";"3346,6";"145,5";"685,4";"342,4";"30,4";"135,2";"6,2";"477,6";"36,6";"42,0";"2,4";"30,8";"6,6";"2,0";"1,0";"16,4";"3967,94";"132,26";"648,09";"309,51";"26,28";"90,03";"6,99";"399,53";"33,27";"44,45";"4,19";"32,71";"6,15";"3,63";"1,68";"12,86";"4365,13";"145,5";"894,0";"446,61";"39,65";"176,35";"8,09";"622,96";"47,74";"54,78";"3,13";"40,17";"8,61";"2,61";"1,3";"21,39";"2,97";"6,21";"34,55"
"Piotr Parzyszek";"P. Parzyszek";"20144";"1993-09-08";"Kuopio PS";"538";"FIN - Veikkausliiga";"323";"2025/2025";"128";"Center Forward";"65,94";"40,96";"20,83";"20,13";"10";"1";"7722,7";"117,11";"1211,2";"387,4";"32,9";"60,8";"3,6";"448,2";"36,5";"26,48";"27,5";"83,8";"3,3";"72,6";"8,5";"2,3";"0,8";"0,86";"0,6";"null";"null";"27,0";"1,99";"3,07";"10540,0";"117,11";"1653,06";"528,73";"44,9";"82,98";"4,91";"611,71";"49,82";"114,37";"4,5";"99,09";"11,6";"3,14";"0,82";"36,85";"8620,05";"143,67";"1601,38";"528,03";"43,21";"80,71";"3,95";"608,74";"47,16";"90,81";"3,66";"72,65";"7,03";"2878,8";"138,18";"534,3";"183,1";"14,2";"33,6";"1,5";"216,7";"15,7";"32,9";"1,2";"24,5";"2,2";"0,4";"0,2";"11,7";"3006,3";"149,34";"559,0";"177,4";"15,3";"21,5";"1,2";"198,9";"16,5";"29,1";"1,3";"25,1";"2,6";"0,6";"0,0";"13,2";"4145,47";"138,18";"769,39";"263,66";"20,45";"48,38";"2,16";"312,05";"22,61";"47,38";"1,73";"35,28";"3,17";"0,58";"0,29";"16,85";"4480,33";"149,34";"833,08";"264,38";"22,8";"32,04";"1,79";"296,42";"24,59";"43,37";"1,94";"37,41";"3,87";"0,89";"0,0";"19,67";"0,29";"1,46";"36,47"
"Romain Sans";"R. Sans";"20251";"1999-03-19";"FC Lahti";"539";"FIN - Veikkausliiga";"323";"2026/2026";"130";"Full Back";"97,12";"49,87";"26,12";"23,75";"7";"0";"10727,43";"110,45";"1476,86";"655,0";"65,14";"285,71";"15,43";"940,71";"80,57";"30,07";"30,88";"129,57";"9,29";"105,0";"20,43";"7,14";"0,65";"0,73";"1,57";"1,29";"1,6";"38,0";"1,98";"2,6";"9940,84";"110,45";"1368,57";"606,97";"60,37";"264,76";"14,3";"871,74";"74,66";"120,07";"8,6";"97,3";"18,93";"6,62";"1,46";"35,21";"8708,16";"145,14";"1523,12";"722,37";"69,78";"306,1";"16,16";"1028,47";"85,94";"107,76";"6,53";"75,62";"13,41";"3736,71";"143,08";"627,86";"303,57";"31,14";"148,0";"8,57";"451,57";"39,71";"42,86";"2,86";"29,57";"5,14";"2,14";"0,43";"14,14";"3501,43";"147,4";"638,14";"296,86";"26,86";"106,43";"4,86";"403,29";"31,71";"46,71";"2,57";"33,29";"6,0";"1,43";"0,43";"19,86";"4292,33";"143,08";"721,21";"348,71";"35,77";"170,01";"9,85";"518,72";"45,62";"49,23";"3,28";"33,97";"5,91";"2,46";"0,49";"16,25";"4421,97";"147,4";"805,91";"374,9";"33,92";"134,41";"6,13";"509,31";"40,05";"59,0";"3,25";"42,04";"7,58";"1,8";"0,54";"25,08";"1,03";"4,3";"40,91"
"Lamine Ghezali";"L. Ghezali";"22188";"1999-07-06";"AC Oulu";"5278";"FIN - Veikkausliiga";"323";"2025/2025";"128";"Wide Attacker";"57,89";"32,88";"18,34";"14,54";"4";"0";"7208,75";"124,52";"1185,0";"532,75";"48,0";"188,75";"10,25";"721,5";"58,25";"29,05";"29,05";"72,0";"4,0";"57,0";"11,5";"2,5";"0,9";"0,91";"1,0";"null";"null";"36,0";"2,14";"2,88";"11206,92";"124,52";"1842,23";"828,23";"74,62";"293,44";"15,93";"1121,66";"90,56";"111,93";"6,22";"88,61";"17,88";"3,89";"1,55";"55,97";"9523,35";"158,72";"1919,54";"894,3";"81,22";"325,78";"14,6";"1220,08";"95,82";"98,1";"5,93";"71,63";"13,23";"2878,5";"156,97";"566,25";"292,0";"26,25";"114,75";"4,75";"406,75";"31,0";"30,5";"1,75";"22,25";"4,5";"1,0";"0,25";"17,0";"2339,5";"160,93";"485,5";"198,0";"18,25";"63,75";"3,25";"261,75";"21,5";"23,25";"1,5";"17,0";"2,75";"0,75";"0,5";"15,5";"4709,2";"156,97";"926,38";"477,71";"42,94";"187,73";"7,77";"665,44";"50,72";"49,9";"2,86";"36,4";"7,36";"1,64";"0,41";"27,81";"4827,86";"160,93";"1001,89";"408,6";"37,66";"131,56";"6,71";"540,15";"44,37";"47,98";"3,1";"35,08";"5,67";"1,55";"1,03";"31,99";"1,37";"3,19";"59,32"
"Lamine Ghezali";"L. Ghezali";"22188";"1999-07-06";"AC Oulu";"5278";"FIN - Veikkausliiga";"323";"2026/2026";"130";"Wide Attacker";"81,31";"45,9";"21,86";"24,04";"9";"0";"9593,0";"117,99";"1453,22";"669,78";"67,78";"345,33";"16,11";"1015,11";"83,89";"31,07";"31,92";"101,67";"8,11";"84,22";"19,33";"6,33";"0,7";"0,77";"2,11";"1,47";"1,6";"43,33";"1,71";"2,7";"10618,83";"117,99";"1608,62";"741,4";"75,03";"382,26";"17,83";"1123,66";"92,86";"112,54";"8,98";"93,23";"21,4";"7,01";"2,34";"47,97";"8903,56";"148,39";"1664,49";"806,83";"77,41";"407,99";"18,01";"1214,81";"95,42";"95,42";"6,97";"68,12";"14,38";"3335,22";"152,56";"647,56";"345,89";"32,56";"199,0";"8,67";"544,89";"41,22";"38,56";"2,89";"24,33";"5,67";"2,33";"0,78";"21,0";"3476,0";"144,6";"625,78";"271,33";"26,67";"113,11";"5,11";"384,44";"31,78";"34,44";"2,44";"27,78";"5,33";"1,78";"0,44";"19,11";"4576,93";"152,56";"888,64";"474,66";"44,68";"273,09";"11,89";"747,75";"56,57";"52,91";"3,96";"33,39";"7,78";"3,2";"1,07";"28,82";"4337,97";"144,6";"780,96";"338,62";"33,28";"141,16";"6,38";"479,78";"39,66";"42,99";"3,05";"34,67";"6,66";"2,22";"0,55";"23,85";"1,6";"5,37";"52,43"
"Joni Kauko";"J. Kauko";"22208";"1990-07-12";"Kotkan Työväen Palloilijat";"5279";"FIN - Veikkausliiga";"323";"2025/2025";"128";"Midfield";"84,16";"45,73";"23,16";"22,56";"7";"0";"9211,43";"109,45";"1247,86";"372,43";"34,0";"106,29";"5,14";"478,71";"39,14";"27,96";"28,76";"93,0";"4,29";"86,71";"10,57";"2,14";"0,68";"0,77";"0,57";"1,34";"null";"29,57";"2,07";"2,68";"9850,4";"109,45";"1334,42";"398,26";"36,36";"113,66";"5,5";"511,92";"41,86";"99,45";"4,58";"92,73";"11,3";"2,29";"0,61";"31,62";"8533,9";"142,23";"1480,86";"455,13";"40,3";"134,59";"4,87";"589,72";"45,18";"89,79";"5,25";"74,04";"7,87";"3022,14";"130,47";"374,71";"70,71";"6,29";"20,71";"0,57";"91,43";"6,86";"27,0";"1,71";"23,86";"1,86";"0,43";"0,14";"6,57";"3481,57";"154,31";"753,86";"276,14";"24,43";"81,86";"3,14";"358,0";"27,57";"41,43";"2,29";"32,57";"4,14";"1,14";"0,14";"20,29";"3913,97";"130,47";"485,29";"91,58";"8,14";"26,83";"0,74";"118,41";"8,88";"34,97";"2,22";"30,9";"2,41";"0,56";"0,19";"8,51";"4629,36";"154,31";"1002,38";"367,18";"32,48";"108,84";"4,18";"476,02";"36,66";"55,09";"3,04";"43,31";"5,51";"1,52";"0,19";"26,97";"0,37";"2,06";"35,24"
"Ibrahim Cissé";"I. Cissé";"23156";"1999-01-11";"Kuopio PS";"538";"FIN - Veikkausliiga";"323";"2025/2025";"128";"Central Defender";"95,04";"58,57";"32,15";"26,42";"24";"1";"9538,92";"100,37";"1092,54";"376,88";"37,58";"135,75";"7,25";"512,62";"44,83";"29,52";"31,6";"114,5";"6,21";"95,12";"11,83";"4,17";"0,61";"0,67";"1,42";"1,12";"1,28";"20,42";"1,95";"2,8";"9032,91";"100,37";"1034,59";"356,88";"35,59";"128,55";"6,87";"485,43";"42,46";"108,43";"5,88";"90,08";"11,21";"3,95";"1,34";"19,33";"7286,52";"121,44";"966,72";"348,65";"33,29";"124,0";"6,02";"472,64";"39,31";"83,11";"4,01";"65,65";"6,36";"3564,42";"110,86";"374,04";"98,92";"9,38";"24,21";"1,38";"123,12";"10,75";"34,79";"1,67";"31,33";"2,96";"1,0";"0,17";"6,08";"3548,38";"134,32";"569,62";"241,42";"23,12";"96,83";"4,5";"338,25";"27,62";"46,33";"2,25";"32,75";"3,25";"1,42";"0,62";"12,46";"3325,91";"110,86";"349,01";"92,3";"8,75";"22,59";"1,28";"114,89";"10,03";"32,46";"1,56";"29,24";"2,76";"0,93";"0,16";"5,68";"4029,49";"134,32";"646,86";"274,15";"26,26";"109,96";"5,11";"384,11";"31,37";"52,62";"2,56";"37,19";"3,69";"1,61";"0,71";"14,15";"0,81";"2,48";"18,99"
"Paulius Golubickas";"P. Golubickas";"23510";"1999-08-19";"Kuopio PS";"538";"FIN - Veikkausliiga";"323";"2025/2025";"128";"Wide Attacker";"65,67";"40,42";"20,96";"19,47";"3";"0";"8998,0";"137,01";"1597,0";"601,33";"52,67";"145,67";"8,67";"747,0";"61,33";"28,67";"28,67";"94,67";"5,33";"78,0";"10,0";"3,0";"null";"null";"0,33";"null";"null";"46,67";"2,28";"null";"12331,24";"137,01";"2188,6";"824,09";"72,18";"199,63";"11,88";"1023,72";"84,05";"129,74";"7,31";"106,89";"13,7";"4,11";"0,46";"63,95";"10126,61";"168,78";"2145,85";"842,11";"70,26";"209,29";"11,87";"1051,4";"82,13";"104,89";"3,96";"83,12";"8,41";"3553,33";"169,57";"720,33";"326,0";"27,67";"109,67";"6,0";"435,67";"33,67";"39,67";"2,0";"32,0";"2,33";"0,0";"0,0";"22,33";"3269,0";"167,93";"725,33";"241,33";"19,67";"31,33";"2,0";"272,67";"21,67";"31,0";"0,67";"24,0";"3,33";"0,67";"0,0";"21,0";"5086,96";"169,57";"1031,23";"466,7";"39,61";"157,0";"8,59";"623,7";"48,2";"56,79";"2,86";"45,81";"3,34";"0,0";"0,0";"31,97";"5037,84";"167,93";"1117,81";"371,92";"30,31";"48,29";"3,08";"420,21";"33,39";"47,77";"1,03";"36,99";"5,14";"1,03";"0,0";"32,36";"0,0";"0,99";"64,32"
"Jaakko Oksanen";"J. Oksanen";"24560";"2000-11-07";"Kuopio PS";"538";"FIN - Veikkausliiga";"323";"2025/2025";"128";"Midfield";"92,17";"56,8";"30,54";"26,26";"22";"1";"11718,45";"127,14";"1833,18";"625,09";"55,23";"140,5";"8,23";"765,59";"63,45";"28,04";"29,64";"111,14";"4,91";"98,55";"10,73";"3,0";"0,62";"0,67";"0,55";"1,44";"2,02";"44,77";"1,87";"2,76";"11442,98";"127,14";"1790,09";"610,4";"53,93";"137,2";"8,03";"747,59";"61,96";"108,52";"4,79";"96,23";"10,48";"2,93";"0,53";"43,72";"9503,07";"158,38";"1799,54";"619,87";"53,58";"134,15";"7,11";"754,02";"60,69";"89,64";"4,03";"70,82";"7,25";"4573,36";"149,75";"716,73";"184,73";"15,86";"32,77";"1,82";"217,5";"17,68";"40,18";"1,95";"32,23";"2,32";"1,09";"0,18";"14,77";"4423,0";"168,42";"986,86";"402,09";"34,86";"94,23";"4,91";"496,32";"39,77";"44,68";"1,86";"34,82";"4,55";"1,09";"0,23";"27,68";"4492,59";"149,75";"704,07";"181,46";"15,58";"32,19";"1,79";"213,66";"17,37";"39,47";"1,92";"31,66";"2,28";"1,07";"0,18";"14,51";"5052,67";"168,42";"1127,36";"459,33";"39,83";"107,64";"5,61";"566,98";"45,43";"51,04";"2,13";"39,77";"5,19";"1,25";"0,26";"31,62";"0,43";"2,3";"44,85"
"Jayden Reid";"J. Reid";"26670";"2001-04-22";"IFK Mariehamn";"5280";"FIN - Veikkausliiga";"323";"2025/2025";"128";"Wide Attacker";"90,7";"47,49";"21,52";"25,97";"5";"1";"9734,6";"107,33";"1433,4";"645,2";"63,6";"211,2";"12,6";"856,4";"76,2";"30,12";"30,12";"107,2";"7,8";"94,2";"15,4";"4,6";"0,62";"null";"1,8";"1,29";"null";"34,0";"2,02";"3,11";"9659,83";"107,33";"1422,39";"640,24";"63,11";"209,58";"12,5";"849,82";"75,61";"106,38";"7,74";"93,48";"15,28";"4,56";"1,79";"33,74";"8349,64";"139,16";"1613,03";"754,21";"72,77";"251,4";"13,64";"1005,61";"86,41";"99,55";"6,57";"76,56";"13,14";"3038,6";"141,2";"609,0";"319,0";"29,4";"120,0";"5,8";"439,0";"35,2";"40,0";"3,2";"26,6";"4,8";"2,2";"1,6";"16,6";"3570,6";"137,47";"667,8";"278,0";"28,2";"79,0";"5,0";"357,0";"33,2";"38,8";"2,0";"34,0";"5,6";"0,8";"0,0";"14,4";"4235,97";"141,2";"848,98";"444,7";"40,99";"167,29";"8,09";"611,99";"49,07";"55,76";"4,46";"37,08";"6,69";"3,07";"2,23";"23,14";"4124,15";"137,47";"771,33";"321,1";"32,57";"91,25";"5,78";"412,35";"38,35";"44,82";"2,31";"39,27";"6,47";"0,92";"0,0";"16,63";"2,02";"3,79";"39,16"
"Alexander Ring";"A. Ring";"27170";"1991-04-09";"HJK Helsinki";"429";"FIN - Veikkausliiga";"323";"2025/2025";"128";"Center Forward";"89,32";"55,49";"34,25";"21,23";"5";"0";"10793,8";"120,85";"1569,4";"687,6";"67,8";"269,2";"15,2";"956,8";"83,0";"29,02";"29,02";"121,2";"6,6";"107,4";"14,8";"4,0";"0,8";"0,9";"1,6";"1,81";"null";"50,2";"1,95";"3,19";"10876,38";"120,85";"1581,41";"692,86";"68,32";"271,26";"15,32";"964,12";"83,64";"122,13";"6,65";"108,22";"14,91";"4,03";"1,61";"50,58";"8804,71";"146,75";"1534,42";"693,79";"67,04";"269,69";"13,62";"963,47";"80,67";"98,62";"4,97";"78,72";"11,68";"4672,6";"136,41";"694,0";"290,6";"27,6";"124,8";"5,4";"415,4";"33,0";"55,8";"2,8";"39,6";"5,0";"2,0";"0,8";"22,6";"3469,8";"163,41";"725,0";"351,0";"34,4";"124,6";"7,2";"475,6";"41,6";"35,4";"1,8";"33,2";"5,8";"1,0";"0,4";"24,6";"4092,39";"136,41";"607,82";"254,52";"24,17";"109,3";"4,73";"363,82";"28,9";"48,87";"2,45";"34,68";"4,38";"1,75";"0,7";"19,79";"4902,39";"163,41";"1024,33";"495,92";"48,6";"176,04";"10,17";"671,96";"58,78";"50,02";"2,54";"46,91";"8,19";"1,41";"0,57";"34,76";"1,3";"3,24";"51,04"
"Alexander Ring";"A. Ring";"27170";"1991-04-09";"HJK Helsinki";"429";"FIN - Veikkausliiga";"323";"2025/2025";"128";"Midfield";"90,0";"51,88";"28,49";"23,39";"20";"1";"10891,2";"121,01";"1709,25";"669,0";"61,9";"235,0";"11,7";"904,0";"73,6";"29,3";"31,28";"113,35";"5,0";"99,55";"14,65";"3,45";"0,61";"0,68";"0,85";"1,3";"1,32";"41,05";"1,9";"2,74";"10891,3";"121,01";"1709,27";"669,01";"61,9";"235,0";"11,7";"904,01";"73,6";"113,35";"5,0";"99,55";"14,65";"3,45";"0,85";"41,05";"9264,32";"154,41";"1797,4";"720,86";"65,46";"251,02";"11,62";"971,88";"77,08";"96,57";"4,11";"75,69";"9,77";"4202,1";"147,49";"745,1";"296,45";"26,4";"118,7";"5,05";"415,15";"31,45";"43,9";"2,0";"33,35";"3,3";"1,15";"0,3";"17,05";"3808,45";"162,84";"809,05";"326,85";"30,2";"98,35";"5,0";"425,2";"35,2";"39,6";"1,55";"32,1";"5,15";"1,1";"0,3";"21,55";"4424,56";"147,49";"784,55";"312,14";"27,8";"124,98";"5,32";"437,13";"33,11";"46,22";"2,11";"35,12";"3,47";"1,21";"0,32";"17,95";"4885,06";"162,84";"1037,76";"419,25";"38,74";"126,15";"6,41";"545,4";"45,15";"50,79";"1,99";"41,17";"6,61";"1,41";"0,38";"27,64";"0,69";"2,6";"44,64"
"Alexander Ring";"A. Ring";"27170";"1991-04-09";"HJK Helsinki";"429";"FIN - Veikkausliiga";"323";"2026/2026";"130";"Midfield";"84,08";"46,2";"25,92";"20,28";"4";"0";"10360,0";"123,22";"1658,5";"687,5";"62,5";"218,25";"12,5";"905,75";"75,0";"29,57";"29,58";"105,25";"4,0";"89,75";"13,5";"3,75";"0,72";"null";"0,75";"null";"null";"38,0";"2,19";"3,02";"11090,1";"123,22";"1775,38";"735,95";"66,9";"233,63";"13,38";"969,58";"80,29";"112,67";"4,28";"96,07";"14,45";"4,01";"0,8";"40,68";"9663,86";"161,06";"1966,09";"855,27";"75,01";"262,69";"13,31";"1117,96";"88,32";"97,74";"2,6";"71,44";"10,39";"3988,0";"153,88";"721,0";"322,5";"30,25";"104,0";"5,5";"426,5";"35,75";"38,5";"1,25";"27,75";"3,25";"1,0";"0,5";"15,25";"3452,5";"170,25";"792,75";"336,0";"27,5";"98,25";"4,75";"434,25";"32,25";"36,75";"0,75";"27,25";"4,75";"0,25";"0,0";"18,5";"4616,33";"153,88";"834,6";"373,31";"35,02";"120,39";"6,37";"493,7";"41,38";"44,57";"1,45";"32,12";"3,76";"1,16";"0,58";"17,65";"5107,46";"170,25";"1172,76";"497,06";"40,68";"145,35";"7,03";"642,41";"47,71";"54,37";"1,11";"40,31";"7,03";"0,37";"0,0";"27,37";"0,65";"1,62";"43,84"
"Benji Michel";"B. Michel";"27179";"1997-10-23";"HJK Helsinki";"429";"FIN - Veikkausliiga";"323";"2025/2025";"128";"Center Forward";"94,59";"57,48";"33,31";"24,17";"3";"0";"10218,0";"108,02";"1301,0";"576,33";"63,67";"273,33";"14,67";"849,67";"78,33";"30,47";"30,47";"107,33";"11,67";"95,0";"17,67";"10,33";"0,7";"0,82";"4,0";"1,38";"null";"42,67";"2,12";"null";"9721,71";"108,02";"1237,81";"548,34";"60,57";"260,06";"13,95";"808,4";"74,53";"102,12";"11,1";"90,39";"16,81";"9,83";"3,81";"40,59";"7894,46";"131,57";"1205,22";"557,03";"60,54";"260,6";"13,22";"817,63";"73,76";"84,55";"8,7";"66,45";"11,48";"4119,33";"123,66";"541,67";"296,0";"34,0";"186,33";"9,0";"482,33";"43,0";"49,67";"6,0";"36,0";"6,33";"5,67";"2,67";"19,67";"3444,0";"142,48";"613,0";"237,67";"24,0";"63,33";"3,67";"301,0";"27,67";"31,33";"2,33";"27,67";"4,67";"2,0";"0,0";"20,67";"3709,87";"123,66";"487,83";"266,58";"30,62";"167,81";"8,11";"434,39";"38,73";"44,73";"5,4";"32,42";"5,7";"5,1";"2,4";"17,71";"4274,33";"142,48";"760,79";"294,97";"29,79";"78,6";"4,55";"373,57";"34,34";"38,89";"2,9";"34,34";"5,79";"2,48";"0,0";"25,65";"2,78";"8,0";"42,1"
"Benji Michel";"B. Michel";"27179";"1997-10-23";"HJK Helsinki";"429";"FIN - Veikkausliiga";"323";"2025/2025";"128";"Wide Attacker";"75,52";"43,68";"24,79";"18,89";"18";"1";"8188,5";"108,43";"1056,28";"483,56";"53,44";"228,94";"12,67";"712,5";"66,11";"30,33";"31,72";"90,61";"8,11";"72,56";"19,56";"5,44";"0,57";"0,61";"1,67";"1,03";"1,2";"32,89";"1,82";"2,8";"9758,37";"108,43";"1258,78";"576,26";"63,69";"272,84";"15,1";"849,1";"78,79";"107,98";"9,67";"86,47";"23,3";"6,49";"1,99";"39,19";"7973,09";"132,88";"1292,19";"612,74";"66,17";"293,59";"14,88";"906,33";"81,05";"91,05";"7,56";"64,41";"16,18";"3099,83";"125,04";"443,83";"221,94";"24,72";"129,11";"6,33";"351,06";"31,06";"35,61";"2,89";"24,56";"5,0";"1,83";"0,56";"14,5";"2704,28";"143,18";"496,83";"224,11";"23,44";"84,61";"4,5";"308,72";"27,94";"30,67";"2,61";"22,33";"6,78";"1,67";"0,39";"16,0";"3751,2";"125,04";"537,1";"268,58";"29,92";"156,24";"7,66";"424,82";"37,58";"43,09";"3,5";"29,72";"6,05";"2,22";"0,67";"17,55";"4295,45";"143,18";"789,17";"355,98";"37,24";"134,4";"7,15";"490,37";"44,39";"48,71";"4,15";"35,47";"10,77";"2,65";"0,62";"25,41";"1,3";"4,81";"41,9"
"Gustav Engvall";"G. Engvall";"27688";"1996-04-29";"Kuopion Palloseura";"5912";"FIN - Veikkausliiga";"323";"2026/2026";"130";"Wide Attacker";"66,17";"42,15";"24,17";"17,98";"4";"1";"8528,0";"128,87";"1398,75";"501,25";"48,25";"112,5";"6,5";"613,75";"54,75";"27,68";"27,68";"90,0";"5,5";"74,75";"13,5";"2,75";"0,88";"0,91";"0,0";"null";"null";"41,5";"2,03";"2,97";"11598,34";"128,87";"1902,34";"681,72";"65,62";"153,0";"8,84";"834,72";"74,46";"122,4";"7,48";"101,66";"18,36";"3,74";"0,0";"56,44";"9170,27";"152,84";"1764,59";"666,84";"61,2";"151,23";"7,12";"818,07";"68,32";"97,14";"3,91";"73,66";"10,68";"3762,5";"155,66";"725,75";"306,75";"27,5";"78,5";"4,0";"385,25";"31,5";"41,75";"1,5";"31,75";"3,75";"0,75";"0,0";"24,25";"2680,25";"149,04";"514,0";"161,75";"15,5";"27,75";"1,0";"189,5";"16,5";"26,5";"1,25";"20,0";"3,75";"0,25";"0,0";"14,0";"4669,88";"155,66";"900,78";"380,73";"34,13";"97,43";"4,96";"478,16";"39,1";"51,82";"1,86";"39,41";"4,65";"0,93";"0,0";"30,1";"4471,22";"149,04";"857,46";"269,83";"25,86";"46,29";"1,67";"316,13";"27,53";"44,21";"2,09";"33,36";"6,26";"0,42";"0,0";"23,35";"0,0";"1,42";"54,44"
"Saku Ylätupa";"S. Ylätupa";"28090";"1999-08-04";"IF Gnistan";"5281";"FIN - Veikkausliiga";"323";"2026/2026";"130";"Wide Attacker";"58,27";"30,33";"13,19";"17,14";"3";"0";"7445,67";"127,77";"1319,67";"537,67";"50,67";"216,0";"10,67";"753,67";"61,33";"30,53";"30,53";"76,33";"4,67";"63,0";"8,67";"3,0";"null";"null";"1,33";"null";"null";"44,33";"2,18";"3,13";"11499,65";"127,77";"2038,19";"830,41";"78,25";"333,61";"16,47";"1164,02";"94,73";"117,89";"7,21";"97,3";"13,39";"4,63";"2,06";"68,47";"9988,86";"166,48";"2322,62";"933,8";"89,03";"376,55";"17,81";"1310,35";"106,83";"105,51";"6,59";"82,43";"13,19";"2240,33";"169,87";"481,0";"200,0";"20,67";"119,33";"4,67";"319,33";"25,33";"26,33";"2,33";"19,67";"2,0";"1,33";"0,67";"14,0";"2808,67";"163,88";"693,0";"272,0";"24,33";"71,0";"4,33";"343,0";"28,67";"27,0";"1,0";"22,0";"4,67";"0,0";"0,0";"26,33";"5095,96";"169,87";"1094,1";"454,93";"47,01";"271,44";"10,61";"726,37";"57,62";"59,9";"5,31";"44,73";"4,55";"3,03";"1,52";"31,84";"4916,3";"163,88";"1213,03";"476,11";"42,59";"124,28";"7,59";"600,39";"50,18";"47,26";"1,75";"38,51";"8,17";"0,0";"0,0";"46,09";"1,32";"2,64";"79,79"
"Marokhy Ndione";"M. Ndione";"28142";"1999-11-04";"AC Oulu";"5278";"FIN - Veikkausliiga";"323";"2025/2025";"128";"Center Forward";"71,84";"40,34";"20,65";"19,69";"4";"0";"7827,0";"108,95";"984,5";"523,0";"54,0";"217,25";"13,75";"740,25";"67,75";"29,52";"29,52";"80,25";"8,0";"66,0";"17,25";"5,75";"0,66";"0,84";"1,75";"1,47";"null";"30,0";"2,18";"null";"9805,88";"108,95";"1233,41";"655,23";"67,65";"272,18";"17,23";"927,41";"84,88";"100,54";"10,02";"82,69";"21,61";"7,2";"2,19";"37,58";"8164,88";"136,08";"1274,61";"715,02";"72,13";"304,15";"18,96";"1019,17";"91,1";"87,01";"5,95";"63,58";"14,87";"2703,5";"130,89";"424,0";"236,75";"25,0";"127,5";"7,5";"364,25";"32,5";"30,25";"2,0";"19,75";"4,0";"1,0";"0,25";"12,0";"2786,25";"141,52";"433,0";"244,0";"23,5";"77,0";"5,25";"321,0";"28,75";"28,25";"2,0";"23,0";"6,0";"2,0";"0,5";"15,25";"3926,81";"130,89";"615,86";"343,88";"36,31";"185,19";"10,89";"529,07";"47,21";"43,94";"2,9";"28,69";"5,81";"1,45";"0,36";"17,43";"4245,71";"141,52";"659,81";"371,81";"35,81";"117,33";"8,0";"489,14";"43,81";"43,05";"3,05";"35,05";"9,14";"3,05";"0,76";"23,24";"1,12";"4,46";"40,53"
"Manasse Kusu";"M. Kusu";"28178";"2001-12-22";"FF Jaro";"5282";"FIN - Veikkausliiga";"323";"2025/2025";"128";"Midfield";"85,63";"46,67";"21,88";"24,79";"17";"1";"9785,24";"114,28";"1333,24";"330,29";"33,24";"93,47";"5,0";"423,76";"38,24";"27,86";"29,72";"93,12";"3,35";"82,18";"8,88";"1,76";"0,71";"0,73";"0,41";"1,41";"null";"27,59";"2,09";"2,86";"10285,15";"114,28";"1401,35";"347,17";"34,93";"98,25";"5,26";"445,41";"40,19";"97,87";"3,52";"86,37";"9,34";"1,85";"0,43";"29,0";"9010,47";"150,17";"1587,09";"406,09";"39,4";"112,45";"4,84";"518,54";"44,24";"88,02";"2,57";"70,33";"7,41";"3145,12";"143,73";"501,12";"107,18";"11,18";"28,41";"1,06";"135,59";"12,24";"30,18";"1,24";"23,88";"2,41";"0,59";"0,0";"10,47";"3863,76";"155,86";"733,41";"208,71";"19,47";"59,06";"2,71";"267,76";"22,18";"38,29";"0,76";"30,82";"3,35";"0,41";"0,12";"15,29";"4312,05";"143,73";"687,05";"146,94";"15,32";"38,95";"1,45";"185,9";"16,77";"41,37";"1,69";"32,74";"3,31";"0,81";"0,0";"14,36";"4675,76";"155,86";"887,54";"252,57";"23,56";"71,47";"3,27";"324,04";"26,84";"46,34";"0,93";"37,3";"4,06";"0,5";"0,14";"18,51";"0,15";"1,29";"33,12"
"Roope Riski";"R. Riski";"28802";"1991-08-16";"Tampereen Ilves";"591";"FIN - Veikkausliiga";"323";"2025/2025";"128";"Center Forward";"68,2";"39,48";"21,74";"17,74";"23";"1";"7564,13";"110,91";"1006,52";"489,65";"47,26";"151,83";"9,17";"641,48";"56,43";"28,28";"29,72";"74,22";"4,78";"63,39";"10,04";"3,78";"0,69";"0,81";"0,78";"1,27";"1,65";"33,52";"1,77";"2,83";"9981,78";"110,91";"1328,23";"646,15";"62,37";"200,35";"12,11";"846,51";"74,47";"97,94";"6,31";"83,65";"13,25";"4,99";"1,03";"44,24";"8323,94";"138,73";"1342,67";"672,39";"64,43";"215,17";"12,09";"887,56";"76,52";"81,22";"4,69";"63,84";"9,91";"2878,83";"132,44";"445,91";"238,39";"21,35";"74,43";"4,0";"312,83";"25,35";"31,39";"1,7";"22,26";"3,22";"0,87";"0,22";"14,57";"2597,78";"146,44";"437,48";"204,0";"21,04";"67,13";"3,96";"271,13";"25,0";"22,04";"1,39";"19,74";"3,3";"1,04";"0,13";"15,78";"3973,18";"132,44";"615,42";"329,01";"29,46";"102,73";"5,52";"431,74";"34,98";"43,32";"2,34";"30,72";"4,44";"1,2";"0,3";"20,1";"4393,31";"146,44";"739,85";"345,0";"35,59";"113,53";"6,69";"458,53";"42,28";"37,28";"2,35";"33,38";"5,59";"1,76";"0,22";"26,69";"0,53";"2,91";"46,13"
"Noah Nurmi";"N. Nurmi";"28920";"2001-02-06";"IFK Mariehamn";"5280";"FIN - Veikkausliiga";"323";"2025/2025";"128";"Central Defender";"89,2";"54,57";"22,31";"32,25";"5";"0";"9278,6";"104,02";"1004,6";"278,2";"26,0";"81,2";"4,4";"359,4";"30,4";"27,32";"27,32";"102,0";"4,4";"85,0";"9,8";"0,4";"null";"null";"0,0";"null";"null";"21,2";"2,44";"null";"9361,82";"104,02";"1013,61";"280,7";"26,23";"81,93";"4,44";"362,62";"30,67";"102,91";"4,44";"85,76";"9,89";"0,4";"0,0";"21,39";"7626,85";"127,11";"994,89";"277,75";"24,85";"77,19";"3,3";"354,94";"28,15";"80,93";"3,3";"64,87";"7,04";"2743,6";"122,96";"323,8";"66,6";"6,4";"18,4";"0,8";"85,0";"7,2";"24,6";"1,4";"20,4";"2,2";"0,0";"0,0";"5,4";"4192,6";"129,99";"581,0";"186,0";"16,2";"51,8";"2,2";"237,8";"18,4";"49,0";"1,6";"38,6";"4,2";"0,2";"0,0";"13,6";"3688,74";"122,96";"435,35";"89,54";"8,6";"24,74";"1,08";"114,28";"9,68";"33,07";"1,88";"27,43";"2,96";"0,0";"0,0";"7,26";"3899,69";"129,99";"540,41";"173,01";"15,07";"48,18";"2,05";"221,19";"17,11";"45,58";"1,49";"35,9";"3,91";"0,19";"0,0";"12,65";"0,0";"0,22";"20,89"
"Noah Nurmi";"N. Nurmi";"28920";"2001-02-06";"IFK Mariehamn";"5280";"FIN - Veikkausliiga";"323";"2026/2026";"130";"Central Defender";"96,29";"56,47";"27,74";"28,73";"7";"0";"10633,71";"110,44";"1425,43";"442,71";"34,0";"120,57";"4,43";"563,29";"38,43";"27,67";"28,28";"111,14";"4,71";"92,29";"11,29";"2,14";"0,87";"null";"1,14";"1,91";"null";"25,86";"2,2";"3,13";"9939,53";"110,44";"1332,37";"413,81";"31,78";"112,7";"4,14";"526,51";"35,92";"103,89";"4,41";"86,26";"10,55";"2,0";"1,07";"24,17";"8258,19";"137,64";"1338,22";"425,43";"32,33";"97,74";"3,34";"523,18";"35,67";"87,42";"3,34";"67,24";"7,29";"3533,29";"127,37";"465,71";"98,0";"7,57";"24,14";"0,71";"122,14";"8,29";"30,57";"1,0";"27,14";"2,0";"0,43";"0,0";"5,43";"4239,57";"147,55";"793,86";"302,43";"22,86";"67,86";"2,43";"370,29";"25,29";"51,71";"2,14";"36,14";"4,86";"0,86";"0,57";"18,71";"3821,08";"127,37";"503,65";"105,98";"8,19";"26,11";"0,77";"132,09";"8,96";"33,06";"1,08";"29,35";"2,16";"0,46";"0,0";"5,87";"4426,47";"147,55";"828,85";"315,76";"23,86";"70,85";"2,54";"386,61";"26,4";"53,99";"2,24";"37,74";"5,07";"0,89";"0,6";"19,54";"0,61";"1,37";"25,65"
"Georgios Antzoulas";"G. Antzoulas";"29005";"2000-02-04";"HJK Helsinki";"429";"FIN - Veikkausliiga";"323";"2025/2025";"128";"Central Defender";"95,49";"53,59";"30,49";"23,09";"20";"2";"10268,15";"107,54";"1318,8";"435,05";"40,4";"139,9";"7,05";"574,95";"47,45";"28,52";"30,12";"109,65";"4,45";"84,75";"10,05";"2,7";"0,73";"0,8";"0,6";"1,61";"1,69";"22,25";"1,95";"2,75";"9678,23";"107,54";"1243,03";"410,06";"38,08";"131,86";"6,64";"541,92";"44,72";"103,35";"4,19";"79,88";"9,47";"2,54";"0,57";"20,97";"8143,02";"135,72";"1252,94";"428,21";"40,03";"141,64";"6,83";"569,84";"46,86";"86,88";"3,14";"62,92";"6,72";"3889,85";"127,56";"522,45";"139,45";"12,75";"36,95";"1,95";"176,4";"14,7";"36,0";"1,2";"28,9";"2,25";"0,2";"0,0";"5,65";"3383,0";"146,48";"596,6";"243,0";"23,0";"89,55";"4,15";"332,55";"27,15";"41,6";"1,6";"27,3";"3,75";"0,95";"0,3";"14,15";"3826,92";"127,56";"514,0";"137,19";"12,54";"36,35";"1,92";"173,55";"14,46";"35,42";"1,18";"28,43";"2,21";"0,2";"0,0";"5,56";"4394,46";"146,48";"774,97";"315,65";"29,88";"116,32";"5,39";"431,98";"35,27";"54,04";"2,08";"35,46";"4,87";"1,23";"0,39";"18,38";"0,34";"1,29";"22,17"
"Pa Momodou Konaté";"P. Konaté";"31396";"1994-04-25";"Kuopio PS";"538";"FIN - Veikkausliiga";"323";"2025/2025";"128";"Full Back";"65,37";"40,83";"22,82";"18,01";"4";"0";"7850,5";"120,09";"1242,75";"577,25";"56,25";"207,75";"13,25";"785,0";"69,5";"29,95";"29,95";"94,75";"8,5";"80,0";"17,5";"6,5";"0,63";"null";"2,75";"1,48";"null";"32,5";"2,37";"2,89";"10808,26";"120,09";"1710,97";"794,74";"77,44";"286,02";"18,24";"1080,76";"95,68";"130,45";"11,7";"110,14";"24,09";"8,95";"3,79";"44,74";"8538,89";"142,31";"1575,14";"773,42";"76,79";"297,24";"17,27";"1070,67";"94,06";"101,04";"8,82";"67,97";"16,53";"3158,25";"138,42";"536,25";"258,75";"25,75";"93,25";"5,75";"352,0";"31,5";"36,5";"4,25";"25,75";"5,75";"3,25";"1,5";"14,75";"2651,75";"147,25";"535,5";"267,5";"26,5";"109,0";"6,0";"376,5";"32,5";"32,25";"1,75";"20,5";"5,5";"0,75";"0,25";"16,25";"4152,56";"138,42";"705,08";"340,21";"33,86";"122,61";"7,56";"462,82";"41,42";"47,99";"5,59";"33,86";"7,56";"4,27";"1,97";"19,39";"4417,54";"147,25";"892,09";"445,63";"44,15";"181,58";"10,0";"627,21";"54,14";"53,73";"2,92";"34,15";"9,16";"1,25";"0,42";"27,07";"2,57";"5,88";"45,56"
"Paulo Ricardo Ferreira";"Paulo Ricardo";"31834";"1994-07-13";"Kuopio PS";"538";"FIN - Veikkausliiga";"323";"2025/2025";"128";"Central Defender";"78,59";"48,92";"27,91";"21,01";"7";"1";"8932,71";"113,66";"1215,43";"387,29";"35,29";"91,0";"5,71";"478,29";"41,0";"28,03";"28,6";"94,71";"5,0";"82,29";"8,57";"3,86";"0,66";"0,72";"0,71";"1,56";"null";"20,71";"2,12";"2,82";"10229,85";"113,66";"1391,92";"443,52";"40,41";"104,21";"6,54";"547,74";"46,95";"108,47";"5,73";"94,23";"9,82";"4,42";"0,82";"23,72";"8116,51";"135,28";"1287,6";"417,0";"38,02";"103,55";"5,61";"520,54";"43,63";"80,25";"4,03";"66,93";"6,13";"3673,71";"131,63";"513,86";"141,71";"12,57";"27,29";"1,71";"169,0";"14,29";"33,14";"1,43";"30,14";"2,86";"1,0";"0,14";"6,86";"2944,14";"140,12";"536,0";"198,29";"18,43";"57,14";"2,86";"255,43";"21,29";"32,29";"1,86";"24,43";"2,14";"1,14";"0,14";"12,14";"3948,88";"131,63";"552,35";"152,33";"13,51";"29,33";"1,84";"181,66";"15,36";"35,63";"1,54";"32,4";"3,07";"1,07";"0,15";"7,37";"4203,54";"140,12";"765,28";"283,1";"26,31";"81,59";"4,08";"364,69";"30,39";"46,1";"2,65";"34,88";"3,06";"1,63";"0,2";"17,34";"0,35";"2,63";"23,3"
"Leonel Montano Dahl";"L. Montano";"33038";"1999-10-02";"HJK Helsinki";"429";"FIN - Veikkausliiga";"323";"2026/2026";"130";"Full Back";"85,4";"49,11";"24,72";"24,39";"8";"0";"9627,88";"112,74";"1303,12";"572,0";"61,75";"291,5";"16,12";"863,5";"77,88";"31,18";"32,0";"105,25";"8,38";"93,25";"17,88";"5,25";"0,63";"0,7";"1,88";"1,3";"1,41";"30,12";"2,2";"2,82";"10146,72";"112,74";"1373,35";"602,83";"65,08";"307,21";"16,99";"910,03";"82,07";"110,92";"8,83";"98,28";"18,84";"5,53";"1,98";"31,75";"8435,84";"140,6";"1415,59";"657,32";"67,05";"333,09";"17,11";"990,41";"84,15";"95,3";"6,72";"75,29";"13,29";"3442,5";"139,24";"563,12";"291,12";"29,62";"186,5";"8,88";"477,62";"38,5";"36,88";"3,25";"29,25";"6,0";"2,38";"1,12";"11,12";"3462,0";"141,97";"595,5";"246,88";"25,25";"86,12";"5,12";"333,0";"30,38";"41,12";"2,25";"32,38";"4,88";"0,62";"0,0";"16,0";"4177,3";"139,24";"683,32";"353,27";"35,95";"226,31";"10,77";"579,57";"46,72";"44,75";"3,94";"35,49";"7,28";"2,88";"1,37";"13,5";"4259,1";"141,97";"732,61";"303,72";"31,06";"105,95";"6,3";"409,67";"37,37";"50,59";"2,77";"39,83";"6,0";"0,77";"0,0";"19,68";"1,37";"3,67";"33,14"
"Vicente Andrés Felipe Federico Besuijen";"V. Besuijen";"33480";"2001-04-10";"HJK Helsinki";"429";"FIN - Veikkausliiga";"323";"2025/2025";"128";"Wide Attacker";"52,24";"29,16";"19,06";"10,1";"5";"0";"5900,2";"112,94";"891,2";"361,6";"34,4";"122,6";"6,8";"484,2";"41,2";"29,48";"29,48";"64,8";"4,0";"54,0";"6,8";"3,0";"0,56";"0,75";"1,4";"1,37";"null";"25,0";"2,12";"2,95";"10164,97";"112,94";"1535,38";"622,97";"59,26";"211,22";"11,72";"834,19";"70,98";"111,64";"6,89";"93,03";"11,72";"5,17";"2,41";"43,07";"8546,66";"142,44";"1616,23";"684,44";"62,97";"237,06";"11,11";"921,5";"74,08";"98,37";"5,76";"72,85";"8,23";"2620,4";"137,48";"443,6";"193,4";"16,2";"38,4";"2,6";"231,8";"18,8";"31,0";"1,8";"23,8";"2,4";"1,6";"0,4";"14,0";"1532,8";"151,81";"341,8";"139,2";"14,4";"76,8";"2,8";"216,0";"17,2";"16,8";"1,0";"11,6";"1,6";"0,8";"0,4";"9,2";"4124,45";"137,48";"698,22";"304,41";"25,5";"60,44";"4,09";"364,85";"29,59";"48,79";"2,83";"37,46";"3,78";"2,52";"0,63";"22,04";"4554,37";"151,81";"1015,58";"413,6";"42,79";"228,19";"8,32";"641,8";"51,11";"49,92";"2,97";"34,47";"4,75";"2,38";"1,19";"27,34";"1,65";"4,94";"47,74"
"Timo Zaal";"T. Zaal";"33529";"2004-02-09";"Turun Palloseura";"5208";"FIN - Veikkausliiga";"323";"2026/2026";"130";"Midfield";"94,49";"48,03";"21,45";"26,58";"9";"0";"11636,89";"123,16";"2101,22";"626,67";"53,78";"149,78";"7,56";"776,44";"61,33";"28,39";"29,7";"124,11";"4,56";"101,56";"11,33";"3,0";"0,67";"0,69";"0,33";"null";"null";"45,11";"2,08";"2,7";"11084,27";"123,16";"2001,44";"596,91";"51,22";"142,67";"7,2";"739,57";"58,42";"118,22";"4,34";"96,73";"10,8";"2,86";"0,32";"42,97";"10081,64";"168,03";"2372,05";"733,49";"62,33";"169,91";"7,77";"903,4";"70,1";"111,88";"3,33";"81,48";"9,3";"3593,33";"167,52";"853,33";"266,11";"21,44";"62,78";"3,0";"328,89";"24,44";"39,67";"1,56";"26,0";"2,67";"1,0";"0,11";"17,67";"4476,33";"168,44";"1045,33";"321,0";"28,44";"73,22";"3,22";"394,22";"31,67";"49,89";"1,11";"39,22";"4,78";"0,56";"0,11";"25,11";"5025,64";"167,52";"1193,47";"372,18";"29,99";"87,8";"4,2";"459,98";"34,19";"55,48";"2,18";"36,36";"3,73";"1,4";"0,16";"24,71";"5053,07";"168,44";"1180,02";"362,36";"32,11";"82,66";"3,64";"445,01";"35,75";"56,32";"1,25";"44,28";"5,39";"0,63";"0,13";"28,35";"0,28";"1,94";"53,44"
"Nikolaos Dosis";"N. Dosis";"33888";"2001-01-25";"IFK Mariehamn";"5280";"FIN - Veikkausliiga";"323";"2026/2026";"130";"Midfield";"67,81";"39,64";"18,58";"21,06";"8";"0";"8662,5";"127,75";"1547,88";"429,12";"36,0";"74,12";"4,38";"503,25";"40,38";"26,74";"27,26";"89,88";"2,38";"83,25";"10,0";"0,62";"1,02";"1,02";"0,12";"null";"null";"22,88";"1,98";"2,82";"11497,83";"127,75";"2054,51";"569,58";"47,78";"98,39";"5,81";"667,97";"53,59";"119,29";"3,15";"110,5";"13,27";"0,83";"0,17";"30,36";"9851,81";"164,2";"2204,19";"624,31";"50,51";"94,59";"5,11";"718,9";"55,62";"102,16";"2,27";"83,05";"9,27";"2854,88";"153,64";"533,75";"85,12";"7,5";"21,25";"1,0";"106,38";"8,5";"27,62";"0,62";"21,88";"1,75";"0,0";"0,0";"5,38";"3654,5";"173,51";"922,62";"327,38";"25,88";"41,25";"2,38";"368,62";"28,25";"39,88";"0,88";"33,0";"4,38";"0,12";"0,0";"15,88";"4609,28";"153,64";"861,76";"137,44";"12,11";"34,31";"1,61";"171,75";"13,72";"44,6";"1,01";"35,32";"2,83";"0,0";"0,0";"8,68";"5205,22";"173,51";"1314,12";"466,29";"36,85";"58,75";"3,38";"525,04";"40,24";"56,8";"1,25";"47,0";"6,23";"0,18";"0,0";"22,61";"0,0";"0,19";"32,16"
"Justin  Rennicks";"J. Rennicks";"36453";"1999-03-20";"AC Oulu";"5278";"FIN - Veikkausliiga";"323";"2025/2025";"128";"Center Forward";"62,56";"33,97";"16,49";"17,47";"14";"0";"6906,21";"110,4";"763,36";"334,93";"40,43";"172,29";"9,5";"507,21";"49,93";"30,75";"32,52";"63,86";"5,79";"56,43";"9,93";"4,71";"0,58";"0,59";"2,36";"1,08";"1,08";"24,14";"1,93";"2,81";"9935,86";"110,4";"1098,23";"481,86";"58,16";"247,86";"13,67";"729,72";"71,83";"91,87";"8,32";"81,18";"14,28";"6,78";"3,39";"34,73";"8305,58";"138,43";"1182,17";"531,59";"62,08";"271,41";"14,38";"803,0";"76,46";"79,49";"6,44";"62,33";"10,09";"2302,36";"139,61";"364,71";"183,36";"20,36";"99,86";"5,29";"283,21";"25,64";"25,64";"2,07";"17,64";"2,93";"1,5";"0,79";"12,14";"2399,36";"137,31";"304,5";"117,57";"14,79";"53,79";"2,86";"171,36";"17,64";"19,36";"1,57";"17,64";"2,79";"1,0";"0,43";"10,14";"4188,22";"139,61";"663,45";"333,55";"37,03";"181,65";"9,62";"515,2";"46,65";"46,65";"3,77";"32,09";"5,33";"2,73";"1,43";"22,09";"4119,35";"137,31";"522,78";"201,85";"25,38";"92,34";"4,91";"294,2";"30,29";"33,23";"2,7";"30,29";"4,78";"1,72";"0,74";"17,41";"2,15";"4,42";"39,37"
"Justin  Rennicks";"J. Rennicks";"36453";"1999-03-20";"AC Oulu";"5278";"FIN - Veikkausliiga";"323";"2025/2025";"128";"Wide Attacker";"68,67";"35,82";"17,7";"18,12";"4";"0";"7688,0";"111,96";"886,0";"375,0";"43,25";"194,0";"11,5";"569,0";"54,75";"30,3";"30,3";"68,75";"6,25";"57,25";"10,25";"4,75";"0,73";"null";"1,5";"null";"null";"28,0";"2,03";"3,31";"10076,5";"111,96";"1161,26";"491,5";"56,69";"254,27";"15,07";"745,78";"71,76";"90,11";"8,19";"75,04";"13,43";"6,23";"1,97";"36,7";"8581,04";"143,02";"1294,78";"554,43";"60,3";"285,59";"14,24";"840,01";"74,54";"85,84";"7,12";"63,65";"10,89";"2511,25";"141,85";"371,75";"184,5";"19,25";"110,0";"5,25";"294,5";"24,5";"30,0";"2,5";"20,25";"3,5";"1,75";"0,5";"16,25";"2611,75";"144,16";"401,25";"146,5";"16,75";"60,5";"3,25";"207,0";"20,0";"21,25";"1,75";"17,75";"3,0";"1,5";"0,75";"10,5";"4255,35";"141,85";"629,94";"312,64";"32,62";"186,4";"8,9";"499,04";"41,52";"50,84";"4,24";"34,31";"5,93";"2,97";"0,85";"27,54";"4324,89";"144,16";"664,44";"242,59";"27,74";"100,18";"5,38";"342,78";"33,12";"35,19";"2,9";"29,39";"4,97";"2,48";"1,24";"17,39";"2,09";"5,44";"44,81"
"Admiral Muskwe";"A. Muskwe";"37831";"1998-08-21";"IFK Mariehamn";"5280";"FIN - Veikkausliiga";"323";"2025/2025";"128";"Center Forward";"44,13";"24,73";"8,78";"15,96";"3";"0";"4981,67";"112,89";"683,67";"260,33";"24,33";"50,67";"5,0";"311,0";"29,33";"27,47";"27,47";"50,0";"4,0";"45,67";"5,33";"2,0";"null";"null";"0,33";"null";"null";"16,67";"2,58";"null";"10160,27";"112,89";"1394,36";"530,96";"49,63";"103,34";"10,2";"634,29";"59,83";"101,98";"8,16";"93,14";"10,88";"4,08";"0,68";"33,99";"8681,4";"144,69";"1525,07";"600,0";"56,6";"118,87";"10,51";"718,87";"67,12";"90,57";"8,09";"74,39";"9,7";"1345,0";"153,23";"267,67";"125,33";"11,33";"31,67";"2,33";"157,0";"13,67";"16,0";"1,33";"10,67";"1,33";"0,67";"0,0";"6,0";"2233,67";"139,99";"361,0";"122,0";"12,0";"17,33";"2,0";"139,33";"14,0";"21,33";"2,0";"20,0";"2,67";"1,33";"0,33";"9,67";"4596,84";"153,23";"914,81";"428,35";"38,73";"108,23";"7,97";"536,58";"46,71";"54,68";"4,56";"36,46";"4,56";"2,28";"0,0";"20,51";"4199,79";"139,99";"678,76";"229,39";"22,56";"32,59";"3,76";"261,98";"26,32";"40,11";"3,76";"37,6";"5,01";"2,51";"0,63";"18,18";"0,81";"4,85";"38,01"
"Jaime José Moreno Ciorciari";"J. Moreno";"38553";"1995-03-30";"Kuopion Palloseura";"5912";"FIN - Veikkausliiga";"323";"2026/2026";"130";"Center Forward";"96,67";"59,87";"36,24";"23,62";"6";"1";"10718,33";"110,87";"1424,0";"513,67";"47,0";"156,5";"7,17";"670,17";"54,17";"28,97";"29,2";"122,33";"9,0";"100,17";"20,5";"4,0";"0,77";"0,73";"0,0";"null";"null";"41,83";"2,03";"2,94";"9978,28";"110,87";"1325,68";"478,2";"43,75";"145,69";"6,67";"623,89";"50,43";"113,89";"8,38";"93,25";"19,08";"3,72";"0,0";"38,94";"7970,71";"132,85";"1261,64";"461,86";"41,09";"145,99";"5,51";"607,85";"46,6";"91,87";"5,18";"67,65";"13,03";"4596,17";"126,81";"681,0";"239,33";"20,67";"83,67";"2,5";"323,0";"23,17";"56,83";"3,17";"39,17";"7,33";"1,0";"0,0";"21,17";"3356,83";"142,1";"577,83";"221,5";"20,33";"62,0";"3,0";"283,5";"23,33";"34,83";"2,0";"28,33";"5,67";"0,67";"0,0";"17,67";"3804,31";"126,81";"563,67";"198,1";"17,11";"69,25";"2,07";"267,35";"19,18";"47,04";"2,62";"32,42";"6,07";"0,83";"0,0";"17,52";"4263,15";"142,1";"733,84";"281,3";"25,82";"78,74";"3,81";"360,04";"29,63";"44,24";"2,54";"35,98";"7,2";"0,85";"0,0";"22,44";"0,0";"1,67";"38,92"
"Yohan Cassubie";"Y. Cassubie";"42567";"2000-10-18";"FC Lahti";"539";"FIN - Veikkausliiga";"323";"2026/2026";"130";"Midfield";"85,9";"45,39";"23,77";"21,61";"8";"0";"10711,88";"124,7";"2002,0";"662,38";"54,0";"112,38";"6,75";"774,75";"60,75";"26,95";"27,72";"112,88";"4,5";"98,5";"12,88";"2,88";"0,78";"0,83";"0,5";"1,91";"null";"48,12";"2,07";"2,72";"11222,61";"124,7";"2097,45";"693,96";"56,57";"117,73";"7,07";"811,69";"63,65";"118,26";"4,71";"103,2";"13,49";"3,01";"0,52";"50,42";"10070,58";"167,84";"2404,41";"795,69";"63,13";"134,18";"7,44";"929,87";"70,56";"106,09";"3,31";"82,13";"10,25";"3890,75";"163,65";"928,0";"212,62";"18,25";"23,5";"1,62";"236,12";"19,88";"37,88";"0,88";"29,75";"2,75";"0,62";"0,12";"17,5";"3726,88";"172,46";"890,75";"389,25";"29,5";"78,0";"4,0";"467,25";"33,5";"42,38";"1,62";"32,38";"5,0";"1,25";"0,12";"26,12";"4909,46";"163,65";"1170,98";"268,3";"23,03";"29,65";"2,05";"297,95";"25,08";"47,79";"1,1";"37,54";"3,47";"0,79";"0,16";"22,08";"5173,72";"172,46";"1236,56";"540,36";"40,95";"108,28";"5,55";"648,65";"46,51";"58,83";"2,26";"44,94";"6,94";"1,74";"0,17";"36,27";"0,33";"2,48";"57,67"
"Jean Fiacre Botué Kouamé";"J. Botué";"42767";"2002-08-07";"FC Inter Turku";"1769";"FIN - Veikkausliiga";"323";"2025/2025";"128";"Center Forward";"65,14";"36,87";"20,11";"16,76";"20";"0";"7753,9";"119,03";"1090,05";"543,1";"60,4";"257,3";"14,7";"800,4";"75,1";"30,73";"32,96";"88,6";"9,1";"74,0";"16,4";"7,05";"0,6";"0,64";"1,65";"1,22";"1,34";"38,1";"1,74";"2,74";"10712,82";"119,03";"1506,02";"750,35";"83,45";"355,49";"20,31";"1105,84";"103,76";"122,41";"12,57";"102,24";"22,66";"9,74";"2,28";"52,64";"9261,44";"154,36";"1610,73";"810,04";"90,32";"395,71";"21,4";"1205,75";"111,72";"103,02";"8,22";"77,14";"15,7";"3073,9";"152,87";"551,0";"303,75";"32,3";"163,1";"8,3";"466,85";"40,6";"37,9";"2,75";"25,15";"4,45";"2,2";"0,65";"20,0";"2617,0";"156,14";"438,75";"194,0";"23,2";"80,05";"4,85";"274,05";"28,05";"25,4";"2,3";"22,25";"5,2";"1,6";"0,25";"15,25";"4586,2";"152,87";"822,08";"453,19";"48,19";"243,34";"12,38";"696,53";"60,57";"56,55";"4,1";"37,52";"6,64";"3,28";"0,97";"29,84";"4684,13";"156,14";"785,31";"347,24";"41,53";"143,28";"8,68";"490,52";"50,21";"45,46";"4,12";"39,82";"9,31";"2,86";"0,45";"27,3";"1,46";"6,18";"57,37"
"Jean Fiacre Botué Kouamé";"J. Botué";"42767";"2002-08-07";"FC Inter Turku";"1769";"FIN - Veikkausliiga";"323";"2026/2026";"130";"Center Forward";"63,14";"40,53";"25,37";"15,16";"3";"1";"8173,0";"129,43";"1185,33";"629,67";"60,33";"220,33";"12,33";"850,0";"72,67";"30,27";"30,27";"92,33";"8,33";"81,67";"16,0";"5,33";"0,72";"0,84";"2,33";"null";"null";"41,67";"2,15";"null";"11649,01";"129,43";"1689,46";"897,47";"85,99";"314,04";"17,58";"1211,51";"103,57";"131,6";"11,88";"116,4";"22,8";"7,6";"3,33";"59,39";"9335,33";"155,59";"1610,75";"860,64";"82,91";"311,39";"14,8";"1172,04";"97,71";"105,61";"7,9";"84,39";"16,78";"3850,67";"151,77";"653,33";"377,0";"33,67";"133,0";"7,33";"510,0";"41,0";"42,0";"3,33";"33,0";"5,67";"2,33";"1,0";"21,67";"2455,0";"161,99";"434,67";"204,33";"22,33";"77,33";"2,67";"281,67";"25,0";"29,33";"2,0";"24,0";"5,67";"1,33";"0,67";"17,0";"4553,01";"151,77";"772,5";"445,76";"39,81";"157,26";"8,67";"603,02";"48,48";"49,66";"3,94";"39,02";"6,7";"2,76";"1,18";"25,62";"4859,6";"161,99";"860,41";"404,47";"44,21";"153,08";"5,28";"557,55";"49,49";"58,06";"3,96";"47,51";"11,22";"2,64";"1,32";"33,65";"2,47";"5,43";"57,24"
"Momodou Bojang";"M. Bojang";"42990";"2001-06-19";"Seinäjoen Jalkapallokerho";"2507";"FIN - Veikkausliiga";"323";"2025/2025";"128";"Center Forward";"63,96";"37,14";"19,58";"17,57";"6";"0";"7450,0";"116,48";"914,17";"500,0";"61,83";"401,17";"18,17";"901,17";"80,0";"33,22";"33,38";"71,17";"6,83";"58,0";"14,83";"5,17";"0,65";"0,67";"2,5";"1,2";"1,2";"34,0";"1,86";"2,86";"10482,93";"116,48";"1286,33";"703,55";"87,01";"564,48";"25,56";"1268,04";"112,57";"100,14";"9,62";"81,61";"20,87";"7,27";"3,52";"47,84";"8822,05";"147,03";"1333,98";"730,12";"92,61";"625,13";"27,19";"1355,25";"119,8";"86,69";"6,19";"62,19";"13,46";"2752,83";"140,61";"382,5";"220,17";"27,5";"207,83";"8,5";"428,0";"36,0";"30,33";"2,5";"20,0";"3,83";"1,67";"0,83";"15,5";"2708,67";"154,19";"443,33";"231,83";"29,83";"179,17";"8,33";"411,0";"38,17";"23,33";"1,33";"18,5";"4,5";"0,67";"0,33";"15,83";"4218,3";"140,61";"586,12";"337,37";"42,14";"318,47";"13,02";"655,85";"55,16";"46,48";"3,83";"30,65";"5,87";"2,55";"1,28";"23,75";"4625,81";"154,19";"757,12";"395,92";"50,95";"305,98";"14,23";"701,9";"65,18";"39,85";"2,28";"31,59";"7,69";"1,14";"0,57";"27,04";"1,88";"3,77";"50,61"
"Luc Landry Tabi Manga";"T. Manga";"46149";"1994-11-17";"Kotkan Työväen Palloilijat";"5279";"FIN - Veikkausliiga";"323";"2025/2025";"128";"Central Defender";"93,69";"50,29";"22,79";"27,5";"11";"0";"9020,18";"96,28";"1047,0";"351,64";"32,55";"96,55";"5,36";"448,18";"37,91";"29,12";"30,4";"95,45";"4,73";"77,82";"8,64";"2,36";"0,85";"null";"0,09";"null";"null";"13,64";"2,57";"null";"8664,98";"96,28";"1005,77";"337,79";"31,26";"92,74";"5,15";"430,53";"36,42";"91,7";"4,54";"74,75";"8,3";"2,27";"0,09";"13,1";"7372,45";"122,87";"1035,68";"363,99";"33,62";"103,58";"5,1";"467,57";"38,72";"78,74";"3,8";"60,63";"6,07";"2612,64";"114,66";"300,18";"73,27";"6,91";"20,55";"1,0";"93,82";"7,91";"22,73";"1,27";"18,45";"1,91";"0,09";"0,0";"3,27";"3566,82";"129,68";"567,91";"231,82";"21,27";"66,27";"3,27";"298,09";"24,55";"43,27";"1,91";"32,36";"3,18";"1,0";"0,09";"8,82";"3439,74";"114,66";"395,21";"96,47";"9,1";"27,05";"1,32";"123,52";"10,41";"29,92";"1,68";"24,3";"2,51";"0,12";"0,0";"4,31";"3890,43";"129,68";"619,43";"252,85";"23,2";"72,29";"3,57";"325,14";"26,77";"47,2";"2,08";"35,3";"3,47";"1,09";"0,1";"9,62";"0,11";"1,3";"14,43"
"Arttu Heinonen";"A. Heinonen";"46151";"1999-04-22";"Kuopio PS";"538";"FIN - Veikkausliiga";"323";"2025/2025";"128";"Midfield";"48,84";"29,92";"17,86";"12,06";"3";"0";"6297,33";"128,94";"1024,0";"358,0";"29,33";"75,33";"4,33";"433,33";"33,67";"27,23";"27,23";"65,33";"2,33";"55,0";"8,33";"1,67";"null";"null";"0,33";"null";"null";"23,33";"2,2";"3,07";"11604,69";"128,94";"1887,02";"659,72";"54,06";"138,82";"7,99";"798,54";"62,04";"120,4";"4,3";"101,35";"15,36";"3,07";"0,61";"43,0";"9632,97";"160,55";"1896,92";"693,13";"56,15";"143,04";"8,69";"836,17";"64,83";"98,25";"4,01";"72,19";"10,03";"2874,67";"160,95";"516,0";"228,33";"19,33";"59,33";"3,67";"287,67";"23,0";"32,0";"1,0";"22,0";"3,0";"0,67";"0,0";"10,33";"1929,33";"159,96";"430,0";"117,33";"8,67";"12,0";"0,67";"129,33";"9,33";"17,0";"1,0";"14,0";"2,0";"0,67";"0,0";"11,33";"4828,37";"160,95";"866,69";"383,51";"32,47";"99,66";"6,16";"483,17";"38,63";"53,75";"1,68";"36,95";"5,04";"1,12";"0,0";"17,36";"4798,89";"159,96";"1069,55";"291,85";"21,56";"29,85";"1,66";"321,7";"23,22";"42,28";"2,49";"34,82";"4,97";"1,66";"0,0";"28,19";"0,0";"2,67";"43,45"
"Arttu Heinonen";"A. Heinonen";"46151";"1999-04-22";"Kuopio PS";"538";"FIN - Veikkausliiga";"323";"2025/2025";"128";"Wide Attacker";"69,46";"43,56";"24,15";"19,4";"4";"0";"8867,75";"127,67";"1408,5";"452,5";"43,0";"116,5";"5,0";"569,0";"48,0";"27,57";"27,58";"97,25";"3,25";"80,5";"13,5";"0,5";"null";"null";"0,0";"null";"null";"31,0";"2,18";"3,23";"11490,31";"127,67";"1825,05";"586,32";"55,72";"150,95";"6,48";"737,28";"62,2";"126,01";"4,21";"104,31";"17,49";"0,65";"0,0";"40,17";"9139,47";"152,32";"1753,17";"600,23";"53,03";"145,32";"4,82";"745,55";"57,85";"102,28";"2,75";"74,38";"11,71";"3668,25";"151,87";"676,5";"237,25";"21,75";"83,75";"2,5";"321,0";"24,25";"41,25";"1,25";"30,0";"3,75";"0,25";"0,0";"14,75";"2966,75";"152,89";"596,25";"198,5";"16,75";"21,75";"1,0";"220,25";"17,75";"33,0";"0,75";"24,0";"4,75";"0,0";"0,0";"13,5";"4556,05";"151,87";"840,23";"294,67";"27,01";"104,02";"3,11";"398,69";"30,12";"51,23";"1,55";"37,26";"4,66";"0,31";"0,0";"18,32";"4586,77";"152,89";"921,84";"306,89";"25,9";"33,63";"1,55";"340,52";"27,44";"51,02";"1,16";"37,11";"7,34";"0,0";"0,0";"20,87";"0,0";"0,34";"38,91"
"Jerry Voutilainen";"J. Voutilainen";"49618";"1995-03-29";"Kuopio PS";"538";"FIN - Veikkausliiga";"323";"2025/2025";"128";"Midfield";"78,03";"49,89";"30,03";"19,86";"8";"0";"10157,12";"130,18";"1599,88";"486,75";"41,75";"103,88";"5,5";"590,62";"47,25";"27,66";"28,12";"104,38";"4,38";"93,0";"9,25";"2,25";"0,77";"0,87";"0,25";"null";"null";"36,62";"2,16";"2,99";"11716,0";"130,18";"1845,42";"561,45";"48,16";"119,82";"6,34";"681,27";"54,5";"120,39";"5,05";"107,27";"10,67";"2,6";"0,29";"42,25";"9434,89";"157,25";"1769,78";"552,15";"45,55";"114,55";"4,51";"666,69";"50,06";"93,35";"3,61";"75,01";"6,16";"4529,5";"150,85";"705,38";"201,12";"17,0";"31,62";"1,5";"232,75";"18,5";"44,0";"1,88";"36,75";"2,25";"0,75";"0,0";"15,62";"3315,88";"166,92";"766,25";"258,0";"20,88";"63,62";"2,25";"321,62";"23,12";"33,62";"1,12";"25,62";"2,88";"0,5";"0,12";"19,25";"4525,41";"150,85";"704,74";"200,94";"16,98";"31,6";"1,5";"232,54";"18,48";"43,96";"1,87";"36,72";"2,25";"0,75";"0,0";"15,61";"5007,72";"166,92";"1157,21";"389,64";"31,53";"96,09";"3,4";"485,73";"34,92";"50,78";"1,7";"38,7";"4,34";"0,76";"0,19";"29,07";"0,15";"1,5";"41,94"
"Edmund Arko-Mensah";"E. Arko-Mensah";"49624";"2001-09-09";"IF Gnistan";"5281";"FIN - Veikkausliiga";"323";"2025/2025";"128";"Full Back";"88,44";"47,29";"20,81";"26,47";"18";"2";"9722,17";"109,94";"1363,72";"575,33";"58,72";"250,94";"13,06";"826,28";"71,78";"30,93";"32,28";"114,0";"8,11";"96,39";"19,39";"6,0";"0,54";"0,58";"2,11";"1,14";"1,15";"37,67";"1,88";"2,59";"9894,2";"109,94";"1387,85";"585,51";"59,76";"255,38";"13,29";"840,9";"73,05";"116,02";"8,25";"98,09";"19,73";"6,11";"2,15";"38,33";"8415,25";"140,25";"1505,74";"665,0";"64,99";"287,32";"14,31";"952,32";"79,3";"101,65";"6,2";"74,51";"12,83";"2818,44";"135,41";"475,78";"212,17";"21,33";"114,0";"5,22";"326,17";"26,56";"31,5";"2,0";"22,89";"3,67";"1,56";"0,61";"11,72";"3813,89";"144,06";"710,94";"311,94";"29,89";"112,44";"6,06";"424,39";"35,94";"48,61";"2,89";"35,83";"6,44";"2,06";"0,89";"22,0";"4062,35";"135,41";"685,76";"305,81";"30,75";"164,31";"7,53";"470,12";"38,28";"45,4";"2,88";"32,99";"5,28";"2,24";"0,88";"16,9";"4321,84";"144,06";"805,63";"353,49";"33,87";"127,42";"6,86";"480,91";"40,73";"55,09";"3,27";"40,61";"7,3";"2,33";"1,01";"24,93";"1,9";"4,58";"42,79"
"Edmund Arko-Mensah";"E. Arko-Mensah";"49624";"2001-09-09";"IF Gnistan";"5281";"FIN - Veikkausliiga";"323";"2026/2026";"130";"Full Back";"90,24";"47,25";"19,76";"27,49";"8";"0";"10030,62";"111,16";"1418,0";"643,5";"60,75";"272,62";"14,25";"916,12";"75,0";"30,43";"30,92";"118,62";"7,75";"100,38";"19,0";"6,25";"0,64";"0,64";"1,38";"1,2";"null";"37,5";"1,8";"2,77";"10004,46";"111,16";"1414,3";"641,82";"60,59";"271,91";"14,21";"913,73";"74,8";"118,32";"7,73";"100,11";"18,95";"6,23";"1,37";"37,4";"8709,62";"145,16";"1594,85";"762,35";"67,62";"293,32";"15,08";"1055,67";"82,69";"103,17";"6,67";"76,66";"13,17";"2848,62";"144,13";"537,62";"263,88";"21,25";"111,38";"5,25";"375,25";"26,5";"30,62";"2,62";"22,75";"3,75";"1,75";"0,38";"12,5";"4010,5";"145,9";"718,38";"336,5";"32,0";"119,62";"6,62";"456,12";"38,62";"50,62";"2,62";"37,62";"6,62";"1,88";"0,5";"20,88";"4323,83";"144,13";"816,04";"400,53";"32,25";"169,05";"7,97";"569,58";"40,22";"46,48";"3,98";"34,53";"5,69";"2,66";"0,57";"18,97";"4377,08";"145,9";"784,04";"367,26";"34,92";"130,56";"7,23";"497,82";"42,16";"55,25";"2,86";"41,06";"7,23";"2,05";"0,55";"22,78";"1,11";"4,6";"42,38"
"Arlind Sejdiu";"A. Sejdiu";"49628";"2001-08-11";"Valkeakosken Haka";"3099";"FIN - Veikkausliiga";"323";"2025/2025";"128";"Wide Attacker";"67,04";"36,56";"16,55";"20,01";"17";"0";"7597,47";"113,33";"1090,18";"425,59";"40,76";"165,24";"8,65";"590,82";"49,41";"28,96";"30,94";"76,29";"5,24";"61,47";"13,47";"3,29";"0,56";"0,66";"1,12";"1,38";"1,54";"29,12";"1,86";"2,78";"10199,74";"113,33";"1463,58";"571,36";"54,73";"221,83";"11,61";"793,19";"66,34";"102,43";"7,03";"82,53";"18,08";"4,42";"1,5";"39,09";"8819,44";"146,99";"1614,43";"655,62";"61,1";"247,5";"12,16";"903,11";"73,26";"94,31";"6,37";"65,25";"12,74";"2503,41";"151,25";"473,82";"262,35";"23,82";"124,29";"5,82";"386,65";"29,65";"29,94";"2,47";"18,24";"4,35";"1,76";"0,53";"14,88";"2871,12";"143,46";"510,0";"137,18";"13,41";"26,53";"1,59";"163,71";"15,0";"27,53";"1,41";"21,53";"3,41";"0,53";"0,0";"11,82";"4537,64";"151,25";"858,84";"475,54";"43,18";"225,29";"10,56";"700,83";"53,74";"54,27";"4,48";"33,05";"7,89";"3,2";"0,96";"26,98";"4303,93";"143,46";"764,51";"205,63";"20,1";"39,77";"2,38";"245,4";"22,49";"41,27";"2,12";"32,27";"5,11";"0,79";"0,0";"17,72";"0,87";"3,76";"43,82"
"Luke Ivanovic";"L. Ivanovic";"51054";"2000-06-06";"Turun Palloseura";"5208";"FIN - Veikkausliiga";"323";"2026/2026";"130";"Wide Attacker";"71,54";"37,2";"17,65";"19,56";"4";"0";"8566,0";"119,74";"1281,5";"594,0";"59,75";"237,5";"12,75";"831,5";"72,5";"29,9";"29,9";"82,5";"7,0";"73,25";"13,75";"7,0";"0,66";"0,68";"2,25";"1,3";"null";"41,25";"2,13";"2,83";"10776,73";"119,74";"1612,23";"747,3";"75,17";"298,79";"16,04";"1046,09";"91,21";"103,79";"8,81";"92,15";"17,3";"8,81";"2,83";"51,9";"9273,15";"154,55";"1796,57";"870,47";"85,47";"353,59";"19,35";"1224,06";"104,83";"100,39";"8,06";"74,59";"13,3";"2717,5";"154,0";"520,75";"287,75";"29,0";"129,25";"7,5";"417,0";"36,5";"31,75";"3,25";"20,5";"4,25";"3,25";"1,25";"18,0";"3032,5";"155,05";"593,25";"252,0";"24,0";"90,0";"4,5";"342,0";"28,5";"30,5";"1,75";"25,75";"4,0";"1,0";"0,0";"20,25";"4620,07";"154,0";"885,34";"489,21";"49,3";"219,74";"12,75";"708,95";"62,05";"53,98";"5,53";"34,85";"7,23";"5,53";"2,13";"30,6";"4651,47";"155,05";"909,97";"386,54";"36,81";"138,05";"6,9";"524,58";"43,72";"46,78";"2,68";"39,5";"6,14";"1,53";"0,0";"31,06";"2,02";"6,85";"61,69"
"Juuso Hämäläinen";"J. Hämäläinen";"58630";"1993-12-08";"FC Inter Turku";"1769";"FIN - Veikkausliiga";"323";"2025/2025";"128";"Central Defender";"87,3";"50,8";"26,93";"23,87";"14";"0";"9180,0";"105,15";"1086,43";"286,71";"28,07";"55,14";"3,57";"341,86";"31,64";"27,03";"29,16";"95,29";"4,07";"76,71";"7,86";"2,29";"0,81";"0,84";"0,5";"1,62";"null";"18,36";"1,88";"2,93";"9463,79";"105,15";"1120,01";"295,58";"28,94";"56,85";"3,68";"352,43";"32,62";"98,23";"4,2";"79,09";"8,1";"2,36";"0,52";"18,92";"7742,16";"129,04";"1094,37";"295,89";"29,28";"59,99";"2,78";"355,87";"32,06";"80,07";"3,04";"62,6";"5,4";"3370,5";"125,17";"412,93";"78,5";"7,71";"15,0";"0,71";"93,5";"8,43";"27,43";"1,14";"22,86";"1,86";"0,5";"0,21";"5,07";"3184,07";"133,4";"513,57";"172,0";"17,07";"35,79";"1,64";"207,79";"18,71";"40,36";"1,43";"30,14";"2,71";"0,64";"0,0";"11,64";"3755,1";"125,17";"460,05";"87,46";"8,59";"16,71";"0,8";"104,17";"9,39";"30,56";"1,27";"25,47";"2,07";"0,56";"0,24";"5,65";"4001,93";"133,4";"645,49";"216,18";"21,46";"44,98";"2,06";"261,16";"23,52";"50,72";"1,8";"37,89";"3,41";"0,81";"0,0";"14,63";"0,25";"1,35";"19,74"
"Juuso Hämäläinen";"J. Hämäläinen";"58630";"1993-12-08";"FC Inter Turku";"1769";"FIN - Veikkausliiga";"323";"2026/2026";"130";"Central Defender";"88,78";"49,65";"28,83";"20,82";"6";"0";"9535,17";"107,4";"1273,5";"416,33";"34,33";"89,5";"5,0";"505,83";"39,33";"27,3";"27,82";"95,83";"6,0";"73,67";"10,83";"3,67";"0,77";"null";"0,83";"null";"null";"19,83";"2,32";"3,08";"9666,14";"107,4";"1290,99";"422,05";"34,8";"90,73";"5,07";"512,78";"39,87";"97,15";"6,08";"74,68";"10,98";"3,72";"0,84";"20,11";"8118,83";"135,31";"1308,96";"435,85";"36,05";"103,12";"4,23";"538,97";"40,28";"80,56";"3,42";"57,2";"6,85";"3703,67";"128,46";"513,33";"122,33";"9,67";"23,0";"1,0";"145,33";"10,67";"27,17";"1,0";"23,67";"2,17";"0,0";"0,0";"5,17";"3014,67";"144,8";"569,83";"238,33";"20,17";"62,33";"2,5";"300,67";"22,67";"39,5";"1,83";"23,67";"3,5";"1,0";"0,5";"12,83";"3853,9";"128,46";"534,16";"127,3";"10,06";"23,93";"1,04";"151,23";"11,1";"28,27";"1,04";"24,63";"2,25";"0,0";"0,0";"5,38";"4344,02";"144,8";"821,11";"343,43";"29,06";"89,82";"3,6";"433,25";"32,66";"56,92";"2,64";"34,1";"5,04";"1,44";"0,72";"18,49";"0,6";"1,21";"21,75"
"Jesper Engström";"J. Engström";"58636";"1992-04-24";"Vaasan Palloseura";"3603";"FIN - Veikkausliiga";"323";"2025/2025";"128";"Central Defender";"69,11";"39,13";"19,12";"20,02";"3";"0";"8023,0";"116,1";"1097,0";"437,33";"41,67";"178,33";"8,67";"615,67";"50,33";"28,27";"28,27";"90,67";"4,33";"74,0";"9,67";"3,0";"0,9";"null";"2,33";"1,73";"null";"18,33";"null";"null";"10448,8";"116,1";"1428,68";"569,56";"54,26";"232,25";"11,29";"801,82";"65,55";"118,08";"5,64";"96,37";"12,59";"3,91";"3,04";"23,88";"8964,74";"149,41";"1515,84";"601,53";"57,24";"257,07";"12,27";"858,6";"69,51";"103,75";"5,11";"80,75";"8,18";"2667,0";"139,51";"356,33";"124,67";"14,0";"60,33";"3,0";"185,0";"17,0";"27,0";"1,0";"20,0";"1,33";"0,33";"0,33";"3,33";"3180,0";"158,87";"632,33";"267,67";"23,33";"107,33";"5,0";"375,0";"28,33";"40,67";"2,33";"32,67";"4,0";"1,67";"1,33";"14,0";"4185,35";"139,51";"559,2";"195,64";"21,97";"94,68";"4,71";"290,32";"26,68";"42,37";"1,57";"31,39";"2,09";"0,52";"0,52";"5,23";"4766,03";"158,87";"947,71";"401,17";"34,97";"160,87";"7,49";"562,03";"42,46";"60,95";"3,5";"48,96";"6,0";"2,5";"2,0";"20,98";"2,56";"3,07";"26,58"
"Jesper Engström";"J. Engström";"58636";"1992-04-24";"Vaasan Palloseura";"3603";"FIN - Veikkausliiga";"323";"2025/2025";"128";"Full Back";"62,88";"33,48";"15,85";"17,63";"3";"0";"7536,33";"119,85";"1160,67";"542,0";"43,67";"135,33";"5,67";"677,33";"49,33";"28,27";"28,27";"77,33";"5,0";"65,33";"15,33";"4,0";"0,94";"null";"1,33";"null";"null";"23,33";"2,23";"null";"10786,16";"119,85";"1661,17";"775,72";"62,5";"193,69";"8,11";"969,41";"70,61";"110,68";"7,16";"93,51";"21,95";"5,72";"1,91";"33,4";"9286,41";"154,77";"1816,43";"884,62";"71,68";"235,94";"8,96";"1120,56";"80,64";"102,74";"5,97";"74,07";"16,72";"2426,33";"153,08";"460,33";"206,33";"17,33";"63,33";"2,67";"269,67";"20,0";"25,0";"1,67";"18,33";"3,67";"0,67";"0,0";"5,0";"2756,0";"156,29";"553,33";"287,33";"22,67";"68,33";"2,33";"355,67";"25,0";"32,33";"1,67";"23,0";"5,67";"1,0";"0,33";"17,67";"4592,43";"153,08";"871,29";"390,54";"32,81";"119,87";"5,05";"510,41";"37,85";"47,32";"3,15";"34,7";"6,94";"1,26";"0,0";"9,46";"4688,85";"156,29";"941,4";"488,85";"38,56";"116,26";"3,97";"605,1";"42,53";"55,01";"2,84";"39,13";"9,64";"1,7";"0,57";"30,06";"0,6";"2,99";"40,62"
"Joona Veteli";"J. Veteli";"58640";"1995-04-21";"Tampereen Ilves";"591";"FIN - Veikkausliiga";"323";"2025/2025";"128";"Midfield";"88,29";"51,29";"27,74";"23,56";"26";"0";"11003,5";"124,62";"2026,46";"575,77";"45,96";"84,69";"5,08";"660,46";"51,04";"26,17";"27,56";"111,42";"3,5";"98,12";"10,73";"2,04";"0,7";"0,78";"0,19";"1,42";"null";"40,96";"1,9";"2,71";"11216,16";"124,62";"2065,63";"586,9";"46,85";"86,33";"5,18";"673,23";"52,02";"113,58";"3,57";"100,01";"10,94";"2,08";"0,2";"41,75";"9626,9";"160,45";"2175,4";"631,58";"49,94";"91,6";"4,72";"723,19";"54,66";"98,35";"3,01";"79,72";"7,96";"4329,65";"156,11";"933,77";"248,19";"20,15";"32,42";"1,81";"280,62";"21,96";"43,69";"1,38";"36,23";"3,35";"0,69";"0,12";"17,23";"3900,12";"165,56";"925,92";"291,73";"22,54";"45,88";"2,23";"337,62";"24,77";"40,38";"1,19";"31,92";"3,46";"0,46";"0,08";"21,35";"4683,2";"156,11";"1010,02";"268,46";"21,8";"35,07";"1,96";"303,53";"23,75";"47,26";"1,5";"39,19";"3,62";"0,75";"0,12";"18,64";"4966,81";"165,56";"1179,17";"371,52";"28,7";"58,43";"2,84";"429,95";"31,54";"51,43";"1,52";"40,65";"4,41";"0,59";"0,1";"27,18";"0,22";"1,35";"45,13"
"Eetu Mömmö";"E. Mömmö";"58645";"2002-05-04";"Valkeakosken Haka";"3099";"FIN - Veikkausliiga";"323";"2025/2025";"128";"Full Back";"97,15";"51,22";"24,17";"27,05";"17";"0";"11099,71";"114,25";"1607,76";"737,35";"73,06";"329,18";"17,29";"1066,53";"90,35";"30,22";"31,46";"117,65";"8,24";"96,35";"21,18";"7,18";"0,62";"0,65";"2,59";"1,19";"1,38";"40,59";"2,03";"2,7";"10282,38";"114,25";"1489,38";"683,06";"67,68";"304,94";"16,02";"988,0";"83,7";"108,98";"7,63";"89,26";"19,62";"6,65";"2,4";"37,6";"8867,6";"147,79";"1595,66";"788,91";"74,97";"354,66";"17,92";"1143,57";"92,89";"98,26";"6,41";"69,04";"13,57";"3598,24";"148,87";"640,35";"315,65";"29,88";"155,35";"7,94";"471,0";"37,82";"35,88";"2,76";"24,82";"4,65";"2,29";"1,0";"13,47";"3971,82";"146,83";"721,82";"357,82";"34,12";"147,41";"7,35";"505,24";"41,47";"48,0";"2,71";"34,12";"6,94";"2,41";"0,76";"23,41";"4466,05";"148,87";"794,79";"391,77";"37,09";"192,82";"9,86";"584,59";"46,95";"44,54";"3,43";"30,81";"5,77";"2,85";"1,24";"16,72";"4404,98";"146,83";"800,54";"396,85";"37,84";"163,49";"8,15";"560,33";"45,99";"53,23";"3,0";"37,84";"7,7";"2,67";"0,85";"25,96";"2,07";"5,51";"43,2"
"Eetu Mömmö";"E. Mömmö";"58645";"2002-05-04";"Valkeakosken Haka";"3099";"FIN - Veikkausliiga";"323";"2025/2025";"128";"Wide Attacker";"79,63";"45,77";"20,95";"24,82";"4";"0";"9490,75";"119,19";"1342,5";"641,0";"68,25";"305,5";"16,25";"946,5";"84,5";"30,75";"30,75";"99,5";"5,75";"77,5";"21,25";"4,25";"0,78";"0,85";"1,25";"1,35";"null";"38,75";"2,13";"2,93";"10726,82";"119,19";"1517,35";"724,48";"77,14";"345,29";"18,37";"1069,77";"95,51";"112,46";"6,5";"87,59";"24,02";"4,8";"1,41";"43,8";"8873,34";"147,89";"1548,48";"778,66";"77,67";"363,77";"18,35";"1142,43";"96,02";"94,06";"5,24";"61,28";"15,4";"3183,25";"151,95";"562,25";"294,5";"30,75";"160,0";"8,25";"454,5";"39,0";"32,0";"2,0";"17,75";"3,5";"1,0";"0,5";"15,5";"3585,75";"144,47";"619,0";"299,5";"28,5";"117,5";"5,75";"417,0";"34,25";"39,75";"2,0";"29,0";"8,25";"1,25";"0,25";"20,25";"4558,35";"151,95";"805,13";"421,72";"44,03";"229,12";"11,81";"650,84";"55,85";"45,82";"2,86";"25,42";"5,01";"1,43";"0,72";"22,2";"4333,96";"144,47";"748,16";"361,99";"34,45";"142,02";"6,95";"504,01";"41,4";"48,04";"2,42";"35,05";"9,97";"1,51";"0,3";"24,48";"0,98";"2,95";"46,86"
"Doni Arifi";"D. Arifi";"58646";"2002-04-11";"Kuopio PS";"538";"FIN - Veikkausliiga";"323";"2025/2025";"128";"Midfield";"87,05";"53,95";"29,42";"24,53";"25";"0";"10419,08";"119,69";"1578,24";"437,6";"36,0";"64,0";"3,48";"501,6";"39,48";"26,08";"27,78";"104,0";"3,72";"94,56";"8,44";"1,28";"0,72";"0,73";"0,24";"1,43";"null";"26,92";"1,96";"2,89";"10772,17";"119,69";"1631,72";"452,43";"37,22";"66,17";"3,6";"518,6";"40,82";"107,52";"3,85";"97,76";"8,73";"1,32";"0,25";"27,83";"8915,9";"148,6";"1644,55";"465,8";"37,46";"66,28";"2,62";"532,08";"40,08";"89,15";"2,8";"74,07";"6,18";"4145,92";"140,91";"642,24";"131,0";"11,4";"14,72";"0,28";"145,72";"11,68";"41,24";"1,2";"34,8";"2,6";"0,32";"0,0";"9,4";"3871,16";"157,83";"836,52";"287,84";"22,28";"44,88";"2,08";"332,72";"24,36";"38,92";"1,32";"31,8";"2,96";"0,4";"0,04";"16,24";"4227,18";"140,91";"654,83";"133,57";"11,62";"15,01";"0,29";"148,58";"11,91";"42,05";"1,22";"35,48";"2,65";"0,33";"0,0";"9,58";"4734,78";"157,83";"1023,14";"352,05";"27,25";"54,89";"2,54";"406,95";"29,79";"47,6";"1,61";"38,89";"3,62";"0,49";"0,05";"19,86";"0,04";"0,8";"28,51"
"Samuel Johansen Chukwudi";"S. Chukwudi";"58817";"2003-06-25";"Seinäjoen Jalkapallokerho";"2507";"FIN - Veikkausliiga";"323";"2025/2025";"128";"Central Defender";"90,2";"49,97";"25,21";"24,76";"20";"1";"9497,8";"105,29";"1158,15";"359,75";"34,7";"124,65";"6,4";"484,4";"41,1";"29,59";"31,94";"97,0";"4,7";"80,7";"8,0";"2,25";"0,61";"0,85";"0,4";"1,41";"null";"18,95";"1,91";"2,81";"9476,39";"105,29";"1155,54";"358,94";"34,62";"124,37";"6,39";"483,31";"41,01";"96,78";"4,69";"80,52";"7,98";"2,24";"0,4";"18,91";"7983,56";"133,06";"1164,26";"379,32";"35,72";"139,47";"6,0";"518,79";"41,73";"83,09";"4,14";"64,24";"6,12";"3200,75";"126,96";"402,5";"81,95";"7,3";"20,3";"0,85";"102,25";"8,15";"27,35";"1,55";"24,0";"2,15";"0,4";"0,1";"5,0";"3448,0";"139,27";"567,1";"233,95";"22,45";"95,85";"4,15";"329,8";"26,6";"41,85";"1,9";"29,5";"2,95";"1,05";"0,15";"11,95";"3808,91";"126,96";"478,98";"97,52";"8,69";"24,16";"1,01";"121,68";"9,7";"32,55";"1,84";"28,56";"2,56";"0,48";"0,12";"5,95";"4177,99";"139,27";"687,16";"283,48";"27,2";"116,14";"5,03";"399,62";"32,23";"50,71";"2,3";"35,75";"3,57";"1,27";"0,18";"14,48";"0,3";"1,74";"20,35"
"Samuel Johansen Chukwudi";"S. Chukwudi";"58817";"2003-06-25";"Seinäjoen Jalkapallokerho";"2507";"FIN - Veikkausliiga";"323";"2026/2026";"130";"Central Defender";"95,52";"53,74";"29,48";"24,26";"9";"0";"10206,56";"106,85";"1207,33";"386,22";"35,67";"133,11";"6,89";"519,33";"42,56";"29,21";"30,36";"105,67";"6,11";"87,89";"10,44";"3,89";"0,68";"0,74";"1,33";"1,32";"null";"22,0";"2,21";"2,88";"9616,88";"106,85";"1137,58";"363,91";"33,61";"125,42";"6,49";"489,33";"40,1";"99,56";"5,76";"82,81";"9,84";"3,66";"1,26";"20,73";"8004,38";"133,41";"1137,35";"386,56";"34,61";"130,88";"6,2";"517,44";"40,81";"82,0";"4,84";"63,64";"7,57";"3733,67";"126,67";"444,33";"93,44";"7,33";"21,44";"1,11";"114,89";"8,44";"31,33";"2,0";"28,0";"2,89";"0,89";"0,11";"6,78";"3435,44";"141,59";"574,33";"252,78";"23,67";"95,78";"4,44";"348,56";"28,11";"42,11";"2,33";"29,0";"3,89";"1,67";"0,78";"13,22";"3800,05";"126,67";"452,23";"95,11";"7,46";"21,83";"1,13";"116,93";"8,59";"31,89";"2,04";"28,5";"2,94";"0,9";"0,11";"6,9";"4247,76";"141,59";"710,14";"312,55";"29,26";"118,42";"5,5";"430,97";"34,76";"52,07";"2,89";"35,86";"4,81";"2,06";"0,96";"16,35";"0,99";"2,85";"22,33"
" Bradley Lucas Falcão Cini";"Lucas Falcao";"60213";"1999-10-21";"Valkeakosken Haka";"3099";"FIN - Veikkausliiga";"323";"2025/2025";"128";"Midfield";"64,08";"35,28";"17,68";"17,59";"13";"0";"8027,62";"125,27";"1433,62";"473,46";"40,77";"107,92";"6,31";"581,38";"47,08";"27,51";"28,56";"80,08";"3,92";"70,31";"10,31";"2,15";"0,71";"0,71";"0,54";"1,55";"1,74";"30,92";"2,01";"2,8";"11274,15";"125,27";"2013,4";"664,94";"57,26";"151,57";"8,86";"816,51";"66,12";"112,46";"5,51";"98,74";"14,48";"3,02";"0,76";"43,43";"9874,06";"164,57";"2222,28";"763,7";"64,9";"164,99";"8,24";"928,69";"73,14";"94,99";"4,32";"75,76";"9,81";"2880,62";"162,9";"623,69";"243,0";"20,46";"64,23";"3,15";"307,23";"23,62";"26,46";"1,23";"20,85";"2,31";"0,54";"0,15";"11,31";"2924,62";"166,24";"682,85";"206,0";"17,69";"32,77";"1,69";"238,77";"19,38";"29,38";"1,31";"23,69";"3,46";"0,69";"0,08";"17,54";"4887,0";"162,9";"1058,1";"412,25";"34,71";"108,97";"5,35";"521,22";"40,06";"44,89";"2,09";"35,37";"3,92";"0,91";"0,26";"19,18";"4987,32";"166,24";"1164,45";"351,29";"30,17";"55,88";"2,89";"407,17";"33,06";"50,11";"2,23";"40,4";"5,9";"1,18";"0,13";"29,91";"0,39";"2,09";"49,06"
"Abraham Okyere";"A. Okyere";"60567";"2002-07-06";"Valkeakosken Haka";"3099";"FIN - Veikkausliiga";"323";"2025/2025";"128";"Midfield";"87,39";"48,22";"21,65";"26,57";"20";"0";"10525,3";"120,44";"1812,25";"582,55";"49,55";"104,8";"6,45";"687,35";"56,0";"27,35";"29,18";"113,8";"5,65";"96,3";"17,9";"3,4";"0,6";"0,6";"0,65";"1,17";"1,53";"37,4";"2,01";"2,73";"10839,34";"120,44";"1866,32";"599,93";"51,03";"107,93";"6,64";"707,86";"57,67";"117,2";"5,82";"99,17";"18,43";"3,5";"0,67";"38,52";"9548,55";"159,14";"2087,49";"680,75";"56,24";"125,86";"6,59";"806,62";"62,84";"105,33";"4,91";"77,77";"13,44";"3305,85";"152,67";"672,45";"143,7";"12,1";"18,45";"1,0";"162,15";"13,1";"31,1";"1,55";"22,85";"3,1";"0,95";"0,0";"11,55";"4368,0";"164,42";"1005,2";"403,4";"33,1";"82,7";"4,3";"486,1";"37,4";"53,55";"2,4";"39,65";"7,7";"1,25";"0,3";"23,8";"4580,15";"152,67";"931,66";"199,09";"16,76";"25,56";"1,39";"224,65";"18,15";"43,09";"2,15";"31,66";"4,29";"1,32";"0,0";"16,0";"4932,5";"164,42";"1135,11";"455,53";"37,38";"93,39";"4,86";"548,92";"42,23";"60,47";"2,71";"44,77";"8,7";"1,41";"0,34";"26,88";"0,37";"2,74";"43,99"
"Atomu Tanaka";"A. Tanaka";"60664";"1987-10-04";"Kotkan Työväen Palloilijat";"5279";"FIN - Veikkausliiga";"323";"2025/2025";"128";"Center Forward";"97,1";"48,98";"23,84";"25,14";"4";"0";"11125,0";"114,57";"1961,0";"728,5";"66,25";"127,5";"8,75";"856,0";"75,0";"26,73";"26,73";"130,75";"11,0";"106,0";"24,0";"5,5";"0,74";"0,76";"0,5";"null";"null";"54,75";"1,93";"2,89";"10311,53";"114,57";"1817,61";"675,23";"61,41";"118,18";"8,11";"793,41";"69,52";"121,19";"10,2";"98,25";"22,25";"5,1";"0,46";"50,75";"9063,85";"151,06";"2090,79";"789,83";"71,36";"145,78";"9,8";"935,6";"81,16";"111,78";"7,96";"81,16";"18,07";"3453,75";"144,86";"722,0";"312,0";"31,0";"82,75";"4,25";"394,75";"35,25";"46,5";"3,0";"30,0";"7,5";"1,25";"0,0";"19,25";"3945,25";"156,95";"984,75";"332,75";"27,25";"36,25";"3,75";"369,0";"31,0";"44,75";"3,5";"36,25";"7,25";"2,5";"0,25";"31,0";"4345,86";"144,86";"908,49";"392,59";"39,01";"104,12";"5,35";"496,71";"44,36";"58,51";"3,77";"37,75";"9,44";"1,57";"0,0";"24,22";"4708,4";"156,95";"1175,24";"397,12";"32,52";"43,26";"4,48";"440,38";"37,0";"53,41";"4,18";"43,26";"8,65";"2,98";"0,3";"37,0";"0,31";"4,59";"61,56"
"Atomu Tanaka";"A. Tanaka";"60664";"1987-10-04";"Kotkan Työväen Palloilijat";"5279";"FIN - Veikkausliiga";"323";"2025/2025";"128";"Midfield";"84,7";"46,7";"21,13";"25,57";"15";"0";"10018,93";"118,29";"1804,2";"727,33";"59,33";"137,67";"8,0";"865,0";"67,33";"26,7";"27,9";"119,2";"6,27";"99,87";"20,33";"4,13";"0,64";"0,7";"0,73";"1,36";"null";"41,0";"1,85";"2,66";"10645,72";"118,29";"1917,07";"772,84";"63,05";"146,28";"8,5";"919,11";"71,55";"126,66";"6,66";"106,11";"21,61";"4,39";"0,78";"43,56";"9253,56";"154,23";"2090,64";"878,14";"70,23";"162,64";"8,65";"1040,78";"78,88";"113,14";"5,14";"83,42";"15,25";"3134,27";"148,31";"680,0";"267,73";"22,0";"55,0";"3,07";"322,73";"25,07";"37,53";"2,07";"27,4";"4,2";"1,2";"0,33";"13,87";"4068,6";"159,12";"947,33";"415,8";"32,67";"71,6";"3,67";"487,4";"36,33";"50,53";"1,93";"37,53";"7,67";"1,27";"0,07";"24,33";"4449,27";"148,31";"965,3";"380,06";"31,23";"78,08";"4,35";"458,14";"35,58";"53,28";"2,93";"38,9";"5,96";"1,7";"0,47";"19,68";"4773,48";"159,12";"1111,46";"487,84";"38,33";"84,0";"4,3";"571,84";"42,63";"59,29";"2,27";"44,04";"8,99";"1,49";"0,08";"28,55";"0,51";"3,17";"49,08"
"Atomu Tanaka";"A. Tanaka";"60664";"1987-10-04";"Kotkan Työväen Palloilijat";"5279";"FIN - Veikkausliiga";"323";"2025/2025";"128";"Wide Attacker";"79,63";"40,97";"21,15";"19,82";"3";"0";"9320,33";"117,04";"1705,33";"706,33";"64,67";"164,67";"12,67";"871,0";"77,33";"27,73";"27,73";"104,33";"8,33";"85,67";"23,0";"5,67";"0,75";"0,84";"1,67";"null";"null";"50,0";"1,99";"2,88";"10533,65";"117,04";"1927,33";"798,28";"73,08";"186,1";"14,32";"984,39";"87,4";"117,92";"9,42";"96,82";"25,99";"6,4";"1,88";"56,51";"9295,85";"154,93";"2181,29";"923,68";"82,99";"220,18";"14,16";"1143,86";"97,15";"106,43";"8,3";"78,11";"18,55";"3135,33";"148,24";"681,0";"301,67";"26,0";"57,67";"4,33";"359,33";"30,33";"38,0";"3,33";"27,0";"4,67";"2,0";"1,0";"25,67";"3211,67";"162,07";"808,33";"329,0";"30,67";"92,67";"5,33";"421,67";"36,0";"34,67";"2,33";"26,33";"8,0";"2,0";"0,33";"20,0";"4447,28";"148,24";"965,96";"427,9";"36,88";"81,8";"6,15";"509,69";"43,03";"53,9";"4,73";"38,3";"6,62";"2,84";"1,42";"36,41";"4862,07";"162,07";"1223,72";"498,07";"46,43";"140,29";"8,07";"638,35";"54,5";"52,48";"3,53";"39,87";"12,11";"3,03";"0,5";"30,28";"1,95";"5,86";"66,88"
"Filip Valenčič";"F. Valenčič";"60667";"1992-01-07";"FF Jaro";"5282";"FIN - Veikkausliiga";"323";"2025/2025";"128";"Midfield";"75,91";"43,97";"19,64";"24,34";"9";"1";"8018,44";"105,64";"948,22";"310,78";"28,33";"77,56";"3,56";"388,33";"31,89";"28,17";"29,88";"76,78";"3,0";"71,11";"6,11";"2,11";"0,71";"0,82";"0,56";"1,38";"null";"18,78";"2,32";"2,97";"9507,34";"105,64";"1124,29";"368,48";"33,59";"91,96";"4,22";"460,44";"37,81";"91,03";"3,56";"84,32";"7,25";"2,5";"0,66";"22,26";"7945,93";"132,43";"1206,97";"408,14";"34,42";"98,09";"3,18";"506,23";"37,6";"77,32";"2,12";"66,25";"5,76";"2594,33";"132,11";"417,67";"144,78";"12,33";"43,78";"1,22";"188,56";"13,56";"24,67";"1,0";"20,0";"1,89";"0,56";"0,11";"7,89";"3229,0";"132,69";"466,89";"154,33";"12,89";"28,11";"1,11";"182,44";"14,0";"32,0";"0,56";"28,56";"2,33";"0,56";"0,0";"9,44";"3963,43";"132,11";"638,08";"221,18";"18,84";"66,88";"1,87";"288,06";"20,71";"37,68";"1,53";"30,55";"2,89";"0,85";"0,17";"12,05";"3980,66";"132,69";"575,57";"190,26";"15,89";"34,65";"1,37";"224,91";"17,26";"39,45";"0,68";"35,2";"2,88";"0,68";"0,0";"11,64";"0,15";"1,52";"23,65"
"Filip Valenčič";"F. Valenčič";"60667";"1992-01-07";"FF Jaro";"5282";"FIN - Veikkausliiga";"323";"2025/2025";"128";"Wide Attacker";"64,24";"33,24";"15,79";"17,44";"6";"0";"6913,67";"107,63";"897,0";"300,5";"32,0";"102,5";"5,67";"403,0";"37,67";"28,78";"29,18";"72,17";"4,67";"57,5";"10,0";"3,17";"0,73";"0,8";"1,0";"1,5";"null";"19,17";"2,44";"3,11";"9686,61";"107,63";"1256,77";"421,02";"44,83";"143,61";"7,94";"564,64";"52,77";"101,11";"6,54";"80,56";"14,01";"4,44";"1,4";"26,85";"8259,39";"137,66";"1416,53";"502,16";"51,45";"155,55";"8,12";"657,72";"59,57";"89,36";"6,02";"64,99";"9,63";"2212,83";"140,13";"374,83";"164,33";"17,17";"60,33";"3,17";"224,67";"20,33";"26,5";"1,83";"18,33";"2,33";"1,17";"0,67";"9,0";"2362,33";"135,42";"409,83";"113,83";"11,33";"25,83";"1,33";"139,67";"12,67";"23,0";"1,5";"17,67";"3,0";"0,67";"0,0";"7,67";"4203,8";"140,13";"712,08";"312,19";"32,61";"114,62";"6,02";"426,81";"38,63";"50,34";"3,48";"34,83";"4,43";"2,22";"1,27";"17,1";"4062,61";"135,42";"704,81";"195,76";"19,49";"44,43";"2,29";"240,19";"21,78";"39,55";"2,58";"30,38";"5,16";"1,15";"0,0";"13,18";"1,2";"3,31";"30,09"
"Lucas Lingman";"L. Lingman";"60669";"1998-01-25";"HJK Helsinki";"429";"FIN - Veikkausliiga";"323";"2025/2025";"128";"Midfield";"76,54";"45,22";"26,32";"18,91";"13";"1";"9438,62";"123,31";"1526,92";"353,92";"28,46";"55,46";"2,85";"409,38";"31,31";"25,87";"27,34";"88,31";"3,08";"76,38";"6,15";"1,46";"0,7";"0,94";"0,38";"2,0";"null";"22,69";"2,14";"3,01";"11097,74";"123,31";"1795,33";"416,14";"33,46";"65,21";"3,35";"481,35";"36,81";"103,83";"3,62";"89,81";"7,24";"1,72";"0,45";"26,68";"9376,59";"156,28";"1876,24";"444,16";"35,01";"68,38";"2,65";"512,54";"37,66";"89,2";"2,55";"69,5";"5,1";"3849,08";"146,25";"652,85";"106,54";"8,38";"7,92";"0,46";"114,46";"8,85";"37,77";"0,92";"28,0";"1,38";"0,31";"0,0";"8,62";"3218,23";"170,23";"761,31";"228,23";"18,0";"43,62";"1,54";"271,85";"19,54";"29,46";"1,0";"24,38";"2,46";"0,46";"0,15";"12,62";"4387,59";"146,25";"744,18";"121,44";"9,56";"9,03";"0,53";"130,48";"10,08";"43,05";"1,05";"31,92";"1,58";"0,35";"0,0";"9,82";"5106,92";"170,23";"1208,1";"362,17";"28,56";"69,21";"2,44";"431,38";"31,01";"46,75";"1,59";"38,7";"3,91";"0,73";"0,24";"20,02";"0,2";"1,02";"28,17"
"Lucas Lingman";"L. Lingman";"60669";"1998-01-25";"HJK Helsinki";"429";"FIN - Veikkausliiga";"323";"2026/2026";"130";"Midfield";"96,15";"54,65";"29,24";"25,41";"10";"0";"12108,2";"125,93";"2130,9";"576,3";"48,8";"113,3";"6,9";"689,6";"55,7";"27,49";"28,36";"115,8";"3,9";"104,3";"10,7";"1,8";"0,68";"0,81";"0,4";"1,52";"null";"35,0";"2,02";"2,91";"11333,93";"125,93";"1994,64";"539,45";"45,68";"106,05";"6,46";"645,5";"52,14";"108,4";"3,65";"97,63";"10,02";"1,68";"0,37";"32,76";"9845,32";"164,09";"2175,94";"601,46";"49,96";"92,12";"6,37";"693,58";"56,33";"94,86";"2,85";"76,86";"7,8";"4638,5";"158,65";"982,0";"166,4";"14,1";"13,8";"1,1";"180,2";"15,2";"43,3";"1,2";"35,7";"2,5";"0,3";"0,2";"11,3";"4328,4";"170,34";"999,8";"381,4";"31,4";"70,1";"4,7";"451,5";"36,1";"43,1";"1,4";"34,3";"4,6";"0,9";"0,2";"21,3";"4759,61";"158,65";"1007,64";"170,74";"14,47";"14,16";"1,13";"184,9";"15,6";"44,43";"1,23";"36,63";"2,57";"0,31";"0,21";"11,6";"5110,27";"170,34";"1180,4";"450,3";"37,07";"82,76";"5,55";"533,06";"42,62";"50,89";"1,65";"40,5";"5,43";"1,06";"0,24";"25,15";"0,44";"1,32";"35,79"
"Ayo Obileye";"A. Obileye";"60852";"1994-09-02";"Seinäjoen Jalkapallokerho";"2507";"FIN - Veikkausliiga";"323";"2025/2025";"128";"Central Defender";"72,93";"39,33";"18,02";"21,31";"16";"0";"7419,81";"101,74";"838,94";"293,88";"27,5";"108,56";"4,88";"402,44";"32,38";"28,95";"30,76";"80,25";"4,44";"64,38";"8,38";"2,25";"0,66";"0,73";"1,06";"1,43";"null";"14,81";"2,3";"2,92";"9156,86";"101,74";"1035,34";"362,67";"33,94";"133,98";"6,02";"496,65";"39,95";"99,04";"5,48";"79,45";"10,34";"2,78";"1,31";"18,28";"7804,91";"130,08";"1070,72";"394,41";"35,85";"150,82";"6,2";"545,23";"42,04";"85,33";"4,29";"63,97";"7,72";"2217,19";"123,01";"269,88";"55,75";"5,69";"17,81";"0,69";"73,56";"6,38";"20,19";"1,12";"16,0";"1,62";"0,38";"0,12";"3,12";"2899,5";"136,06";"432,06";"202,81";"17,81";"81,06";"3,38";"283,88";"21,19";"35,75";"1,69";"25,94";"3,44";"0,81";"0,38";"10,19";"3690,4";"123,01";"449,19";"92,79";"9,47";"29,65";"1,14";"122,44";"10,61";"33,6";"1,87";"26,63";"2,7";"0,62";"0,21";"5,2";"4081,81";"136,06";"608,24";"285,51";"25,08";"114,12";"4,75";"399,63";"29,83";"50,33";"2,38";"36,51";"4,84";"1,14";"0,53";"14,34";"0,76";"1,81";"20,31"
"Ayo Obileye";"A. Obileye";"60852";"1994-09-02";"IF Gnistan";"5281";"FIN - Veikkausliiga";"323";"2026/2026";"130";"Central Defender";"94,39";"50,35";"21,7";"28,66";"7";"0";"9636,43";"102,1";"1165,0";"368,0";"31,29";"104,14";"5,57";"472,14";"36,86";"28,73";"29,16";"100,29";"3,57";"77,86";"7,0";"1,29";"0,87";"null";"0,71";"1,56";"null";"18,71";"2,09";"null";"9188,66";"102,1";"1110,87";"350,9";"29,83";"99,3";"5,31";"450,2";"35,14";"95,63";"3,41";"74,24";"6,67";"1,23";"0,68";"17,84";"7901,48";"131,69";"1167,54";"391,85";"32,0";"109,45";"4,43";"501,3";"36,43";"83,07";"2,72";"61,28";"5,79";"2727,43";"125,7";"363,29";"59,14";"6,43";"21,29";"0,57";"80,43";"7,0";"24,14";"1,14";"18,71";"1,86";"0,14";"0,0";"4,14";"3903,86";"136,23";"616,57";"269,71";"20,43";"70,57";"3,14";"340,29";"23,57";"45,57";"1,14";"32,71";"3,0";"0,29";"0,14";"12,14";"3771,05";"125,7";"502,29";"81,77";"8,89";"29,43";"0,79";"111,2";"9,68";"33,38";"1,58";"25,88";"2,57";"0,2";"0,0";"5,73";"4086,79";"136,23";"645,46";"282,35";"21,39";"73,88";"3,29";"356,23";"24,68";"47,71";"1,2";"34,25";"3,14";"0,3";"0,15";"12,71";"0,17";"0,51";"19,41"
"Herman Sjögrell";"H. Sjögrell";"61108";"2001-05-08";"FF Jaro";"5282";"FIN - Veikkausliiga";"323";"2026/2026";"130";"Wide Attacker";"86,88";"50,68";"23,53";"27,15";"9";"0";"10779,33";"124,08";"1770,22";"586,56";"54,78";"188,67";"9,89";"775,22";"64,67";"28,97";"29,42";"105,11";"5,56";"86,33";"12,44";"3,44";"0,68";"0,77";"1,44";"1,37";"1,44";"39,78";"2,0";"2,62";"11166,96";"124,08";"1833,88";"607,65";"56,75";"195,45";"10,24";"803,1";"66,99";"108,89";"5,76";"89,44";"12,89";"3,57";"1,5";"41,21";"9253,89";"154,23";"1879,72";"641,83";"57,75";"189,96";"9,87";"831,79";"67,62";"92,74";"4,47";"72,62";"9,08";"3660,33";"155,55";"746,22";"286,11";"26,67";"111,33";"5,78";"397,44";"32,44";"40,44";"2,11";"27,0";"4,0";"1,44";"0,67";"20,44";"4155,78";"153,09";"841,44";"256,0";"22,11";"49,11";"2,56";"305,11";"24,67";"37,89";"1,67";"34,33";"3,67";"0,67";"0,0";"17,11";"4666,51";"155,55";"951,35";"364,76";"34,0";"141,94";"7,37";"506,7";"41,36";"51,56";"2,69";"34,42";"5,1";"1,84";"0,85";"26,06";"4592,65";"153,09";"929,9";"282,91";"24,44";"54,27";"2,82";"337,19";"27,26";"41,87";"1,84";"37,94";"4,05";"0,74";"0,0";"18,91";"0,79";"2,5";"44,46"
"Shayon Harrison";"S. Harrison";"62046";"1997-07-13";"AC Oulu";"5278";"FIN - Veikkausliiga";"323";"2025/2025";"128";"Center Forward";"58,85";"34,58";"17,99";"16,6";"5";"0";"6676,4";"113,45";"945,2";"316,0";"29,8";"45,4";"3,6";"361,4";"33,4";"26,24";"26,24";"74,4";"4,8";"64,0";"10,6";"2,6";"0,67";"0,87";"0,0";"null";"null";"19,4";"2,16";"null";"10210,3";"113,45";"1445,51";"483,26";"45,57";"69,43";"5,51";"552,69";"51,08";"113,78";"7,34";"97,88";"16,21";"3,98";"0,0";"29,67";"8402,66";"140,04";"1502,8";"517,01";"46,84";"72,17";"3,82";"589,19";"50,66";"92,99";"5,55";"71,48";"10,06";"2421,6";"134,63";"410,2";"140,6";"11,2";"23,4";"1,2";"164,0";"12,4";"28,0";"1,4";"19,8";"1,8";"0,2";"0,0";"6,8";"2421,6";"145,91";"456,0";"157,4";"15,8";"18,2";"1,0";"175,6";"16,8";"25,6";"1,8";"21,4";"4,0";"0,8";"0,0";"11,2";"4038,99";"134,63";"684,17";"234,51";"18,68";"39,03";"2,0";"273,54";"20,68";"46,7";"2,34";"33,02";"3,0";"0,33";"0,0";"11,34";"4377,26";"145,91";"824,26";"284,51";"28,56";"32,9";"1,81";"317,41";"30,37";"46,27";"3,25";"38,68";"7,23";"1,45";"0,0";"20,25";"0,0";"1,73";"31,23"
"Romaric Yapi";"R. Yapi";"62317";"2000-07-13";"FC Lahti";"539";"FIN - Veikkausliiga";"323";"2026/2026";"130";"Full Back";"78,11";"38,96";"20,6";"18,36";"7";"0";"8161,43";"104,48";"1062,14";"464,43";"48,29";"259,0";"12,0";"723,43";"60,29";"31,17";"31,9";"90,0";"6,43";"73,86";"14,86";"5,43";"0,69";"0,74";"1,86";"1,33";"null";"29,57";"2,15";"2,51";"9403,54";"104,48";"1223,79";"535,11";"55,63";"298,42";"13,83";"833,53";"69,46";"103,7";"7,41";"85,1";"17,12";"6,25";"2,14";"34,07";"8231,62";"137,19";"1333,91";"611,62";"63,8";"347,83";"14,96";"959,46";"78,76";"93,72";"6,6";"69,08";"11,88";"2690,86";"130,62";"418,71";"169,29";"19,57";"127,0";"4,86";"296,29";"24,43";"26,57";"2,14";"21,0";"3,57";"1,57";"1,0";"10,0";"2654,14";"144,56";"447,43";"227,86";"21,86";"98,86";"4,86";"326,71";"26,71";"34,29";"2,14";"23,86";"4,14";"1,57";"0,14";"16,14";"3918,72";"130,62";"609,78";"246,53";"28,5";"184,95";"7,07";"431,48";"35,58";"38,7";"3,12";"30,58";"5,2";"2,29";"1,46";"14,56";"4336,95";"144,56";"731,11";"372,33";"35,72";"161,54";"7,94";"533,86";"43,65";"56,02";"3,5";"38,98";"6,77";"2,57";"0,23";"26,38";"1,76";"4,84";"40,26"
"Assane Seck";"A. Seck";"63125";"2004-01-13";"Kotkan Työväen Palloilijat";"5279";"FIN - Veikkausliiga";"323";"2025/2025";"128";"Wide Attacker";"76,13";"40,83";"21,09";"19,74";"9";"0";"8931,11";"117,32";"1338,11";"696,0";"69,67";"272,89";"16,78";"968,89";"86,44";"30,0";"30,58";"94,0";"9,0";"78,11";"19,11";"7,89";"0,6";"0,61";"3,0";"1,1";"1,23";"43,89";"1,86";"2,84";"10558,82";"117,32";"1581,98";"822,85";"82,36";"322,62";"19,84";"1145,47";"102,2";"111,13";"10,64";"92,35";"22,59";"9,33";"3,55";"51,89";"9016,41";"150,27";"1752,73";"935,47";"88,99";"366,42";"21,23";"1301,89";"110,22";"98,14";"8,33";"69,4";"14,04";"3174,44";"150,54";"593,89";"350,89";"34,89";"168,0";"9,56";"518,89";"44,44";"36,44";"3,67";"22,67";"4,56";"3,33";"1,89";"21,11";"2960,89";"149,99";"598,78";"285,67";"25,67";"81,33";"4,89";"367,0";"30,56";"30,33";"2,0";"24,56";"5,0";"1,78";"0,11";"18,89";"4516,2";"150,54";"844,91";"499,2";"49,64";"239,01";"13,59";"738,21";"63,23";"51,85";"5,22";"32,25";"6,48";"4,74";"2,69";"30,03";"4499,66";"149,99";"909,96";"434,13";"39,01";"123,6";"7,43";"557,73";"46,44";"46,1";"3,04";"37,32";"7,6";"2,7";"0,17";"28,71";"2,94";"7,51";"58,78"
"Tim Väyrynen";"T. Väyrynen";"64197";"1993-03-30";"IF Gnistan";"5281";"FIN - Veikkausliiga";"323";"2025/2025";"128";"Center Forward";"82,74";"42,97";"18,32";"24,65";"22";"1";"9359,09";"113,12";"1301,14";"467,59";"44,05";"95,86";"6,41";"563,45";"50,45";"27,28";"29,3";"95,09";"6,45";"77,14";"12,68";"3,95";"0,63";"0,91";"0,41";"1,62";"null";"31,86";"1,91";"2,76";"10180,56";"113,12";"1415,34";"508,63";"47,91";"104,28";"6,97";"612,91";"54,88";"103,44";"7,02";"83,91";"13,79";"4,3";"0,44";"34,66";"8726,96";"145,45";"1577,3";"599,59";"56,94";"125,81";"7,62";"725,4";"64,55";"87,98";"5,46";"69,06";"10,73";"2674,64";"146,01";"510,64";"216,23";"21,14";"49,41";"3,05";"265,64";"24,18";"32,68";"2,14";"22,36";"3,5";"1,14";"0,09";"13,05";"3574,73";"145,03";"618,86";"213,14";"19,64";"40,68";"2,41";"253,82";"22,05";"30,32";"1,77";"27,09";"4,18";"0,91";"0,18";"15,68";"4380,3";"146,01";"836,28";"354,12";"34,62";"80,92";"4,99";"435,04";"39,6";"53,52";"3,5";"36,63";"5,73";"1,86";"0,15";"21,36";"4350,98";"145,03";"753,25";"259,42";"23,9";"49,52";"2,93";"308,93";"26,83";"36,9";"2,16";"32,97";"5,09";"1,11";"0,22";"19,09";"0,38";"2,86";"40,12"
"Tim Väyrynen";"T. Väyrynen";"64197";"1993-03-30";"IF Gnistan";"5281";"FIN - Veikkausliiga";"323";"2025/2025";"128";"Wide Attacker";"67,85";"39,64";"16,87";"22,77";"3";"0";"8072,0";"118,97";"1268,33";"457,67";"39,0";"86,67";"5,0";"544,33";"44,0";"25,93";"25,93";"80,67";"4,0";"66,33";"14,67";"2,0";"null";"null";"0,67";"null";"null";"25,33";"2,31";"null";"10707,15";"118,97";"1682,39";"607,07";"51,73";"114,96";"6,63";"722,03";"58,36";"107,0";"5,31";"87,99";"19,45";"2,65";"0,88";"33,6";"8889,75";"148,16";"1696,31";"660,46";"56,01";"124,63";"5,55";"785,09";"61,56";"87,29";"4,04";"67,61";"11,6";"2465,33";"146,12";"478,0";"235,0";"20,33";"47,33";"2,67";"282,33";"23,0";"26,33";"1,33";"17,67";"2,33";"0,67";"0,33";"10,0";"3407,67";"149,68";"642,67";"201,33";"16,67";"35,0";"1,0";"236,33";"17,67";"31,33";"1,33";"27,0";"5,33";"0,0";"0,0";"12,67";"4383,54";"146,12";"849,92";"417,85";"36,15";"84,16";"4,74";"502,01";"40,9";"46,82";"2,37";"31,41";"4,15";"1,19";"0,59";"17,78";"4490,34";"149,68";"846,85";"265,3";"21,96";"46,12";"1,32";"311,42";"23,28";"41,29";"1,76";"35,58";"7,03";"0,0";"0,0";"16,69";"0,5";"1,01";"34,31"
"Anton Popovitch";"A. Popovitch";"64198";"1996-07-11";"Tampereen Ilves";"591";"FIN - Veikkausliiga";"323";"2025/2025";"128";"Midfield";"92,09";"52,48";"28,46";"24,02";"28";"1";"11187,25";"121,48";"1788,54";"534,11";"47,07";"121,82";"6,54";"655,93";"53,61";"27,18";"28,74";"116,11";"4,07";"102,64";"12,79";"2,25";"0,72";"0,75";"0,5";"1,43";"1,51";"38,14";"1,94";"2,71";"10933,58";"121,48";"1747,98";"522,0";"46,0";"119,06";"6,39";"641,06";"52,39";"113,47";"3,98";"100,32";"12,5";"2,2";"0,49";"37,28";"9575,47";"159,59";"1889,92";"571,14";"49,94";"128,67";"6,13";"699,81";"56,06";"101,47";"3,06";"79,38";"8,66";"4363,57";"153,32";"771,86";"159,29";"16,43";"36,5";"1,93";"195,79";"18,36";"45,25";"1,25";"35,89";"3,29";"0,57";"0,04";"14,14";"4011,36";"167,02";"881,11";"340,25";"27,25";"76,04";"3,43";"416,29";"30,68";"43,5";"1,43";"33,54";"4,29";"0,79";"0,32";"22,0";"4599,57";"153,32";"813,6";"167,9";"17,32";"38,47";"2,03";"206,37";"19,35";"47,7";"1,32";"37,83";"3,46";"0,6";"0,04";"14,91";"5010,72";"167,02";"1100,62";"425,02";"34,04";"94,98";"4,28";"520,0";"38,32";"54,34";"1,78";"41,89";"5,35";"0,98";"0,4";"27,48";"0,41";"1,55";"41,32"
"Anton Popovitch";"A. Popovitch";"64198";"1996-07-11";"Tampereen Ilves";"591";"FIN - Veikkausliiga";"323";"2026/2026";"130";"Midfield";"96,56";"62,39";"28,0";"34,39";"3";"0";"12292,33";"127,3";"1970,67";"520,33";"48,0";"83,67";"6,33";"604,0";"54,33";"26,27";"26,27";"131,67";"4,67";"118,67";"14,33";"3,33";"0,74";"null";"0,33";"null";"null";"33,67";"2,17";"null";"11457,1";"127,3";"1836,76";"484,98";"44,74";"77,98";"5,9";"562,96";"50,64";"122,72";"4,35";"110,6";"13,36";"3,11";"0,31";"31,38";"9493,04";"158,22";"1802,89";"485,66";"43,92";"76,94";"4,49";"562,6";"48,41";"100,02";"2,89";"83,67";"8,66";"4221,33";"150,76";"659,67";"133,0";"15,33";"26,67";"2,0";"159,67";"17,33";"45,0";"1,33";"35,33";"3,0";"1,0";"0,0";"10,0";"5649,67";"164,29";"1215,0";"372,0";"30,33";"53,33";"2,67";"425,33";"33,0";"59,0";"1,67";"51,67";"6,0";"1,33";"0,0";"22,0";"4522,86";"150,76";"706,79";"142,5";"16,43";"28,57";"2,14";"171,07";"18,57";"48,21";"1,43";"37,86";"3,21";"1,07";"0,0";"10,71";"4928,63";"164,29";"1059,94";"324,52";"26,46";"46,53";"2,33";"371,05";"28,79";"51,47";"1,45";"45,07";"5,23";"1,16";"0,0";"19,19";"0,0";"2,24";"30,77"
"Taneli Hämäläinen";"T. Hämäläinen";"64200";"2001-04-16";"Kuopio PS";"538";"FIN - Veikkausliiga";"323";"2025/2025";"128";"Central Defender";"96,23";"61,77";"33,12";"28,65";"6";"0";"11411,0";"118,58";"1624,33";"566,17";"52,0";"198,0";"9,67";"764,17";"61,67";"28,93";"29,16";"130,83";"5,33";"107,17";"13,0";"2,83";"0,77";"0,9";"1,67";"1,55";"null";"36,0";"1,94";"2,91";"10671,87";"118,58";"1519,12";"529,49";"48,63";"185,17";"9,04";"714,67";"57,67";"122,36";"4,99";"100,23";"12,16";"2,65";"1,56";"33,67";"8617,04";"143,62";"1401,18";"494,9";"45,49";"181,81";"8,42";"676,71";"53,91";"94,22";"3,89";"73,5";"7,12";"4708,67";"142,17";"733,33";"210,0";"17,83";"57,83";"2,83";"267,83";"20,67";"45,83";"1,83";"39,33";"4,0";"0,33";"0,33";"14,5";"4162,5";"145,29";"709,17";"299,5";"29,0";"129,33";"5,83";"428,83";"34,83";"51,17";"2,17";"36,33";"3,33";"1,17";"0,67";"18,83";"4265,17";"142,17";"664,26";"190,22";"16,15";"52,39";"2,57";"242,61";"18,72";"41,52";"1,66";"35,63";"3,62";"0,3";"0,3";"13,13";"4358,64";"145,29";"742,58";"313,61";"30,37";"135,43";"6,11";"449,04";"36,47";"53,58";"2,27";"38,05";"3,49";"1,22";"0,7";"19,72";"0,97";"1,46";"32,38"
"Taneli Hämäläinen";"T. Hämäläinen";"64200";"2001-04-16";"Kuopion Palloseura";"5912";"FIN - Veikkausliiga";"323";"2026/2026";"130";"Central Defender";"92,43";"58,81";"35,77";"23,04";"3";"1";"10455,67";"113,12";"1341,33";"373,67";"36,33";"98,33";"5,33";"472,0";"41,67";"27,57";"27,57";"114,33";"4,67";"93,67";"8,33";"2,33";"null";"null";"0,0";"null";"null";"28,33";"2,34";"null";"10180,42";"113,12";"1306,02";"363,83";"35,38";"95,74";"5,19";"459,57";"40,57";"111,32";"4,54";"91,2";"8,11";"2,27";"0,0";"27,59";"8103,66";"135,06";"1198,19";"335,68";"29,93";"96,59";"3,4";"432,27";"33,33";"88,09";"3,06";"68,7";"4,08";"4614,0";"129,0";"576,0";"105,0";"7,33";"18,0";"0,0";"123,0";"7,33";"44,67";"0,67";"38,0";"1,33";"0,33";"0,0";"10,67";"3328,33";"144,47";"598,33";"224,0";"22,0";"76,67";"3,33";"300,67";"25,33";"41,67";"2,33";"29,33";"2,67";"1,0";"0,0";"15,33";"3870,08";"129,0";"483,13";"88,07";"6,15";"15,1";"0,0";"103,17";"6,15";"37,47";"0,56";"31,87";"1,12";"0,28";"0,0";"8,95";"4333,98";"144,47";"779,12";"291,68";"28,65";"99,83";"4,34";"391,51";"32,99";"54,26";"3,04";"38,2";"3,47";"1,3";"0,0";"19,97";"0,0";"1,36";"26,53"
"Taneli Hämäläinen";"T. Hämäläinen";"64200";"2001-04-16";"Kuopion Palloseura";"5912";"FIN - Veikkausliiga";"323";"2026/2026";"130";"Full Back";"76,58";"43,0";"23,93";"19,07";"4";"1";"9144,5";"119,41";"1277,25";"679,5";"58,0";"253,5";"12,75";"933,0";"70,75";"29,43";"29,43";"98,75";"6,5";"79,75";"13,5";"5,25";"0,66";"0,84";"1,5";"1,28";"null";"37,0";"2,16";"null";"10747,11";"119,41";"1501,09";"798,59";"68,16";"297,93";"14,98";"1096,51";"83,15";"116,06";"7,64";"93,73";"15,87";"6,17";"1,76";"43,48";"8963,55";"149,39";"1487,65";"850,38";"71,85";"324,39";"15,7";"1174,77";"87,55";"98,71";"5,58";"70,11";"10,81";"3552,25";"148,42";"570,25";"319,5";"29,25";"149,5";"7,5";"469,0";"36,75";"35,25";"2,25";"26,5";"4,0";"1,75";"0,75";"16,5";"2872,25";"150,61";"496,0";"290,0";"22,25";"83,0";"3,75";"373,0";"26,0";"35,5";"1,75";"23,75";"3,75";"1,25";"0,0";"17,25";"4452,68";"148,42";"714,8";"400,49";"36,66";"187,4";"9,4";"587,88";"46,07";"44,19";"2,82";"33,22";"5,01";"2,19";"0,94";"20,68";"4518,29";"150,61";"780,25";"456,19";"35,0";"130,57";"5,9";"586,76";"40,9";"55,84";"2,75";"37,36";"5,9";"1,97";"0,0";"27,14";"1,05";"4,19";"47,09"
"Matias Rale";"M. Rale";"64757";"2001-03-04";"Tampereen Ilves";"591";"FIN - Veikkausliiga";"323";"2025/2025";"128";"Central Defender";"96,71";"54,06";"29,98";"24,08";"18";"1";"11328,44";"117,14";"1805,17";"666,17";"58,67";"209,94";"11,94";"876,11";"70,61";"28,66";"29,76";"127,83";"6,56";"104,33";"16,17";"3,78";"0,66";"0,67";"0,61";"1,28";"1,36";"42,5";"2,04";"2,67";"10542,93";"117,14";"1680,0";"619,97";"54,6";"195,39";"11,12";"815,36";"65,71";"118,97";"6,1";"97,1";"15,05";"3,52";"0,57";"39,55";"9021,67";"150,36";"1711,18";"654,46";"57,53";"213,1";"10,67";"867,55";"68,2";"101,55";"4,81";"78,37";"10,79";"4423,78";"147,54";"821,17";"253,56";"22,78";"80,72";"3,83";"334,28";"26,61";"46,22";"2,06";"39,94";"5,83";"1,06";"0,11";"14,06";"3704,78";"153,88";"720,61";"336,11";"29,06";"111,28";"5,78";"447,39";"34,83";"45,28";"2,28";"30,67";"3,89";"1,5";"0,22";"24,83";"4426,1";"147,54";"821,6";"253,69";"22,79";"80,76";"3,84";"334,45";"26,63";"46,25";"2,06";"39,97";"5,84";"1,06";"0,11";"14,06";"4616,37";"153,88";"897,92";"418,81";"36,2";"138,66";"7,2";"557,47";"43,4";"56,42";"2,84";"38,21";"4,85";"1,87";"0,28";"30,94";"0,37";"2,84";"43,16"
"Matias Rale";"M. Rale";"64757";"2001-03-04";"Tampereen Ilves";"591";"FIN - Veikkausliiga";"323";"2026/2026";"130";"Central Defender";"90,87";"55,87";"26,48";"29,39";"4";"1";"11385,0";"125,29";"1866,75";"662,0";"48,5";"154,25";"6,5";"816,25";"55,0";"27,7";"27,7";"126,5";"5,5";"109,0";"13,75";"3,25";"0,76";"null";"0,5";"null";"null";"40,75";"1,98";"3,01";"11275,9";"125,29";"1848,86";"655,66";"48,04";"152,77";"6,44";"808,43";"54,47";"125,29";"5,45";"107,96";"13,62";"3,22";"0,5";"40,36";"9268,07";"154,47";"1771,68";"634,41";"45,91";"158,13";"5,37";"792,54";"51,28";"99,87";"3,22";"80,01";"7,79";"3890,5";"146,93";"683,75";"197,25";"14,25";"48,5";"1,75";"245,75";"16,0";"38,5";"1,0";"32,75";"3,0";"0,5";"0,0";"9,5";"4739,75";"161,26";"966,0";"393,5";"28,5";"98,75";"3,25";"492,25";"31,75";"54,5";"2,0";"41,75";"4,25";"1,0";"0,25";"27,25";"4407,8";"146,93";"774,67";"223,48";"16,14";"54,95";"1,98";"278,43";"18,13";"43,62";"1,13";"37,1";"3,4";"0,57";"0,0";"10,76";"4837,85";"161,26";"985,99";"401,64";"29,09";"100,79";"3,32";"502,44";"32,41";"55,63";"2,04";"42,61";"4,34";"1,02";"0,26";"27,81";"0,27";"1,61";"39,47"
"Matias Rale";"M. Rale";"64757";"2001-03-04";"Tampereen Ilves";"591";"FIN - Veikkausliiga";"323";"2025/2025";"128";"Full Back";"97,46";"57,72";"30,53";"27,19";"12";"0";"11653,08";"119,56";"1930,5";"747,83";"67,0";"189,5";"12,0";"937,33";"79,0";"28,2";"29,02";"129,67";"8,08";"110,83";"24,5";"5,42";"0,66";"0,66";"1,25";"1,41";"1,41";"47,92";"1,98";"2,65";"10760,68";"119,56";"1782,66";"690,56";"61,87";"174,99";"11,08";"865,55";"72,95";"119,74";"7,46";"102,35";"22,62";"5,0";"1,15";"44,25";"9008,4";"150,14";"1753,31";"705,48";"63,32";"186,68";"10,83";"892,16";"74,15";"102,57";"5,63";"76,32";"14,99";"4585,5";"150,18";"886,75";"320,83";"28,5";"91,25";"5,0";"412,08";"33,5";"48,25";"2,83";"38,42";"7,92";"1,25";"0,17";"17,83";"4080,5";"150,1";"799,92";"357,83";"32,42";"88,33";"5,42";"446,17";"37,83";"50,42";"2,58";"35,0";"6,5";"1,92";"0,67";"26,5";"4505,4";"150,18";"871,26";"315,23";"28,0";"89,66";"4,91";"404,89";"32,91";"47,41";"2,78";"37,75";"7,78";"1,23";"0,16";"17,52";"4502,85";"150,1";"882,71";"394,87";"35,77";"97,48";"5,98";"492,35";"41,75";"55,64";"2,85";"38,62";"7,17";"2,12";"0,74";"29,24";"0,87";"3,29";"46,08"
"Matias Rale";"M. Rale";"64757";"2001-03-04";"Tampereen Ilves";"591";"FIN - Veikkausliiga";"323";"2026/2026";"130";"Full Back";"96,06";"60,74";"26,14";"34,61";"3";"0";"11761,0";"122,44";"1962,0";"709,33";"61,33";"149,0";"11,0";"858,33";"72,33";"27,43";"27,43";"133,67";"10,33";"119,67";"21,0";"6,33";"0,7";"0,76";"1,67";"null";"null";"58,33";"2,15";"2,77";"11019,56";"122,44";"1838,31";"664,62";"57,47";"139,61";"10,31";"804,22";"67,77";"125,24";"9,68";"112,12";"19,68";"5,93";"1,56";"54,66";"8859,08";"147,65";"1721,31";"645,0";"53,34";"142,24";"8,23";"787,23";"61,57";"99,43";"6,26";"79,35";"11,52";"3972,67";"151,98";"786,0";"230,67";"19,33";"53,0";"3,33";"283,67";"22,67";"39,67";"2,67";"31,33";"5,0";"1,0";"0,67";"15,67";"4996,33";"144,38";"956,67";"422,33";"34,67";"91,0";"5,0";"513,33";"39,67";"61,0";"3,67";"49,0";"6,67";"2,67";"0,67";"39,67";"4559,49";"151,98";"902,1";"264,74";"22,19";"60,83";"3,83";"325,57";"26,01";"45,53";"3,06";"35,96";"5,74";"1,15";"0,77";"17,98";"4331,39";"144,38";"829,35";"366,13";"30,05";"78,89";"4,33";"445,02";"34,39";"52,88";"3,18";"42,48";"5,78";"2,31";"0,58";"34,39";"1,32";"3,62";"54,66"
"Yeboah  Amankwah";"Y. Amankwah";"67871";"2000-10-19";"IFK Mariehamn";"5280";"FIN - Veikkausliiga";"323";"2026/2026";"130";"Full Back";"88,4";"50,07";"24,96";"25,11";"4";"0";"10570,25";"119,57";"1608,0";"663,0";"58,0";"257,5";"12,75";"920,5";"70,75";"31,35";"31,35";"121,0";"6,25";"98,75";"19,25";"4,0";"null";"null";"1,75";"null";"null";"32,25";"2,2";"3,01";"10761,06";"119,57";"1637,03";"674,97";"59,05";"262,15";"12,98";"937,12";"72,03";"123,18";"6,36";"100,53";"19,6";"4,07";"1,78";"32,83";"9076,1";"151,27";"1689,75";"743,61";"62,62";"262,75";"12,88";"1006,36";"75,5";"103,36";"5,69";"72,8";"14,08";"3635,0";"145,64";"635,75";"268,0";"26,0";"105,5";"5,75";"373,5";"31,75";"42,0";"3,0";"28,5";"6,5";"2,0";"1,0";"12,25";"3938,5";"156,86";"774,25";"352,5";"26,25";"113,75";"5,0";"466,25";"31,25";"44,25";"1,75";"32,25";"5,25";"1,0";"0,0";"17,5";"4369,28";"145,64";"764,17";"322,14";"31,25";"126,81";"6,91";"448,95";"38,16";"50,48";"3,61";"34,26";"7,81";"2,4";"1,2";"14,72";"4705,81";"156,86";"925,09";"421,17";"31,36";"135,91";"5,97";"557,09";"37,34";"52,87";"2,09";"38,53";"6,27";"1,19";"0,0";"20,91";"1,2";"3,6";"35,65"
"Pau Juvanteny Costa";"Pau Juvanteny";"69403";"2000-05-24";"Turun Palloseura";"5208";"FIN - Veikkausliiga";"323";"2026/2026";"130";"Midfield";"80,14";"40,81";"17,55";"23,26";"5";"0";"9747,8";"121,63";"1754,4";"553,8";"56,4";"167,8";"8,2";"721,6";"64,6";"28,94";"28,94";"109,4";"6,4";"95,6";"15,8";"3,6";"0,71";"0,8";"0,8";"1,47";"null";"51,8";"2,0";"2,71";"10946,66";"121,63";"1970,17";"621,91";"63,34";"188,44";"9,21";"810,35";"72,55";"122,85";"7,19";"107,36";"17,74";"4,04";"0,9";"58,17";"9987,03";"166,45";"2321,3";"744,17";"72,92";"180,24";"9,41";"924,4";"82,33";"110,85";"5,88";"90,56";"15,0";"2776,8";"158,19";"579,0";"110,6";"12,0";"24,8";"1,4";"135,4";"13,4";"27,8";"1,4";"21,6";"2,6";"1,0";"0,0";"12,8";"4016,6";"172,68";"1000,0";"395,6";"37,6";"97,8";"5,0";"493,4";"42,6";"47,6";"2,6";"40,0";"7,6";"1,0";"0,2";"34,0";"4745,77";"158,19";"989,56";"189,02";"20,51";"42,39";"2,39";"231,41";"22,9";"47,51";"2,39";"36,92";"4,44";"1,71";"0,0";"21,88";"5180,48";"172,68";"1289,77";"510,23";"48,5";"126,14";"6,45";"636,37";"54,94";"61,39";"3,35";"51,59";"9,8";"1,29";"0,26";"43,85";"0,29";"2,94";"68,8"
"Hope Calvin Ddamulira Kabuye";"C. Kabuye";"70782";"2003-03-28";"Kuopion Palloseura";"5912";"FIN - Veikkausliiga";"323";"2026/2026";"130";"Wide Attacker";"48,29";"31,42";"19,31";"12,12";"3";"0";"5983,33";"123,89";"894,67";"346,67";"33,0";"127,33";"6,67";"474,0";"39,67";"28,17";"28,17";"66,0";"4,33";"56,0";"10,0";"2,67";"0,89";"0,89";"0,67";"null";"null";"25,33";"null";"null";"11150,35";"123,89";"1667,27";"646,04";"61,5";"237,29";"12,42";"883,33";"73,92";"123,0";"8,08";"104,36";"18,64";"4,97";"1,24";"47,21";"8698,3";"144,97";"1540,31";"608,49";"53,47";"233,59";"9,55";"842,08";"63,01";"90,38";"5,73";"73,2";"10,82";"2690,67";"139,37";"436,67";"182,33";"16,67";"83,33";"3,67";"265,67";"20,33";"30,0";"1,67";"23,67";"2,67";"1,33";"0,33";"16,67";"1864,67";"153,89";"370,0";"136,33";"11,33";"39,0";"1,33";"175,33";"12,67";"17,33";"1,33";"14,67";"3,0";"0,33";"0,0";"6,33";"4181,18";"139,37";"678,56";"283,34";"25,9";"129,5";"5,7";"412,83";"31,6";"46,62";"2,59";"36,78";"4,14";"2,07";"0,52";"25,9";"4616,78";"153,89";"916,09";"337,55";"28,06";"96,56";"3,3";"434,11";"31,36";"42,92";"3,3";"36,31";"7,43";"0,83";"0,0";"15,68";"0,64";"3,18";"43,92"
"Florian Krebs";"F. Krebs";"70848";"1999-02-04";"FC Inter Turku";"1769";"FIN - Veikkausliiga";"323";"2025/2025";"128";"Midfield";"96,02";"55,74";"29,68";"26,06";"27";"1";"11960,04";"124,55";"1993,0";"696,63";"60,78";"161,15";"10,07";"857,78";"70,85";"27,92";"29,5";"118,19";"4,04";"106,22";"10,41";"2,52";"0,69";"0,7";"0,44";"1,58";"null";"41,3";"1,87";"2,7";"11209,87";"124,55";"1867,99";"652,93";"56,97";"151,04";"9,44";"803,98";"66,41";"110,77";"3,78";"99,56";"9,75";"2,36";"0,42";"38,71";"9523,91";"158,73";"1947,81";"704,44";"60,28";"160,94";"9,05";"865,39";"69,33";"94,24";"2,71";"76,58";"7,53";"4557,15";"153,55";"887,15";"288,3";"24,22";"56,96";"3,37";"345,26";"27,59";"40,81";"1,22";"33,67";"2,48";"0,59";"0,04";"14,33";"4290,78";"164,63";"922,41";"366,15";"31,78";"92,56";"5,04";"458,7";"36,81";"46,74";"1,3";"37,48";"4,52";"0,63";"0,19";"23,59";"4606,63";"153,55";"896,78";"291,43";"24,49";"57,58";"3,41";"349,01";"27,89";"41,26";"1,24";"34,03";"2,51";"0,6";"0,04";"14,49";"4938,82";"164,63";"1061,72";"421,45";"36,58";"106,53";"5,8";"527,98";"42,38";"53,8";"1,49";"43,14";"5,2";"0,72";"0,21";"27,16";"0,24";"1,32";"40,82"
"Danny Marcos Pérez Valdez";"D. Pérez";"71440";"2000-01-23";"IF Gnistan";"5281";"FIN - Veikkausliiga";"323";"2026/2026";"130";"Center Forward";"43,16";"23,61";"6,42";"17,19";"4";"0";"5070,75";"117,48";"895,75";"365,25";"36,0";"108,75";"6,25";"474,0";"42,25";"28,02";"28,02";"57,75";"4,0";"43,0";"10,25";"2,5";"0,72";"null";"0,25";"null";"null";"26,75";"1,99";"2,89";"10573,24";"117,48";"1867,77";"761,6";"75,07";"226,76";"13,03";"988,36";"88,1";"120,42";"8,34";"89,66";"21,37";"5,21";"0,52";"55,78";"8965,38";"149,42";"1990,89";"829,01";"81,95";"264,27";"13,98";"1093,28";"95,92";"90,84";"5,08";"67,97";"16,52";"927,5";"144,36";"197,0";"117,75";"11,25";"44,75";"2,0";"162,5";"13,25";"12,5";"1,0";"7,25";"1,75";"0,5";"0,0";"6,0";"2600,75";"151,32";"586,5";"208,5";"21,0";"59,25";"3,5";"267,75";"24,5";"23,25";"1,0";"19,5";"4,75";"0,75";"0,0";"18,25";"4330,74";"144,36";"919,84";"549,81";"52,53";"208,95";"9,34";"758,75";"61,87";"58,37";"4,67";"33,85";"8,17";"2,33";"0,0";"28,02";"4539,49";"151,32";"1023,71";"363,93";"36,65";"103,42";"6,11";"467,35";"42,76";"40,58";"1,75";"34,04";"8,29";"1,31";"0,0";"31,85";"0,0";"3,18";"61,62"
"Brooklyn Lyons-Foster";"B. Lyons-Foster";"72593";"2000-12-01";"HJK Helsinki";"429";"FIN - Veikkausliiga";"323";"2025/2025";"128";"Central Defender";"94,48";"62,37";"31,8";"30,57";"3";"0";"10782,33";"114,13";"1429,67";"455,33";"48,0";"159,33";"9,67";"614,67";"57,67";"29,3";"29,3";"114,67";"5,33";"89,0";"11,33";"4,67";"0,78";"null";"1,67";"null";"null";"30,0";"2,38";"null";"10271,3";"114,13";"1361,91";"433,75";"45,73";"151,78";"9,21";"585,53";"54,93";"109,23";"5,08";"84,78";"10,8";"4,45";"1,59";"28,58";"8172,31";"136,21";"1253,23";"404,06";"40,09";"144,31";"7,38";"548,37";"47,46";"87,23";"4,49";"64,46";"6,41";"4247,0";"133,55";"625,33";"150,33";"14,33";"57,33";"2,67";"207,67";"17,0";"38,33";"1,33";"29,67";"2,0";"0,67";"0,0";"10,0";"4247,67";"138,96";"677,33";"269,67";"27,33";"92,67";"5,0";"362,33";"32,33";"52,33";"3,33";"37,33";"4,67";"2,33";"1,33";"17,33";"4006,6";"133,55";"589,94";"141,82";"13,52";"54,09";"2,52";"195,91";"16,04";"36,16";"1,26";"27,99";"1,89";"0,63";"0,0";"9,43";"4168,92";"138,96";"664,78";"264,67";"26,83";"90,95";"4,91";"355,62";"31,73";"51,36";"3,27";"36,64";"4,58";"2,29";"1,31";"17,01";"1,28";"2,89";"26,3"
"Brooklyn Lyons-Foster";"B. Lyons-Foster";"72593";"2000-12-01";"HJK Helsinki";"429";"FIN - Veikkausliiga";"323";"2025/2025";"128";"Full Back";"87,54";"50,07";"28,84";"21,23";"10";"0";"9953,3";"113,7";"1319,6";"530,2";"53,3";"213,7";"11,2";"743,9";"64,5";"29,65";"30,72";"99,6";"6,0";"83,7";"12,9";"4,1";"0,69";"0,73";"1,0";"1,36";"1,48";"32,9";"2,1";"2,74";"10233,39";"113,7";"1356,73";"545,12";"54,8";"219,71";"11,52";"764,83";"66,32";"102,4";"6,17";"86,06";"13,26";"4,22";"1,03";"33,83";"8435,79";"140,6";"1383,42";"576,61";"55,72";"231,27";"11,38";"807,88";"67,1";"86,04";"4,91";"63,39";"9,47";"3858,7";"133,8";"579,9";"205,3";"20,6";"101,7";"4,3";"307,0";"24,9";"37,4";"2,4";"28,1";"3,8";"1,7";"0,6";"13,7";"3181,2";"149,83";"574,6";"275,9";"25,9";"91,3";"5,2";"367,2";"31,1";"34,4";"1,7";"24,8";"4,1";"0,6";"0,1";"16,0";"4013,9";"133,8";"603,22";"213,56";"21,43";"105,79";"4,47";"319,35";"25,9";"38,9";"2,5";"29,23";"3,95";"1,77";"0,62";"14,25";"4494,98";"149,83";"811,9";"389,84";"36,6";"129,01";"7,35";"518,85";"43,94";"48,61";"2,4";"35,04";"5,79";"0,85";"0,14";"22,61";"0,84";"2,76";"35,59"
"Brooklyn Lyons-Foster";"B. Lyons-Foster";"72593";"2000-12-01";"HJK Helsinki";"429";"FIN - Veikkausliiga";"323";"2026/2026";"130";"Full Back";"83,53";"47,44";"25,0";"22,44";"7";"0";"9809,57";"117,44";"1439,43";"540,57";"52,14";"196,71";"10,14";"737,29";"62,29";"30,64";"31,04";"98,71";"6,57";"83,29";"13,43";"4,71";"0,65";"0,75";"1,29";"1,27";"null";"35,71";"2,14";"2,78";"10569,88";"117,44";"1550,99";"582,47";"56,18";"211,96";"10,93";"794,43";"67,11";"106,37";"7,08";"89,74";"14,47";"5,08";"1,39";"38,48";"8883,37";"148,06";"1595,56";"619,9";"59,08";"209,95";"11,2";"829,85";"70,28";"92,15";"5,06";"68,48";"10,12";"3577,43";"143,11";"652,29";"219,43";"21,29";"72,29";"4,29";"291,71";"25,57";"34,86";"2,14";"25,0";"3,86";"1,57";"0,29";"13,29";"3446,43";"153,56";"609,29";"270,71";"25,43";"93,71";"4,57";"364,43";"30,0";"38,0";"1,86";"29,14";"4,14";"1,0";"0,43";"20,0";"4293,32";"143,11";"782,82";"263,34";"25,55";"86,75";"5,14";"350,09";"30,69";"41,83";"2,57";"30,0";"4,63";"1,89";"0,34";"15,94";"4606,94";"153,56";"814,45";"361,87";"33,99";"125,27";"6,11";"487,14";"40,1";"50,8";"2,48";"38,96";"5,54";"1,34";"0,57";"26,73";"0,9";"3,25";"42,1"
"Johannes Yli-Kokko";"J. Yli-Kokko";"74743";"2001-08-24";"FC Inter Turku";"1769";"FIN - Veikkausliiga";"323";"2025/2025";"128";"Midfield";"67,15";"38,25";"21,54";"16,71";"14";"1";"8777,57";"130,72";"1596,64";"666,21";"64,57";"200,0";"12,21";"866,21";"76,79";"28,73";"29,5";"95,71";"4,57";"86,21";"12,86";"2,93";"0,65";"0,7";"1,0";"1,34";"1,53";"43,29";"2,03";"2,76";"11764,43";"130,72";"2139,95";"892,92";"86,54";"268,06";"16,37";"1160,97";"102,91";"128,28";"6,13";"115,55";"17,23";"3,93";"1,34";"58,02";"10201,66";"170,03";"2278,17";"978,07";"91,21";"293,68";"15,69";"1271,75";"106,89";"106,22";"4,93";"85,83";"13,11";"3584,64";"166,41";"757,93";"299,5";"29,21";"104,64";"5,14";"404,14";"34,36";"35,79";"1,86";"29,07";"3,5";"1,0";"0,29";"19,14";"2918,71";"174,7";"694,36";"324,0";"28,93";"82,57";"4,86";"406,57";"33,79";"31,93";"1,29";"25,64";"4,86";"0,71";"0,29";"20,43";"4992,15";"166,41";"1055,53";"417,1";"40,69";"145,73";"7,16";"562,83";"47,85";"49,84";"2,59";"40,49";"4,87";"1,39";"0,4";"26,66";"5240,96";"174,7";"1246,81";"581,79";"51,95";"148,27";"8,72";"730,06";"60,67";"57,33";"2,31";"46,05";"8,72";"1,28";"0,51";"36,68";"0,9";"2,69";"62,07"
"Johannes Yli-Kokko";"J. Yli-Kokko";"74743";"2001-08-24";"FC Inter Turku";"1769";"FIN - Veikkausliiga";"323";"2026/2026";"130";"Midfield";"66,32";"38,47";"21,83";"16,64";"8";"0";"8862,62";"133,63";"1643,25";"684,38";"61,62";"219,0";"11,5";"903,38";"73,12";"28,76";"29,44";"94,88";"4,12";"86,5";"11,5";"3,0";"0,7";"0,75";"0,88";"1,56";"1,76";"49,5";"1,95";"2,66";"12026,93";"133,63";"2229,96";"928,72";"83,63";"297,19";"15,61";"1225,92";"99,23";"128,75";"5,6";"117,38";"15,61";"4,07";"1,19";"67,17";"10290,95";"171,52";"2314,22";"998,41";"89,68";"329,49";"15,6";"1327,9";"105,28";"106,84";"3,9";"84,22";"10,33";"3632,38";"166,37";"767,5";"341,0";"29,38";"120,0";"5,88";"461,0";"35,25";"34,88";"1,38";"28,5";"3,25";"1,0";"0,12";"19,75";"2965,62";"178,27";"716,25";"299,12";"28,12";"91,25";"4,12";"390,38";"32,25";"33,62";"1,12";"25,5";"3,38";"0,88";"0,12";"26,0";"4991,05";"166,37";"1054,58";"468,55";"40,36";"164,89";"8,07";"633,44";"48,44";"47,92";"1,89";"39,16";"4,47";"1,37";"0,17";"27,14";"5348,15";"178,27";"1291,67";"539,44";"50,72";"164,56";"7,44";"703,99";"58,16";"60,64";"2,03";"45,99";"6,09";"1,58";"0,23";"46,89";"0,39";"2,92";"71,36"
"Adeleke Akinola Akinyemi";"A. Akinyemi";"110459";"1998-08-11";"Tampereen Ilves";"591";"FIN - Veikkausliiga";"323";"2025/2025";"128";"Center Forward";"46,32";"28,19";"15,24";"12,96";"9";"0";"4968,67";"107,28";"614,89";"330,78";"34,78";"147,0";"7,22";"477,78";"42,0";"30,47";"31,84";"53,78";"6,89";"45,89";"10,33";"4,78";"0,58";"0,68";"1,22";"1,33";"1,35";"20,44";"2,17";"2,79";"9654,84";"107,28";"1194,82";"642,75";"67,58";"285,64";"14,03";"928,39";"81,61";"104,5";"13,39";"89,17";"20,08";"9,28";"2,37";"39,73";"7907,23";"131,79";"1155,07";"659,0";"65,73";"285,16";"13,0";"944,16";"78,74";"90,33";"9,69";"68,57";"13,95";"1967,44";"129,14";"263,78";"170,11";"17,44";"105,89";"4,89";"276,0";"22,33";"23,56";"2,78";"16,56";"2,78";"2,11";"0,89";"9,0";"1748,22";"134,9";"279,0";"139,56";"13,44";"28,11";"1,22";"167,67";"14,67";"18,89";"1,78";"15,67";"3,78";"1,0";"0,11";"9,67";"3874,15";"129,14";"519,41";"334,97";"34,35";"208,51";"9,63";"543,48";"43,98";"46,38";"5,47";"32,6";"5,47";"4,16";"1,75";"17,72";"4047,04";"134,9";"645,87";"323,06";"31,12";"65,08";"2,83";"388,14";"33,95";"43,73";"4,12";"36,27";"8,75";"2,31";"0,26";"22,38";"2,13";"6,62";"39,72"
"Adeleke Akinola Akinyemi";"A. Akinyemi";"110459";"1998-08-11";"IF Gnistan";"5281";"FIN - Veikkausliiga";"323";"2026/2026";"130";"Center Forward";"76,76";"40,81";"18,76";"22,05";"7";"0";"8330,71";"108,53";"1116,86";"504,86";"56,14";"258,14";"13,14";"763,0";"69,29";"30,43";"31,08";"91,57";"9,71";"72,29";"17,0";"7,14";"0,67";"0,76";"2,57";"1,32";"1,48";"34,14";"2,2";"2,9";"9767,4";"108,53";"1309,47";"591,92";"65,83";"302,66";"15,41";"894,58";"81,23";"107,36";"11,39";"84,75";"19,93";"8,37";"3,01";"40,03";"8408,4";"140,14";"1436,68";"679,8";"73,71";"343,37";"15,75";"1023,17";"89,46";"90,51";"7,77";"67,2";"15,96";"2575,71";"137,28";"390,29";"223,57";"25,14";"144,14";"6,29";"367,71";"31,43";"31,14";"2,57";"19,57";"3,0";"2,29";"1,14";"14,14";"3144,0";"142,57";"587,0";"238,86";"25,0";"89,43";"4,43";"328,29";"29,43";"30,43";"2,71";"26,14";"7,86";"1,71";"0,43";"16,71";"4118,53";"137,28";"624,06";"357,49";"40,2";"230,48";"10,05";"587,97";"50,25";"49,8";"4,11";"31,29";"4,8";"3,65";"1,83";"22,61";"4277,09";"142,57";"798,55";"324,94";"34,01";"121,66";"6,02";"446,6";"40,03";"41,39";"3,69";"35,56";"10,69";"2,33";"0,58";"22,74";"2,31";"5,88";"45,36"
"Korede Adedoyin";"K.Adedoyin";"113261";"2000-11-14";"IFK Mariehamn";"5280";"FIN - Veikkausliiga";"323";"2025/2025";"128";"Center Forward";"85,1";"48,61";"20,83";"27,78";"11";"1";"9622,73";"113,08";"1246,64";"624,82";"65,73";"231,73";"14,0";"856,55";"79,73";"29,11";"30,28";"101,64";"9,73";"81,73";"21,64";"7,73";"0,62";"0,72";"1,64";"1,29";"null";"44,64";"1,93";"2,74";"10176,98";"113,08";"1318,44";"660,81";"69,51";"245,07";"14,81";"905,88";"84,32";"107,49";"10,29";"86,43";"22,88";"8,17";"1,73";"47,21";"8498,96";"141,65";"1385,47";"708,11";"72,71";"262,44";"15,15";"970,55";"87,85";"91,33";"7,63";"67,88";"16,38";"2917,0";"140,01";"499,73";"258,36";"27,09";"116,45";"6,64";"374,82";"33,73";"35,64";"3,27";"22,64";"5,18";"2,73";"0,64";"19,18";"3969,09";"142,88";"622,82";"315,36";"31,82";"96,18";"5,64";"411,55";"37,45";"38,36";"2,91";"32,36";"8,09";"2,09";"0,45";"22,64";"4200,17";"140,01";"719,55";"372,02";"39,01";"167,68";"9,56";"539,7";"48,56";"51,31";"4,71";"32,59";"7,46";"3,93";"0,92";"27,62";"4286,46";"142,88";"672,62";"340,58";"34,36";"103,87";"6,09";"444,45";"40,45";"41,43";"3,14";"34,95";"8,74";"2,26";"0,49";"24,45";"1,35";"5,95";"51,61"
"Simon van Duivenbooden";"S. van Duivenbooden";"122267";"2002-05-11";"Vaasan Palloseura";"3603";"FIN - Veikkausliiga";"323";"2026/2026";"130";"Center Forward";"72,48";"42,13";"19,08";"23,05";"3";"0";"8543,33";"117,87";"1177,33";"485,0";"43,33";"124,33";"6,67";"609,33";"50,0";"28,2";"28,2";"85,0";"4,33";"72,33";"12,0";"2,33";"1,11";"null";"0,0";"null";"null";"27,33";"null";"null";"10607,96";"117,87";"1461,85";"602,21";"53,81";"154,38";"8,28";"756,59";"62,08";"105,54";"5,38";"89,81";"14,9";"2,9";"0,0";"33,94";"8765,24";"146,09";"1513,97";"648,5";"56,49";"169,48";"8,55";"817,99";"65,04";"86,88";"4,27";"67,89";"9,97";"2800,67";"146,8";"482,67";"246,33";"22,67";"88,0";"5,0";"334,33";"27,67";"32,33";"1,67";"22,0";"3,33";"0,0";"0,0";"13,0";"3353,67";"145,5";"580,33";"209,0";"17,0";"31,0";"1,0";"240,0";"18,0";"28,67";"1,33";"25,67";"3,67";"0,67";"0,0";"12,0";"4404,08";"146,8";"759,0";"387,36";"35,64";"138,38";"7,86";"525,74";"43,51";"50,84";"2,62";"34,6";"5,24";"0,0";"0,0";"20,44";"4364,86";"145,5";"755,31";"272,02";"22,13";"40,35";"1,3";"312,36";"23,43";"37,31";"1,74";"33,41";"4,77";"0,87";"0,0";"15,62";"0,0";"0,95";"35,61"
"Theodoros Tsirigotis";"T. Tsirigotis";"132655";"2000-06-23";"Turun Palloseura";"5208";"FIN - Veikkausliiga";"323";"2026/2026";"130";"Center Forward";"91,92";"46,83";"21,26";"25,57";"8";"0";"10080,0";"109,66";"1435,0";"589,12";"58,75";"169,75";"11,62";"758,88";"70,38";"29,18";"29,92";"104,25";"10,0";"86,38";"17,75";"6,38";"0,62";"0,71";"1,5";"1,4";"1,55";"45,38";"1,9";"2,75";"9869,36";"109,66";"1405,01";"576,81";"57,52";"166,2";"11,38";"743,02";"68,9";"102,07";"9,79";"84,57";"17,38";"6,24";"1,47";"44,43";"8617,99";"143,63";"1624,13";"699,79";"66,63";"193,81";"12,17";"893,59";"78,8";"92,74";"7,05";"71,12";"13,93";"3004,0";"141,32";"526,25";"232,75";"23,38";"91,88";"4,38";"324,62";"27,75";"34,88";"2,5";"22,62";"3,62";"2,0";"0,88";"16,62";"3721,62";"145,55";"741,25";"313,38";"28,62";"59,38";"5,12";"372,75";"33,75";"37,5";"3,0";"32,88";"7,25";"1,62";"0,12";"24,38";"4239,69";"141,32";"742,72";"328,49";"32,99";"129,67";"6,17";"458,16";"39,16";"49,22";"3,53";"31,93";"5,12";"2,82";"1,23";"23,46";"4366,61";"145,55";"869,71";"367,69";"33,59";"69,67";"6,01";"437,35";"39,6";"44,0";"3,52";"38,57";"8,51";"1,91";"0,15";"28,6";"1,28";"4,64";"52,54"
"Jesper Svenungsen Skau";"J. Skau";"140984";"2003-05-19";"FF Jaro";"5282";"FIN - Veikkausliiga";"323";"2026/2026";"130";"Central Defender";"97,38";"56,89";"25,71";"31,19";"3";"0";"10905,33";"111,98";"1350,33";"423,33";"36,67";"102,0";"6,33";"525,33";"43,0";"27,67";"27,67";"119,0";"5,0";"96,0";"10,33";"4,67";"0,94";"null";"2,0";"null";"null";"22,33";"null";"3,47";"10078,52";"111,98";"1247,95";"391,24";"33,89";"94,27";"5,85";"485,5";"39,74";"109,98";"4,62";"88,72";"9,55";"4,31";"1,85";"20,64";"8428,24";"140,47";"1259,88";"400,74";"34,45";"98,78";"5,62";"499,52";"40,07";"89,64";"3,52";"69,6";"6,68";"3501,33";"136,21";"466,33";"119,33";"11,0";"46,0";"1,67";"165,33";"12,67";"31,33";"1,0";"27,0";"2,67";"0,33";"0,33";"6,0";"4490,67";"143,98";"728,33";"260,67";"21,67";"47,67";"3,67";"308,33";"25,33";"53,67";"2,33";"39,0";"3,67";"2,33";"1,0";"15,0";"4086,28";"136,21";"544,24";"139,27";"12,84";"53,68";"1,95";"192,95";"14,78";"36,57";"1,17";"31,51";"3,11";"0,39";"0,39";"7,0";"4319,49";"143,98";"700,57";"250,73";"20,84";"45,85";"3,53";"296,58";"24,37";"51,62";"2,24";"37,51";"3,53";"2,24";"0,96";"14,43";"1,41";"2,81";"22,15"
"Jesper Svenungsen Skau";"J. Skau";"140984";"2003-05-19";"FF Jaro";"5282";"FIN - Veikkausliiga";"323";"2026/2026";"130";"Midfield";"96,2";"56,74";"26,32";"30,42";"7";"0";"11772,57";"122,37";"1932,29";"553,0";"45,86";"90,0";"5,29";"643,0";"51,14";"26,7";"27,26";"121,86";"5,14";"104,29";"11,71";"3,29";"0,63";"0,9";"0,57";"1,41";"null";"29,29";"2,15";"2,9";"11013,57";"122,37";"1807,71";"517,35";"42,9";"84,2";"4,94";"601,54";"47,85";"114,0";"4,81";"97,56";"10,96";"3,07";"0,53";"27,4";"9293,47";"154,89";"1866,25";"552,94";"43,66";"89,29";"4,38";"642,23";"48,04";"95,03";"3,17";"73,73";"7,4";"3952,57";"150,18";"740,0";"139,86";"11,43";"20,14";"0,86";"160,0";"12,29";"40,86";"1,29";"30,57";"2,71";"0,71";"0,14";"8,86";"4835,29";"158,97";"1024,71";"383,0";"29,86";"64,29";"3,29";"447,29";"33,14";"49,0";"1,71";"39,14";"4,29";"1,14";"0,14";"18,14";"4505,37";"150,18";"843,5";"159,42";"13,03";"22,96";"0,98";"182,38";"14,0";"46,57";"1,47";"34,85";"3,09";"0,81";"0,16";"10,1";"4769,05";"158,97";"1010,68";"377,75";"29,45";"63,41";"3,24";"441,16";"32,69";"48,33";"1,69";"38,61";"4,23";"1,13";"0,14";"17,89";"0,3";"1,96";"28,55"
"Erik Andersson";"E. Andersson";"153796";"1997-05-03";"FC Lahti";"539";"FIN - Veikkausliiga";"323";"2026/2026";"130";"Midfield";"68,7";"36,67";"19,24";"17,43";"8";"0";"8408,12";"122,39";"1534,25";"468,75";"39,25";"71,75";"4,88";"540,5";"44,12";"26,38";"26,78";"89,88";"3,38";"80,75";"10,38";"1,62";"0,76";"0,82";"0,25";"null";"null";"28,5";"2,14";"2,73";"11015,01";"122,39";"2009,93";"614,08";"51,42";"94,0";"6,39";"708,08";"57,81";"117,74";"4,42";"105,79";"13,59";"2,13";"0,33";"37,34";"9720,61";"162,01";"2236,91";"706,7";"59,11";"106,57";"5,32";"813,27";"64,43";"99,0";"2,86";"80,18";"9,41";"3082,12";"160,21";"714,12";"223,12";"19,5";"47,12";"2,0";"270,25";"21,5";"29,62";"1,12";"23,62";"2,75";"0,38";"0,0";"11,38";"2858,25";"163,99";"652,88";"208,75";"16,62";"18,0";"1,25";"226,75";"17,88";"30,88";"0,62";"25,38";"3,0";"0,38";"0,0";"14,12";"4806,43";"160,21";"1113,65";"347,95";"30,41";"73,49";"3,12";"421,44";"33,53";"46,2";"1,75";"36,84";"4,29";"0,58";"0,0";"17,74";"4919,77";"163,99";"1123,76";"359,31";"28,62";"30,98";"2,15";"390,29";"30,77";"53,14";"1,08";"43,68";"5,16";"0,65";"0,0";"24,31";"0,0";"1,23";"41,73"
"Martim Augusto Ferreira";"Martim Ferreira";"154059";"2003-10-04";"FC Lahti";"539";"FIN - Veikkausliiga";"323";"2026/2026";"130";"Wide Attacker";"82,28";"43,1";"22,12";"20,98";"7";"0";"10349,43";"125,79";"1946,57";"831,43";"72,14";"201,29";"12,14";"1032,71";"84,29";"28,1";"28,52";"117,43";"8,43";"92,57";"19,29";"6,0";"0,66";"0,81";"2,14";"1,38";"1,82";"56,14";"1,96";"2,87";"11320,67";"125,79";"2129,25";"909,45";"78,91";"220,18";"13,28";"1129,63";"92,2";"128,45";"9,22";"101,26";"21,1";"6,56";"2,34";"61,41";"9720,78";"162,01";"2286,91";"1006,64";"88,49";"251,36";"13,32";"1258,0";"101,82";"107,39";"6,76";"75,17";"14,91";"3549,0";"160,45";"792,71";"405,43";"35,29";"105,29";"5,86";"510,71";"41,14";"38,86";"2,57";"25,29";"5,29";"1,71";"1,0";"24,71";"3434,14";"163,66";"850,14";"317,71";"28,29";"75,29";"3,71";"393,0";"32,0";"38,29";"2,29";"28,71";"5,43";"1,71";"0,71";"26,0";"4813,5";"160,45";"1075,16";"549,88";"47,86";"142,8";"7,94";"692,68";"55,8";"52,7";"3,49";"34,29";"7,17";"2,33";"1,36";"33,52";"4909,82";"163,66";"1215,45";"454,24";"40,44";"107,64";"5,31";"561,87";"45,75";"54,74";"3,27";"41,05";"7,76";"2,45";"1,02";"37,17";"2,39";"4,77";"70,6"
"José Müller";"José Müller";"154105";"2003-02-22";"FC Lahti";"539";"FIN - Veikkausliiga";"323";"2026/2026";"130";"Central Defender";"97,75";"51,07";"26,73";"24,34";"8";"0";"10188,12";"104,22";"1346,5";"396,38";"32,25";"106,12";"4,38";"502,5";"36,62";"28,05";"28,76";"108,5";"5,5";"85,0";"10,25";"2,0";"0,72";"0,78";"0,75";"1,45";"null";"23,62";"1,9";"2,95";"9380,17";"104,22";"1239,72";"364,94";"29,69";"97,71";"4,03";"462,65";"33,72";"99,9";"5,06";"78,26";"9,44";"1,84";"0,69";"21,75";"8108,59";"135,14";"1305,1";"391,22";"32,01";"96,04";"3,38";"487,26";"35,39";"86,79";"4,11";"66,67";"6,31";"3494,5";"130,74";"519,88";"111,25";"8,75";"25,5";"0,88";"136,75";"9,62";"34,0";"1,5";"27,75";"2,38";"0,25";"0,12";"7,25";"3407,38";"139,98";"591,0";"221,75";"18,5";"56,25";"2,0";"278,0";"20,5";"39,88";"2,0";"29,0";"3,0";"1,0";"0,25";"12,88";"3922,12";"130,74";"583,49";"124,86";"9,82";"28,62";"0,98";"153,48";"10,8";"38,16";"1,68";"31,15";"2,67";"0,28";"0,14";"8,14";"4199,44";"139,98";"728,38";"273,3";"22,8";"69,33";"2,46";"342,62";"25,27";"49,14";"2,46";"35,74";"3,7";"1,23";"0,31";"15,87";"0,44";"1,47";"23,64"
"Gabriel Oksanen";"G. Oksanen";"158843";"2006-09-22";"Seinäjoen Jalkapallokerho";"2507";"FIN - Veikkausliiga";"323";"2025/2025";"128";"Full Back";"97,28";"53,69";"28,5";"25,18";"4";"0";"11310,5";"116,27";"1670,25";"693,0";"68,5";"316,25";"18,25";"1009,25";"86,75";"29,98";"29,98";"117,75";"9,25";"97,25";"22,25";"6,5";"0,74";"null";"4,0";"1,36";"null";"40,75";"2,23";"3,01";"10464,61";"116,27";"1545,34";"641,17";"63,38";"292,6";"16,89";"933,77";"80,26";"108,94";"8,56";"89,98";"20,59";"6,01";"3,7";"37,7";"8909,62";"148,49";"1640,33";"720,56";"68,17";"325,22";"17,6";"1045,77";"85,77";"89,97";"6,43";"65,66";"12,85";"4167,75";"146,22";"786,0";"306,0";"25,5";"98,25";"5,5";"404,25";"31,0";"35,25";"2,75";"28,0";"4,75";"1,25";"0,5";"13,75";"3804,5";"151,07";"681,75";"338,75";"35,5";"192,75";"10,25";"531,5";"45,75";"45,25";"3,0";"30,75";"6,75";"2,5";"1,75";"22,75";"4386,46";"146,22";"827,25";"322,06";"26,84";"103,41";"5,79";"425,46";"32,63";"37,1";"2,89";"29,47";"5,0";"1,32";"0,53";"14,47";"4532,16";"151,07";"812,14";"403,54";"42,29";"229,62";"12,21";"633,16";"54,5";"53,9";"3,57";"36,63";"8,04";"2,98";"2,08";"27,1";"2,51";"4,19";"40,79"
"Didrik Hafstad";"D. Hafstad";"160191";"2003-12-26";"IF Gnistan";"5281";"FIN - Veikkausliiga";"323";"2025/2025";"128";"Center Forward";"41,26";"20,61";"11,54";"9,06";"3";"1";"4868,67";"118,01";"851,0";"304,0";"31,67";"128,67";"7,0";"432,67";"38,67";"29,87";"29,87";"56,67";"4,33";"49,67";"6,0";"3,0";"0,86";"0,88";"1,33";"null";"null";"26,0";"2,25";"3,28";"10621,12";"118,01";"1856,48";"663,18";"69,08";"280,69";"15,27";"943,87";"84,35";"123,62";"9,45";"108,35";"13,09";"6,54";"2,91";"56,72";"9578,97";"159,65";"2203,29";"802,7";"83,47";"337,77";"17,47";"1140,47";"100,94";"105,8";"4,85";"84,44";"9,71";"1781,0";"154,27";"363,33";"174,33";"19,0";"84,0";"4,33";"258,33";"23,33";"22,0";"1,0";"17,0";"2,33";"1,0";"0,0";"11,67";"1508,67";"166,5";"393,33";"101,33";"9,67";"32,0";"1,67";"133,33";"11,33";"14,33";"0,67";"12,0";"1,0";"0,0";"0,0";"10,33";"4628,2";"154,27";"944,18";"453,03";"49,37";"218,29";"11,26";"671,32";"60,64";"57,17";"2,6";"44,18";"6,06";"2,6";"0,0";"30,32";"4994,97";"166,5";"1302,27";"335,5";"32,0";"105,95";"5,52";"441,45";"37,52";"47,46";"2,21";"39,73";"3,31";"0,0";"0,0";"34,21";"0,0";"2,91";"64,06"
"Didrik Hafstad";"D. Hafstad";"160191";"2003-12-26";"IF Gnistan";"5281";"FIN - Veikkausliiga";"323";"2025/2025";"128";"Wide Attacker";"55,53";"30,55";"12,85";"17,71";"9";"0";"7064,22";"127,22";"1212,22";"512,22";"49,22";"159,44";"9,22";"671,67";"58,44";"28,72";"30,02";"73,78";"4,44";"62,78";"10,33";"2,44";"0,71";"0,93";"0,44";"1,46";"null";"34,0";"1,94";"2,6";"11449,38";"127,22";"1964,72";"830,19";"79,78";"258,42";"14,95";"1088,61";"94,72";"119,58";"7,2";"101,75";"16,75";"3,96";"0,72";"55,11";"9665,82";"161,1";"2058,23";"912,49";"87,06";"292,6";"15,71";"1205,09";"102,77";"99,93";"6,11";"76,59";"10,91";"2055,89";"160,04";"423,89";"228,11";"21,89";"91,11";"4,89";"319,22";"26,78";"22,44";"1,44";"14,44";"2,56";"0,56";"0,0";"14,11";"2866,22";"161,87";"624,22";"236,56";"22,44";"57,89";"3,11";"294,44";"25,56";"28,44";"1,67";"24,56";"3,0";"0,89";"0,22";"16,22";"4801,12";"160,04";"989,91";"532,71";"51,12";"212,77";"11,42";"745,48";"62,53";"52,41";"3,37";"33,73";"5,97";"1,3";"0,0";"32,95";"4855,97";"161,87";"1057,56";"400,77";"38,03";"98,08";"5,27";"498,85";"43,3";"48,19";"2,82";"41,6";"5,08";"1,51";"0,38";"27,48";"0,44";"2,84";"59,57"
"Miska Ylitolva";"M. Ylitolva";"163252";"2004-05-23";"HJK Helsinki";"429";"FIN - Veikkausliiga";"323";"2025/2025";"128";"Full Back";"91,53";"53,73";"29,75";"23,98";"22";"2";"11041,82";"120,63";"1762,82";"758,23";"72,59";"278,55";"15,73";"1036,77";"88,32";"29,2";"30,48";"120,23";"8,36";"103,91";"18,09";"6,23";"0,6";"0,68";"2,0";"1,2";"1,21";"44,23";"1,84";"2,7";"10856,85";"120,63";"1733,29";"745,53";"71,37";"273,88";"15,46";"1019,41";"86,84";"118,21";"8,22";"102,17";"17,79";"6,12";"1,97";"43,49";"8977,21";"149,62";"1709,7";"776,08";"73,24";"288,91";"15,84";"1064,99";"89,08";"99,38";"6,5";"73,8";"11,88";"4345,14";"146,06";"817,14";"341,5";"32,77";"144,59";"7,55";"486,09";"40,32";"46,32";"3,27";"35,18";"5,36";"2,36";"0,95";"16,91";"3694,23";"154,03";"713,95";"353,5";"32,82";"114,14";"6,64";"467,64";"39,45";"42,68";"2,55";"30,91";"5,27";"1,68";"0,59";"23,59";"4381,87";"146,06";"824,05";"344,39";"33,05";"145,81";"7,61";"490,2";"40,66";"46,71";"3,3";"35,48";"5,41";"2,38";"0,96";"17,05";"4620,99";"154,03";"893,06";"442,18";"41,05";"142,77";"8,3";"584,95";"49,35";"53,39";"3,18";"38,66";"6,6";"2,1";"0,74";"29,51";"1,73";"4,52";"45,22"
"Miska Ylitolva";"M. Ylitolva";"163252";"2004-05-23";"HJK Helsinki";"429";"FIN - Veikkausliiga";"323";"2026/2026";"130";"Full Back";"89,2";"50,66";"28,54";"22,13";"7";"0";"10801,43";"121,09";"1716,57";"678,43";"68,71";"264,43";"16,43";"942,86";"85,14";"29,27";"29,78";"114,14";"8,86";"99,71";"19,0";"5,57";"0,67";"0,74";"2,14";"1,33";"1,45";"45,71";"2,08";"2,87";"10897,72";"121,09";"1731,87";"684,48";"69,33";"266,79";"16,58";"951,26";"85,9";"115,16";"8,94";"100,6";"19,17";"5,62";"2,16";"46,12";"9278,73";"154,65";"1781,81";"753,19";"72,92";"274,41";"17,43";"1027,6";"90,34";"102,35";"7,78";"76,47";"13,37";"4383,43";"153,6";"832,0";"352,0";"36,14";"177,71";"10,29";"529,71";"46,43";"46,71";"4,29";"34,29";"7,14";"2,86";"1,43";"20,57";"3451,57";"155,99";"672,57";"284,0";"25,43";"54,0";"4,43";"338,0";"29,86";"39,71";"2,29";"30,29";"4,14";"1,43";"0,14";"20,86";"4607,98";"153,6";"874,62";"370,03";"37,99";"186,82";"10,81";"556,85";"48,81";"49,11";"4,51";"36,04";"7,51";"3,0";"1,5";"21,63";"4679,85";"155,99";"911,91";"385,06";"34,48";"73,22";"6,0";"458,28";"40,48";"53,85";"3,1";"41,06";"5,62";"1,94";"0,19";"28,28";"1,86";"5,08";"49,06"
"Babacar Fati";"Babacar Fati";"166682";"2000-02-01";"Seinäjoen Jalkapallokerho";"2507";"FIN - Veikkausliiga";"323";"2025/2025";"128";"Full Back";"88,4";"48,82";"24,05";"24,77";"28";"1";"9399,07";"106,32";"1183,36";"542,07";"58,93";"305,14";"14,96";"847,21";"73,89";"31,91";"33,66";"101,36";"9,46";"87,93";"17,11";"7,61";"0,55";"0,59";"3,0";"1,02";"1,12";"28,71";"1,95";"2,62";"9568,87";"106,32";"1204,73";"551,86";"59,99";"310,66";"15,23";"862,52";"75,23";"103,19";"9,64";"89,52";"17,42";"7,74";"3,05";"29,23";"7978,16";"132,97";"1248,26";"595,06";"62,1";"340,1";"15,32";"935,16";"77,42";"91,2";"7,64";"68,12";"11,41";"3011,57";"125,23";"420,68";"203,57";"21,79";"131,96";"5,14";"335,54";"26,93";"31,46";"3,04";"24,25";"4,25";"2,43";"0,89";"9,18";"3480,5";"140,48";"595,07";"280,64";"28,75";"144,79";"7,32";"425,43";"36,07";"42,75";"3,18";"31,18";"5,04";"2,36";"1,0";"17,11";"3756,82";"125,23";"524,78";"253,95";"27,18";"164,62";"6,42";"418,57";"33,59";"39,25";"3,79";"30,25";"5,3";"3,03";"1,11";"11,45";"4214,53";"140,48";"720,57";"339,83";"34,81";"175,32";"8,87";"515,15";"43,68";"51,77";"3,85";"37,75";"6,1";"2,85";"1,21";"20,72";"2,33";"5,88";"32,3"
"Christian Dimitri Legbo Ouguehi";"D. Legbo";"170788";"2001-08-30";"FC Inter Turku";"1769";"FIN - Veikkausliiga";"323";"2025/2025";"128";"Wide Attacker";"80,18";"46,48";"25,31";"21,17";"27";"0";"9347,85";"116,58";"1409,59";"725,78";"70,07";"265,22";"14,74";"991,0";"84,81";"30,0";"31,6";"105,48";"10,85";"86,7";"21,7";"8,63";"0,56";"0,57";"2,85";"1,04";"1,08";"39,96";"1,91";"2,55";"10492,29";"116,58";"1582,17";"814,63";"78,65";"297,69";"16,55";"1112,33";"95,2";"118,4";"12,18";"97,32";"24,36";"9,69";"3,2";"44,86";"8777,77";"146,3";"1628,21";"866,36";"81,71";"319,53";"16,73";"1185,9";"98,45";"99,88";"9,04";"73,73";"16,97";"3541,26";"139,93";"597,48";"345,56";"34,96";"169,52";"8,59";"515,07";"43,56";"41,37";"4,41";"28,07";"6,41";"3,67";"1,48";"20,0";"3258,26";"153,91";"663,78";"325,56";"28,33";"78,0";"4,37";"403,56";"32,7";"36,0";"2,59";"29,04";"6,74";"1,74";"0,33";"17,07";"4197,79";"139,93";"708,25";"409,62";"41,44";"200,95";"10,19";"610,57";"51,63";"49,04";"5,22";"33,28";"7,6";"4,35";"1,76";"23,71";"4617,33";"153,91";"940,65";"461,35";"40,15";"110,54";"6,19";"571,89";"46,34";"51,02";"3,67";"41,15";"9,55";"2,47";"0,47";"24,2";"2,34";"6,98";"47,86"
"Pontus Lindgren";"P. Lindgren";"170829";"2000-12-13";"IFK Mariehamn";"5280";"FIN - Veikkausliiga";"323";"2025/2025";"128";"Central Defender";"94,49";"53,81";"22,95";"30,86";"14";"3";"10115,43";"107,05";"1262,93";"399,14";"39,57";"128,5";"7,14";"527,64";"46,71";"29,16";"31,08";"107,64";"5,43";"86,86";"8,79";"3,93";"0,63";"0,65";"0,79";"1,26";"1,51";"21,36";"2,03";"2,95";"9634,35";"107,05";"1202,86";"380,16";"37,69";"122,39";"6,8";"502,55";"44,49";"102,52";"5,17";"82,73";"8,37";"3,74";"0,75";"20,34";"7986,94";"133,12";"1196,81";"383,99";"38,15";"124,17";"5,81";"508,16";"43,97";"85,86";"3,9";"65,15";"6,05";"3087,36";"134,55";"457,0";"110,5";"11,07";"32,93";"1,57";"143,43";"12,64";"28,64";"1,43";"21,64";"2,21";"1,0";"0,0";"5,79";"4075,21";"132,05";"616,29";"233,86";"23,14";"78,43";"3,64";"312,29";"26,79";"48,36";"2,07";"36,79";"3,21";"1,07";"0,43";"13,0";"4036,39";"134,55";"597,48";"144,47";"14,47";"43,05";"2,05";"187,52";"16,53";"37,45";"1,87";"28,3";"2,89";"1,31";"0,0";"7,56";"3961,56";"132,05";"599,1";"227,33";"22,5";"76,24";"3,54";"303,58";"26,04";"47,01";"2,01";"35,76";"3,12";"1,04";"0,42";"12,64";"0,48";"2,31";"20,95"
"Pontus Lindgren";"P. Lindgren";"170829";"2000-12-13";"IFK Mariehamn";"5280";"FIN - Veikkausliiga";"323";"2026/2026";"130";"Central Defender";"97,25";"54,68";"26,05";"28,63";"6";"0";"11107,83";"114,22";"1606,83";"515,33";"50,33";"203,33";"10,5";"718,67";"60,83";"28,77";"29,3";"116,0";"6,67";"96,33";"11,67";"4,5";"0,6";"0,67";"2,0";"1,12";"1,21";"29,67";"2,16";"null";"10279,45";"114,22";"1487,0";"476,9";"46,58";"188,17";"9,72";"665,07";"56,3";"107,35";"6,17";"89,15";"10,8";"4,16";"1,85";"27,45";"8720,1";"145,34";"1519,37";"493,96";"49,01";"167,7";"9,33";"661,66";"58,34";"92,9";"4,39";"71,87";"7,13";"3643,0";"139,85";"581,67";"130,83";"12,17";"24,17";"1,5";"155,0";"13,67";"33,83";"1,33";"27,67";"2,5";"0,83";"0,17";"7,33";"4304,0";"150,33";"803,0";"319,33";"32,5";"128,67";"7,0";"448,0";"39,5";"50,83";"2,67";"37,83";"4,0";"1,83";"1,0";"19,67";"4195,39";"139,85";"669,87";"150,67";"14,01";"27,83";"1,73";"178,5";"15,74";"38,96";"1,54";"31,86";"2,88";"0,96";"0,19";"8,45";"4509,87";"150,33";"841,41";"334,61";"34,05";"134,82";"7,33";"469,43";"41,39";"53,26";"2,79";"39,64";"4,19";"1,92";"1,05";"20,61";"1,28";"2,93";"29,63"
"Samuli Miettinen";"S. Miettinen";"170856";"2004-06-16";"Kuopio PS";"538";"FIN - Veikkausliiga";"323";"2025/2025";"128";"Central Defender";"91,48";"56,08";"30,3";"25,78";"16";"0";"9670,12";"105,71";"1028,44";"353,94";"32,38";"93,19";"5,5";"447,12";"37,88";"28,36";"29,9";"104,31";"3,62";"85,25";"7,62";"2,0";"0,71";"0,85";"0,81";"1,57";"null";"18,19";"2,4";"2,7";"9513,66";"105,71";"1011,8";"348,21";"31,85";"91,68";"5,41";"439,89";"37,26";"102,62";"3,57";"83,87";"7,5";"1,97";"0,8";"17,89";"7684,95";"128,08";"950,1";"343,65";"30,76";"90,61";"4,35";"434,26";"35,11";"79,51";"2,74";"63,33";"4,61";"3623,5";"119,6";"331,38";"57,06";"6,06";"16,5";"0,62";"73,56";"6,69";"31,19";"1,0";"27,69";"1,94";"0,38";"0,06";"4,75";"3559,12";"138,05";"556,62";"264,12";"22,69";"68,19";"3,44";"332,31";"26,12";"43,12";"1,56";"31,5";"2,38";"0,81";"0,38";"11,62";"3588,12";"119,6";"328,14";"56,51";"6,0";"16,34";"0,62";"72,84";"6,62";"30,88";"0,99";"27,42";"1,92";"0,37";"0,06";"4,7";"4141,36";"138,05";"647,68";"307,33";"26,4";"79,34";"4,0";"386,68";"30,4";"50,18";"1,82";"36,65";"2,76";"0,95";"0,44";"13,53";"0,47";"1,27";"17,52"
"Joshua Akpudje";"J. Akpudje";"170861";"1998-07-23";"Kotkan Työväen Palloilijat";"5279";"FIN - Veikkausliiga";"323";"2025/2025";"128";"Central Defender";"90,59";"46,47";"24,06";"22,4";"7";"0";"9627,29";"106,27";"1299,43";"445,71";"38,0";"150,86";"7,29";"596,57";"45,29";"29,74";"30,64";"101,86";"6,43";"82,57";"13,14";"4,0";"0,67";"0,71";"1,43";"1,31";"1,61";"24,57";"2,27";"2,81";"9564,53";"106,27";"1290,96";"442,81";"37,75";"149,87";"7,24";"592,68";"44,99";"101,19";"6,39";"82,03";"13,06";"3,97";"1,42";"24,41";"8288,84";"138,15";"1357,59";"492,68";"43,9";"165,64";"7,38";"658,32";"51,28";"90,2";"5,53";"66,03";"9,41";"3218,71";"133,75";"466,43";"121,71";"11,71";"47,43";"2,0";"169,14";"13,71";"29,29";"1,86";"23,29";"3,14";"0,86";"0,14";"6,14";"3200,86";"142,87";"585,0";"259,86";"22,29";"80,86";"3,71";"340,71";"26,0";"40,57";"2,43";"27,86";"4,14";"1,57";"0,86";"15,0";"4012,64";"133,75";"581,48";"151,74";"14,6";"59,13";"2,49";"210,86";"17,1";"36,51";"2,32";"29,03";"3,92";"1,07";"0,18";"7,66";"4285,95";"142,87";"783,32";"347,95";"29,84";"108,27";"4,97";"456,22";"34,81";"54,33";"3,25";"37,3";"5,55";"2,1";"1,15";"20,09";"1,29";"3,14";"27,3"
"Markus Arsalo";"M. Arsalo";"171994";"2002-10-21";"Seinäjoen Jalkapallokerho";"2507";"FIN - Veikkausliiga";"323";"2025/2025";"128";"Midfield";"87,04";"48,58";"23,68";"24,9";"28";"0";"10865,64";"124,83";"1901,64";"532,75";"43,79";"104,96";"5,89";"637,71";"49,68";"26,89";"29,08";"103,32";"4,07";"92,39";"9,86";"1,82";"0,6";"0,6";"0,36";"1,45";"1,62";"31,5";"1,88";"2,59";"11235,09";"124,83";"1966,3";"550,86";"45,27";"108,53";"6,09";"659,4";"51,37";"106,83";"4,21";"95,53";"10,19";"1,88";"0,37";"32,57";"9759,72";"162,66";"2139,58";"617,45";"49,45";"116,11";"5,87";"733,56";"55,32";"94,98";"2,96";"76,67";"8,03";"3738,25";"157,87";"802,0";"183,89";"14,79";"26,11";"1,21";"210,0";"16,0";"34,86";"1,39";"28,14";"2,32";"0,68";"0,11";"10,18";"4163,25";"167,22";"930,21";"316,0";"25,25";"67,89";"3,54";"383,89";"28,79";"42,04";"1,0";"33,93";"4,18";"0,29";"0,04";"19,04";"4736,13";"157,87";"1016,08";"232,98";"18,73";"33,08";"1,54";"266,06";"20,27";"44,16";"1,76";"35,66";"2,94";"0,86";"0,14";"12,9";"5016,56";"167,22";"1120,87";"380,77";"30,43";"81,81";"4,26";"462,58";"34,69";"50,65";"1,2";"40,88";"5,04";"0,34";"0,04";"22,94";"0,18";"1,19";"36,08"
"Markus Arsalo";"M. Arsalo";"171994";"2002-10-21";"Seinäjoen Jalkapallokerho";"2507";"FIN - Veikkausliiga";"323";"2026/2026";"130";"Midfield";"88,41";"50,15";"27,15";"23,0";"9";"0";"11161,0";"126,24";"1977,89";"546,67";"43,78";"86,11";"4,11";"632,78";"47,89";"26,22";"27,18";"102,56";"4,56";"91,0";"9,89";"1,67";"0,71";"0,81";"0,22";"null";"null";"33,78";"2,04";"2,88";"11361,58";"126,24";"2013,43";"556,49";"44,56";"87,66";"4,18";"644,15";"48,75";"104,4";"4,64";"92,64";"10,07";"1,7";"0,23";"34,38";"9798,94";"163,32";"2158,17";"613,58";"47,59";"85,74";"3,19";"699,32";"50,78";"91,98";"3,59";"72,05";"7,18";"4231,89";"155,85";"857,33";"172,0";"14,22";"17,56";"0,56";"189,56";"14,78";"37,78";"1,89";"31,56";"2,44";"0,56";"0,0";"13,89";"3959,0";"172,13";"946,67";"340,89";"25,56";"54,11";"2,11";"395,0";"27,67";"39,11";"1,11";"28,67";"3,56";"0,44";"0,11";"17,78";"4675,48";"155,85";"947,2";"190,03";"15,71";"19,4";"0,61";"209,43";"16,33";"41,74";"2,09";"34,86";"2,7";"0,61";"0,0";"15,34";"5163,91";"172,13";"1234,78";"444,64";"33,33";"70,58";"2,75";"515,22";"36,09";"51,01";"1,45";"37,39";"4,64";"0,58";"0,14";"23,19";"0,13";"1,2";"37,88"
"Jussi Niska";"J. Niska";"171995";"2002-08-15";"FC Inter Turku";"1769";"FIN - Veikkausliiga";"323";"2025/2025";"128";"Full Back";"91,08";"52,77";"28,61";"24,16";"26";"1";"10014,23";"109,94";"1307,38";"548,23";"55,08";"222,08";"11,54";"770,31";"66,62";"30,52";"32,22";"101,08";"6,62";"86,5";"12,54";"4,81";"0,57";"0,57";"1,23";"1,26";"1,38";"31,23";"2,05";"2,64";"9894,98";"109,94";"1291,82";"541,7";"54,42";"219,43";"11,4";"761,14";"65,82";"99,87";"6,54";"85,47";"12,39";"4,75";"1,22";"30,86";"8236,87";"137,28";"1318,12";"573,75";"56,67";"229,53";"11,68";"803,27";"68,35";"86,23";"5,38";"65,59";"8,75";"3797,62";"132,73";"598,0";"234,42";"22,27";"82,38";"4,35";"316,81";"26,62";"34,96";"2,58";"27,12";"3,5";"1,5";"0,27";"11,42";"3447,31";"142,67";"561,38";"270,23";"27,58";"119,5";"5,92";"389,73";"33,5";"40,88";"2,15";"30,58";"4,19";"1,54";"0,62";"17,5";"3982,0";"132,73";"627,03";"245,8";"23,35";"86,38";"4,56";"332,19";"27,91";"36,66";"2,7";"28,43";"3,67";"1,57";"0,28";"11,98";"4279,98";"142,67";"696,98";"335,5";"34,24";"148,36";"7,35";"483,87";"41,59";"50,76";"2,67";"37,96";"5,2";"1,91";"0,76";"21,73";"1,01";"3,45";"32,88"
"Jussi Niska";"J. Niska";"171995";"2002-08-15";"FC Inter Turku";"1769";"FIN - Veikkausliiga";"323";"2026/2026";"130";"Full Back";"92,0";"53,18";"31,07";"22,1";"10";"0";"10543,7";"114,6";"1510,9";"678,9";"67,0";"295,6";"15,4";"974,5";"82,4";"30,79";"32,28";"105,5";"7,2";"87,4";"14,0";"5,4";"0,58";"0,67";"2,1";"1,25";"1,37";"38,6";"1,96";"2,63";"10314,12";"114,6";"1478,0";"664,12";"65,54";"289,16";"15,06";"953,28";"80,61";"103,2";"7,04";"85,5";"13,7";"5,28";"2,05";"37,76";"8658,41";"144,31";"1518,1";"701,34";"68,49";"315,47";"15,91";"1016,81";"84,4";"88,12";"5,42";"63,52";"9,25";"4286,3";"137,93";"725,4";"324,3";"30,7";"138,0";"7,5";"462,3";"38,2";"39,4";"2,6";"31,8";"3,6";"2,1";"0,5";"15,5";"3387,7";"153,27";"620,1";"297,3";"30,0";"141,6";"6,6";"438,9";"36,6";"38,7";"2,2";"24,5";"4,6";"1,7";"0,8";"20,3";"4138,02";"137,93";"700,31";"313,08";"29,64";"133,23";"7,24";"446,31";"36,88";"38,04";"2,51";"30,7";"3,48";"2,03";"0,48";"14,96";"4597,99";"153,27";"841,64";"403,51";"40,72";"192,19";"8,96";"595,7";"49,68";"52,53";"2,99";"33,25";"6,24";"2,31";"1,09";"27,55";"1,47";"4,29";"40,39"
"Elias Mastokangas";"E. Mastokangas";"171999";"2001-02-01";"Seinäjoen Jalkapallokerho";"2507";"FIN - Veikkausliiga";"323";"2025/2025";"128";"Midfield";"63,68";"36,91";"15,64";"21,27";"5";"0";"8649,2";"135,82";"1855,4";"617,4";"58,4";"186,4";"11,0";"803,8";"69,4";"28,18";"28,18";"90,4";"2,6";"79,8";"11,4";"1,4";"0,87";"null";"0,6";"null";"null";"41,4";"2,03";"2,91";"12224,06";"135,82";"2622,27";"872,58";"82,54";"263,44";"15,55";"1136,02";"98,08";"127,76";"3,67";"112,78";"16,11";"1,98";"0,85";"58,51";"10615,66";"176,93";"2774,86";"953,89";"89,08";"278,3";"15,93";"1232,19";"105,01";"105,01";"2,28";"80,3";"11,7";"2709,6";"173,25";"656,0";"296,6";"26,8";"102,0";"5,8";"398,6";"32,6";"28,4";"0,8";"18,6";"2,8";"0,0";"0,0";"13,6";"3820,8";"179,63";"1051,0";"290,2";"28,0";"69,2";"4,0";"359,4";"32,0";"36,2";"0,6";"30,8";"4,4";"0,2";"0,0";"25,4";"5197,44";"173,25";"1258,31";"568,93";"51,41";"195,65";"11,13";"764,58";"62,53";"54,48";"1,53";"35,68";"5,37";"0,0";"0,0";"26,09";"5389,0";"179,63";"1482,37";"409,31";"39,49";"97,6";"5,64";"506,91";"45,13";"51,06";"0,85";"43,44";"6,21";"0,28";"0,0";"35,83";"0,0";"0,33";"63,4"
"Elias Mastokangas";"E. Mastokangas";"171999";"2001-02-01";"Seinäjoen Jalkapallokerho";"2507";"FIN - Veikkausliiga";"323";"2025/2025";"128";"Wide Attacker";"58,76";"33,35";"18,67";"14,68";"7";"0";"7639,0";"130,0";"1427,29";"536,43";"49,0";"181,57";"10,0";"718,0";"59,0";"28,9";"29,42";"81,0";"4,29";"70,14";"11,71";"2,86";"0,83";"0,89";"0,0";"null";"null";"30,57";"2,04";"2,94";"11700,4";"130,0";"2186,13";"821,63";"75,05";"278,11";"15,32";"1099,74";"90,37";"124,06";"6,56";"107,44";"17,94";"4,38";"0,0";"46,83";"9832,34";"163,87";"2287,94";"887,98";"78,13";"297,37";"15,68";"1185,35";"93,81";"105,12";"5,91";"81,22";"11,31";"2920,71";"156,47";"606,29";"267,71";"23,86";"91,86";"5,14";"359,57";"29,0";"35,29";"2,29";"24,43";"3,43";"1,43";"0,0";"15,0";"2544,43";"173,29";"665,43";"225,86";"19,57";"73,43";"3,57";"299,29";"23,14";"23,14";"1,0";"20,71";"2,86";"0,29";"0,0";"13,43";"4694,01";"156,47";"974,39";"430,26";"38,34";"147,63";"8,27";"577,88";"46,61";"56,71";"3,67";"39,26";"5,51";"2,3";"0,0";"24,11";"5198,61";"173,29";"1359,56";"461,46";"39,99";"150,02";"7,3";"611,48";"47,28";"47,28";"2,04";"42,32";"5,84";"0,58";"0,0";"27,44";"0,0";"3,08";"51,15"
"Elias Mastokangas";"E. Mastokangas";"171999";"2001-02-01";"Seinäjoen Jalkapallokerho";"2507";"FIN - Veikkausliiga";"323";"2026/2026";"130";"Wide Attacker";"47,52";"27,69";"16,2";"11,5";"4";"0";"6302,75";"132,64";"1201,5";"505,5";"36,0";"69,25";"4,25";"574,75";"40,25";"28,18";"28,18";"66,0";"3,75";"54,25";"10,0";"3,25";"0,78";"0,78";"1,5";"null";"null";"27,75";"2,27";"3,13";"11937,86";"132,64";"2275,73";"957,45";"68,19";"131,16";"8,05";"1088,62";"76,24";"125,01";"7,1";"102,75";"18,94";"6,16";"2,84";"52,56";"9982,61";"166,38";"2361,18";"1006,98";"73,13";"135,42";"8,67";"1142,4";"81,79";"102,38";"5,96";"75,84";"13,0";"2651,25";"163,7";"598,5";"271,5";"19,0";"38,0";"2,5";"309,5";"21,5";"30,5";"1,75";"19,75";"4,0";"1,5";"0,75";"13,0";"1956,0";"170,15";"491,25";"193,25";"14,75";"24,5";"1,5";"217,75";"16,25";"16,75";"1,0";"15,25";"2,0";"0,25";"0,0";"12,75";"4910,99";"163,7";"1108,62";"502,91";"35,19";"70,39";"4,63";"573,3";"39,83";"56,5";"3,24";"36,58";"7,41";"2,78";"1,39";"24,08";"5104,46";"170,15";"1281,99";"504,31";"38,49";"63,94";"3,91";"568,25";"42,41";"43,71";"2,61";"39,8";"5,22";"0,65";"0,0";"33,27";"1,63";"3,79";"55,79"
"Luka Kuittinen";"L. Kuittinen";"172001";"2003-03-29";"FC Inter Turku";"1769";"FIN - Veikkausliiga";"323";"2025/2025";"128";"Central Defender";"97,87";"56,08";"29,72";"26,36";"27";"1";"9818,3";"100,32";"1096,33";"317,48";"30,41";"81,41";"4,37";"398,89";"34,78";"27,96";"30,38";"109,63";"5,19";"87,81";"9,22";"3,0";"0,66";"0,72";"0,48";"1,47";"1,52";"17,04";"2,2";"2,74";"9028,63";"100,32";"1008,16";"291,95";"27,96";"74,86";"4,02";"366,81";"31,98";"100,81";"4,77";"80,75";"8,48";"2,76";"0,44";"15,67";"7439,81";"124,0";"986,33";"297,3";"27,7";"72,16";"3,57";"369,46";"31,26";"84,32";"3,84";"65,14";"5,94";"3460,96";"116,46";"384,63";"72,63";"6,85";"14,15";"0,81";"86,78";"7,67";"33,48";"1,63";"27,44";"2,11";"0,52";"0,0";"3,81";"3493,04";"132,5";"537,3";"205,26";"19,04";"53,3";"2,52";"258,56";"21,56";"45,33";"1,96";"33,44";"3,44";"1,37";"0,3";"11,59";"3493,67";"116,46";"388,26";"73,32";"6,92";"14,28";"0,82";"87,6";"7,74";"33,8";"1,65";"27,7";"2,13";"0,52";"0,0";"3,85";"3974,94";"132,5";"611,42";"233,58";"21,66";"60,65";"2,87";"294,23";"24,53";"51,59";"2,23";"38,06";"3,92";"1,56";"0,34";"13,19";"0,32";"2,02";"16,48"
"Luka Kuittinen";"L. Kuittinen";"172001";"2003-03-29";"FC Inter Turku";"1769";"FIN - Veikkausliiga";"323";"2026/2026";"130";"Central Defender";"90,46";"52,76";"31,93";"20,83";"8";"1";"9282,0";"102,61";"1134,62";"346,38";"33,12";"113,0";"5,62";"459,38";"38,75";"28,99";"29,96";"103,75";"5,12";"82,5";"8,75";"3,12";"0,76";"0,78";"0,62";"null";"null";"15,25";"2,23";"2,99";"9234,97";"102,61";"1128,88";"344,62";"32,96";"112,43";"5,6";"457,05";"38,55";"103,22";"5,1";"82,08";"8,71";"3,11";"0,62";"15,17";"7630,31";"127,17";"1106,13";"349,28";"33,69";"119,98";"5,12";"469,26";"38,81";"83,73";"3,98";"64,26";"5,97";"3791,5";"118,76";"481,62";"93,88";"9,5";"28,75";"1,12";"122,62";"10,62";"33,75";"1,25";"29,88";"1,88";"0,5";"0,25";"4,0";"2917,88";"140,06";"491,0";"213,25";"20,12";"76,75";"3,38";"290,0";"23,5";"39,88";"2,25";"26,62";"3,38";"1,75";"0,12";"10,12";"3562,88";"118,76";"452,58";"88,21";"8,93";"27,02";"1,06";"115,23";"9,98";"31,71";"1,17";"28,07";"1,76";"0,47";"0,23";"3,76";"4201,74";"140,06";"707,04";"307,08";"28,98";"110,52";"4,86";"417,6";"33,84";"57,42";"3,24";"38,34";"4,86";"2,52";"0,18";"14,58";"0,43";"2,56";"16,06"
"Pedro Justiniano Almeida Gomes";"Pedro Justiniano";"173120";"2000-04-18";"Vaasan Palloseura";"3603";"FIN - Veikkausliiga";"323";"2025/2025";"128";"Central Defender";"87,96";"45,18";"22,01";"23,17";"14";"1";"9028,36";"102,65";"1182,0";"380,29";"35,07";"125,14";"6,71";"505,43";"41,79";"29,41";"31,48";"98,21";"5,07";"79,14";"9,93";"2,71";"0,68";"0,81";"0,71";"1,35";"1,81";"20,79";"1,99";"3,07";"9238,17";"102,65";"1209,47";"389,12";"35,89";"128,05";"6,87";"517,17";"42,76";"100,5";"5,19";"80,98";"10,16";"2,78";"0,73";"21,27";"8150,44";"135,84";"1326,44";"448,19";"40,6";"148,64";"6,92";"596,82";"47,52";"91,25";"4,74";"69,05";"7,11";"2801,0";"127,26";"383,86";"91,79";"8,64";"29,57";"1,29";"121,36";"9,93";"27,0";"1,64";"20,71";"2,0";"0,86";"0,14";"4,57";"3336,57";"144,0";"615,0";"245,71";"21,93";"82,36";"3,93";"328,07";"25,86";"41,71";"1,93";"31,29";"3,36";"0,93";"0,36";"14,57";"3817,69";"127,26";"523,19";"125,1";"11,78";"40,31";"1,75";"165,41";"13,53";"36,8";"2,24";"28,23";"2,73";"1,17";"0,19";"6,23";"4319,85";"144,0";"796,24";"318,13";"28,39";"106,63";"5,09";"424,75";"33,48";"54,01";"2,5";"40,51";"4,35";"1,2";"0,46";"18,87";"0,66";"2,37";"25,42"
"Dion Krasniqi";"D. Krasniqi";"173359";"2003-08-24";"Kuopio PS";"538";"FIN - Veikkausliiga";"323";"2025/2025";"128";"Center Forward";"69,62";"47,59";"27,06";"20,54";"3";"0";"8753,67";"125,74";"1342,0";"553,0";"59,67";"187,0";"11,33";"740,0";"71,0";"28,47";"28,47";"107,33";"7,33";"85,0";"16,33";"7,0";"0,74";"0,82";"1,0";"1,84";"null";"40,33";"1,83";"null";"11316,69";"125,74";"1734,93";"714,92";"77,14";"241,75";"14,65";"956,67";"91,79";"138,76";"9,48";"109,89";"21,12";"9,05";"1,29";"52,14";"8664,04";"144,4";"1511,1";"639,99";"65,97";"214,31";"11,35";"854,3";"77,32";"107,58";"5,88";"80,26";"13,87";"3691,33";"136,44";"622,67";"254,0";"26,33";"101,0";"6,0";"355,0";"32,33";"50,0";"3,33";"37,0";"5,67";"3,33";"0,67";"17,67";"3181,33";"154,89";"576,0";"253,67";"26,0";"69,0";"3,0";"322,67";"29,0";"35,33";"1,33";"26,67";"5,33";"1,33";"0,0";"19,67";"4093,06";"136,44";"690,43";"281,64";"29,2";"111,99";"6,65";"393,63";"35,85";"55,44";"3,7";"41,03";"6,28";"3,7";"0,74";"19,59";"4646,79";"154,89";"841,33";"370,52";"37,98";"100,78";"4,38";"471,3";"42,36";"51,61";"1,95";"38,95";"7,79";"1,95";"0,0";"28,73";"0,84";"5,88";"47,06"
"Pyry Hannola";"P. Hannola";"176896";"2001-10-21";"Seinäjoen Jalkapallokerho";"2507";"FIN - Veikkausliiga";"323";"2025/2025";"128";"Midfield";"60,31";"31,79";"14,6";"17,19";"3";"0";"7666,67";"127,13";"1522,67";"586,33";"49,67";"155,33";"10,33";"741,67";"60,0";"28,9";"28,9";"72,33";"2,33";"61,0";"9,67";"1,67";"null";"null";"0,0";"null";"null";"27,67";"2,11";"2,98";"11441,73";"127,13";"2272,43";"875,04";"74,12";"231,82";"15,42";"1106,86";"89,54";"107,95";"3,48";"91,04";"14,43";"2,49";"0,0";"41,29";"10519,45";"175,32";"2655,18";"1041,69";"87,44";"276,78";"16,98";"1318,47";"104,42";"107,57";"3,77";"74,86";"11,32";"2589,0";"177,33";"686,67";"293,67";"26,0";"96,33";"6,33";"390,0";"32,33";"25,33";"1,33";"17,0";"3,33";"0,67";"0,0";"10,0";"2985,33";"173,62";"720,33";"258,33";"20,33";"50,33";"2,67";"308,67";"23,0";"31,67";"0,67";"22,67";"2,67";"0,0";"0,0";"16,33";"5319,86";"177,33";"1410,96";"603,42";"53,42";"197,95";"13,01";"801,37";"66,44";"52,05";"2,74";"34,93";"6,85";"1,37";"0,0";"20,55";"5208,66";"173,62";"1256,8";"450,73";"35,48";"87,82";"4,65";"538,55";"40,13";"55,25";"1,16";"39,55";"4,65";"0,0";"0,0";"28,5";"0,0";"1,26";"49,69"
"Matej Hradecky";"M. Hradecky";"176898";"1995-04-17";"Turun Palloseura";"5208";"FIN - Veikkausliiga";"323";"2026/2026";"130";"Central Defender";"98,79";"50,04";"22,43";"27,62";"9";"0";"10502,22";"106,31";"1373,33";"432,67";"38,33";"109,22";"6,33";"541,89";"44,67";"28,17";"29,16";"110,0";"5,89";"87,11";"10,89";"3,67";"0,64";"0,73";"0,22";"null";"null";"27,78";"2,23";"3,04";"9568,06";"106,31";"1251,18";"394,18";"34,92";"99,51";"5,77";"493,69";"40,69";"100,22";"5,37";"79,36";"9,92";"3,34";"0,2";"25,31";"8352,88";"139,21";"1374,03";"449,75";"40,37";"116,3";"5,99";"566,05";"46,36";"87,53";"4,93";"65,41";"7,06";"3098,11";"138,15";"513,11";"102,89";"9,33";"21,67";"1,33";"124,56";"10,67";"26,33";"1,78";"20,22";"2,0";"0,89";"0,0";"7,78";"3868,56";"140,08";"632,89";"272,22";"24,33";"75,33";"3,67";"347,56";"28,0";"46,67";"2,33";"34,33";"3,89";"1,22";"0,11";"17,78";"4144,46";"138,15";"686,41";"137,64";"12,49";"28,98";"1,78";"166,62";"14,27";"35,23";"2,38";"27,05";"2,68";"1,19";"0,0";"10,4";"4202,41";"140,08";"687,51";"295,72";"26,43";"81,83";"3,98";"377,55";"30,42";"50,69";"2,53";"37,3";"4,22";"1,33";"0,12";"19,31";"0,13";"2,53";"30,64"
"Tuomas Kaukua";"T. Kaukua";"176901";"2000-10-13";"AC Oulu";"5278";"FIN - Veikkausliiga";"323";"2025/2025";"128";"Center Forward";"86,49";"47,13";"24,12";"23,01";"3";"0";"10095,67";"116,72";"1356,33";"655,0";"63,0";"257,0";"14,0";"912,0";"77,0";"30,0";"30,0";"93,0";"7,0";"72,67";"18,67";"5,0";"0,84";"null";"2,67";"1,53";"null";"44,67";"1,89";"null";"10504,84";"116,72";"1411,3";"681,55";"65,55";"267,42";"14,57";"948,96";"80,12";"96,77";"7,28";"75,61";"19,42";"5,2";"2,77";"46,48";"8936,98";"148,95";"1498,05";"753,27";"73,42";"309,8";"16,55";"1063,07";"89,97";"87,42";"5,52";"59,84";"13,58";"3361,67";"139,39";"496,33";"286,33";"27,33";"136,67";"6,33";"423,0";"33,67";"39,0";"2,67";"25,67";"5,67";"2,0";"1,67";"20,0";"3658,0";"158,97";"680,33";"305,33";"30,33";"106,67";"6,67";"412,0";"37,0";"29,67";"1,67";"21,33";"5,0";"1,0";"0,33";"22,0";"4181,76";"139,39";"617,42";"356,19";"34,0";"170,01";"7,88";"526,19";"41,88";"48,51";"3,32";"31,93";"7,05";"2,49";"2,07";"24,88";"4769,0";"158,97";"886,96";"398,07";"39,55";"139,06";"8,69";"537,13";"48,24";"38,68";"2,17";"27,81";"6,52";"1,3";"0,43";"28,68";"2,55";"3,82";"53,47"
"Tuomas Kaukua";"T. Kaukua";"176901";"2000-10-13";"AC Oulu";"5278";"FIN - Veikkausliiga";"323";"2026/2026";"130";"Full Back";"95,08";"53,3";"25,41";"27,89";"8";"0";"10969,62";"115,37";"1555,75";"587,88";"54,88";"189,88";"10,38";"777,75";"65,25";"28,68";"29,54";"119,12";"6,62";"101,5";"18,0";"5,62";"0,7";"0,85";"1,62";"1,92";"null";"36,88";"2,03";"2,74";"10383,62";"115,37";"1472,64";"556,47";"51,94";"179,73";"9,82";"736,2";"61,76";"112,76";"6,27";"96,08";"17,04";"5,32";"1,54";"34,91";"8631,39";"143,86";"1515,4";"607,48";"54,6";"197,01";"9,57";"804,49";"64,17";"95,97";"4,93";"73,6";"11,12";"3652,88";"143,76";"643,88";"239,12";"22,12";"86,12";"4,12";"325,25";"26,25";"36,88";"2,25";"29,0";"4,75";"2,0";"0,5";"13,0";"4014,38";"143,95";"702,25";"300,5";"26,38";"88,88";"4,38";"389,38";"30,75";"48,38";"2,12";"36,38";"5,12";"1,5";"0,5";"21,25";"4312,65";"143,76";"760,17";"282,32";"26,12";"101,68";"4,87";"384,0";"30,99";"43,54";"2,66";"34,24";"5,61";"2,36";"0,59";"15,35";"4318,47";"143,95";"755,45";"323,26";"28,37";"95,61";"4,71";"418,87";"33,08";"52,04";"2,29";"39,13";"5,51";"1,61";"0,54";"22,86";"1,13";"3,94";"38,56"
"Tuomas Kaukua";"T. Kaukua";"176901";"2000-10-13";"AC Oulu";"5278";"FIN - Veikkausliiga";"323";"2025/2025";"128";"Wide Attacker";"83,45";"47,01";"24,83";"22,18";"12";"0";"9613,33";"115,2";"1333,5";"538,08";"57,25";"253,83";"13,08";"791,92";"70,33";"30,46";"31,6";"97,17";"6,17";"81,25";"17,25";"4,0";"0,67";"0,69";"1,42";"1,23";"1,58";"38,0";"1,95";"2,85";"10368,23";"115,2";"1438,21";"580,34";"61,75";"273,77";"14,11";"854,1";"75,86";"104,8";"6,65";"87,63";"18,6";"4,31";"1,53";"40,98";"8689,71";"144,83";"1548,63";"636,85";"67,75";"310,02";"14,68";"946,88";"82,42";"90,93";"5,42";"67,32";"12,44";"3451,08";"139,0";"576,92";"231,33";"25,5";"132,58";"5,67";"363,92";"31,17";"38,83";"2,58";"26,67";"3,92";"1,58";"0,58";"18,0";"3357,67";"151,35";"636,5";"267,67";"27,58";"110,33";"5,83";"378,0";"33,42";"32,42";"1,67";"26,08";"5,83";"0,92";"0,17";"17,83";"4170,03";"139,0";"697,1";"279,53";"30,81";"160,2";"6,85";"439,73";"37,66";"46,92";"3,12";"32,22";"4,73";"1,91";"0,7";"21,75";"4540,51";"151,35";"860,73";"361,96";"37,3";"149,2";"7,89";"511,16";"45,19";"43,84";"2,25";"35,27";"7,89";"1,24";"0,23";"24,12";"0,96";"3,19";"45,73"
"Valentín Román Gasc";"V. Gasc";"176905";"2000-10-09";"Seinäjoen Jalkapallokerho";"2507";"FIN - Veikkausliiga";"323";"2025/2025";"128";"Midfield";"84,48";"46,18";"22,88";"23,3";"28";"1";"10450,36";"123,7";"1913,21";"647,32";"53,61";"161,29";"8,61";"808,61";"62,21";"27,98";"30,58";"107,21";"4,25";"95,29";"14,79";"2,5";"0,61";"0,65";"0,86";"1,18";"1,2";"29,43";"1,92";"2,78";"11133,15";"123,7";"2038,22";"689,62";"57,11";"171,82";"9,17";"861,44";"66,28";"114,22";"4,53";"101,51";"15,75";"2,66";"0,91";"31,35";"9803,94";"163,4";"2252,27";"784,73";"63,48";"194,12";"9,56";"978,84";"73,04";"101,81";"3,85";"80,98";"10,81";"3609,82";"157,79";"798,57";"232,86";"19,39";"54,61";"2,71";"287,46";"22,11";"36,36";"1,29";"29,32";"3,21";"0,61";"0,36";"9,25";"3935,32";"168,91";"934,79";"371,07";"29,46";"94,79";"4,64";"465,86";"34,11";"42,0";"1,68";"33,0";"5,11";"0,82";"0,21";"18,14";"4733,58";"157,79";"1047,17";"305,35";"25,43";"71,61";"3,56";"376,95";"28,99";"47,68";"1,69";"38,45";"4,21";"0,8";"0,47";"12,13";"5067,33";"168,91";"1203,68";"477,81";"37,94";"122,05";"5,98";"599,86";"43,92";"54,08";"2,16";"42,49";"6,58";"1,06";"0,28";"23,36";"0,74";"1,86";"35,59"
"Valentín Román Gasc";"V. Gasc";"176905";"2000-10-09";"Kuopion Palloseura";"5912";"FIN - Veikkausliiga";"323";"2026/2026";"130";"Midfield";"92,09";"54,67";"31,67";"22,99";"9";"2";"11999,11";"130,3";"2197,33";"634,0";"51,44";"108,56";"6,22";"742,56";"57,67";"27,43";"28,48";"125,11";"4,33";"111,56";"14,0";"2,78";"0,72";"0,75";"0,44";"1,72";"null";"37,89";"1,96";"2,62";"11727,17";"130,3";"2147,53";"619,63";"50,28";"106,1";"6,08";"725,73";"56,36";"122,28";"4,24";"109,03";"13,68";"2,71";"0,43";"37,03";"9866,95";"164,45";"2212,56";"653,29";"52,2";"115,0";"5,37";"768,29";"57,56";"102,44";"3,66";"83,9";"9,88";"5054,33";"159,58";"1055,44";"214,67";"18,33";"33,33";"1,56";"248,0";"19,89";"49,56";"1,56";"43,0";"4,22";"0,89";"0,22";"15,78";"3935,56";"171,15";"960,44";"380,56";"29,22";"71,44";"3,33";"452,0";"32,56";"43,78";"1,78";"33,44";"4,78";"1,0";"0,11";"20,56";"4787,48";"159,58";"999,72";"203,33";"17,37";"31,57";"1,47";"234,91";"18,84";"46,94";"1,47";"40,73";"4,0";"0,84";"0,21";"14,94";"5134,57";"171,15";"1253,06";"496,5";"38,13";"93,21";"4,35";"589,71";"42,47";"57,12";"2,32";"43,63";"6,23";"1,3";"0,14";"26,82";"0,37";"2,07";"39,88"
"Ville Tikkanen";"V. Tikkanen";"176906";"1999-08-08";"HJK Helsinki";"429";"FIN - Veikkausliiga";"323";"2025/2025";"128";"Central Defender";"90,93";"52,5";"29,75";"22,75";"24";"2";"9806,08";"107,85";"1272,25";"416,75";"39,75";"134,92";"7,21";"551,67";"46,96";"28,93";"30,84";"106,17";"5,38";"85,25";"11,12";"3,42";"0,6";"0,61";"0,88";"1,21";"1,74";"19,75";"2,11";"2,74";"9706,1";"107,85";"1259,28";"412,5";"39,34";"133,54";"7,13";"546,04";"46,48";"105,08";"5,32";"84,38";"11,01";"3,38";"0,87";"19,55";"8067,01";"134,45";"1239,08";"420,01";"39,71";"135,42";"6,76";"555,42";"46,47";"86,42";"4,14";"67,14";"7,29";"3819,67";"128,37";"533,96";"127,0";"12,54";"33,08";"1,75";"160,08";"14,29";"35,83";"1,58";"30,42";"2,79";"0,71";"0,12";"6,79";"3239,62";"142,4";"550,33";"240,54";"22,21";"85,42";"4,17";"325,96";"26,38";"39,79";"2,04";"28,33";"3,58";"1,42";"0,5";"10,67";"3851,23";"128,37";"538,37";"128,05";"12,65";"33,36";"1,76";"161,41";"14,41";"36,13";"1,6";"30,67";"2,81";"0,71";"0,13";"6,85";"4271,9";"142,4";"725,69";"317,19";"29,28";"112,63";"5,49";"429,82";"34,78";"52,47";"2,69";"37,36";"4,73";"1,87";"0,66";"14,07";"0,71";"2,43";"19,95"
"Ville Tikkanen";"V. Tikkanen";"176906";"1999-08-08";"HJK Helsinki";"429";"FIN - Veikkausliiga";"323";"2026/2026";"130";"Central Defender";"98,59";"55,48";"30,77";"24,71";"9";"0";"10717,44";"108,71";"1445,11";"421,33";"41,33";"103,0";"7,33";"524,33";"48,67";"29,87";"30,78";"114,22";"6,11";"94,44";"10,67";"3,89";"0,65";"0,73";"0,89";"1,41";"null";"26,44";"2,14";"3,14";"9783,58";"108,71";"1319,19";"384,62";"37,73";"94,03";"6,69";"478,65";"44,43";"104,27";"5,58";"86,21";"9,74";"3,55";"0,81";"24,14";"8263,81";"137,73";"1354,37";"412,52";"39,29";"97,33";"6,13";"509,86";"45,42";"87,96";"3,97";"71,98";"6,85";"4054,0";"131,74";"612,56";"135,89";"13,67";"26,22";"1,67";"162,11";"15,33";"39,67";"1,44";"35,33";"3,22";"0,78";"0,0";"9,11";"3587,22";"145,19";"639,78";"245,56";"22,67";"63,78";"4,0";"309,33";"26,67";"41,67";"2,22";"31,22";"3,11";"1,33";"0,44";"14,33";"3952,27";"131,74";"597,18";"132,48";"13,32";"25,56";"1,62";"158,04";"14,95";"38,67";"1,41";"34,45";"3,14";"0,76";"0,0";"8,88";"4355,64";"145,19";"776,83";"298,16";"27,52";"77,44";"4,86";"375,6";"32,38";"50,59";"2,7";"37,91";"3,78";"1,62";"0,54";"17,4";"0,48";"2,28";"25,35"
"Tuomas Koivisto";"T. Koivisto";"176989";"2004-01-07";"Seinäjoen Jalkapallokerho";"2507";"FIN - Veikkausliiga";"323";"2025/2025";"128";"Central Defender";"58,26";"33,47";"16,63";"16,84";"3";"0";"6452,67";"110,75";"803,0";"320,67";"33,67";"185,67";"7,67";"506,33";"41,33";"31,4";"31,4";"63,67";"4,67";"54,67";"9,33";"4,0";"0,79";"0,87";"1,33";"null";"null";"17,67";"2,09";"null";"9967,88";"110,75";"1240,45";"495,36";"52,01";"286,81";"11,84";"782,17";"63,85";"98,35";"7,21";"84,45";"14,42";"6,18";"2,06";"27,29";"8292,43";"138,21";"1247,81";"519,32";"54,98";"308,37";"11,95";"827,69";"66,93";"80,68";"4,78";"62,15";"10,16";"2101,67";"126,39";"264,67";"64,0";"7,33";"30,33";"1,0";"94,33";"8,33";"17,67";"1,0";"15,0";"2,33";"0,67";"0,0";"4,33";"2523,67";"149,87";"431,33";"225,67";"23,33";"141,67";"5,67";"367,33";"29,0";"27,33";"1,67";"19,67";"3,33";"1,33";"0,67";"11,67";"3791,85";"126,39";"477,51";"115,47";"13,23";"54,73";"1,8";"170,2";"15,04";"31,87";"1,8";"27,06";"4,21";"1,2";"0,0";"7,82";"4496,14";"149,87";"768,46";"402,05";"41,57";"252,39";"10,1";"654,44";"51,67";"48,7";"2,97";"35,04";"5,94";"2,38";"1,19";"20,79";"1,2";"3,59";"28,69"
"Tuomas Koivisto";"T. Koivisto";"176989";"2004-01-07";"IFK Mariehamn";"5280";"FIN - Veikkausliiga";"323";"2026/2026";"130";"Central Defender";"98,05";"56,59";"26,7";"29,89";"5";"0";"10676,0";"108,89";"1317,0";"492,8";"40,8";"138,6";"7,0";"631,4";"47,8";"28,92";"28,92";"108,6";"5,2";"90,0";"11,4";"4,0";"0,68";"0,71";"1,4";"1,23";"null";"30,0";"2,2";"null";"9799,82";"108,89";"1208,91";"452,36";"37,45";"127,23";"6,43";"579,58";"43,88";"99,69";"4,77";"82,61";"10,46";"3,67";"1,29";"27,54";"8200,04";"136,67";"1231,81";"481,78";"40,08";"129,35";"7,0";"611,13";"47,08";"83,34";"3,82";"65,95";"6,79";"3402,8";"127,46";"388,4";"104,6";"10,0";"24,4";"1,2";"129,0";"11,2";"27,8";"1,4";"23,6";"2,6";"1,0";"0,0";"7,6";"4331,2";"144,89";"773,4";"349,8";"27,8";"97,6";"5,4";"447,4";"33,2";"50,8";"2,2";"38,6";"3,8";"1,4";"0,8";"19,8";"3823,85";"127,46";"436,46";"117,54";"11,24";"27,42";"1,35";"144,96";"12,59";"31,24";"1,57";"26,52";"2,92";"1,12";"0,0";"8,54";"4346,65";"144,89";"776,16";"351,05";"27,9";"97,95";"5,42";"449,0";"33,32";"50,98";"2,21";"38,74";"3,81";"1,4";"0,8";"19,87";"0,85";"2,54";"29,05"
"Maksim Stjopin";"M. Stjopin";"177143";"2003-04-08";"Tampereen Ilves";"591";"FIN - Veikkausliiga";"323";"2025/2025";"128";"Center Forward";"62,53";"34,35";"18,59";"15,76";"4";"0";"7789,0";"124,57";"1391,75";"462,25";"42,25";"92,75";"6,0";"555,0";"48,25";"27,27";"27,27";"80,0";"4,5";"67,25";"11,75";"3,5";"0,69";"0,74";"0,5";"null";"null";"39,25";"2,15";"2,8";"11210,93";"124,57";"2003,19";"665,33";"60,81";"133,5";"8,64";"798,83";"69,45";"115,15";"6,48";"96,79";"16,91";"5,04";"0,72";"56,49";"9721,96";"162,03";"2165,24";"747,51";"67,24";"158,06";"8,73";"905,57";"75,97";"100,86";"5,68";"78,16";"11,79";"2966,75";"159,57";"637,0";"235,0";"23,0";"56,25";"3,0";"291,25";"26,0";"33,5";"2,0";"25,25";"3,75";"1,5";"0,25";"19,5";"2599,75";"164,93";"602,75";"193,0";"15,5";"34,25";"2,0";"227,25";"17,5";"24,25";"1,25";"19,5";"3,0";"0,75";"0,25";"18,25";"4787,23";"159,57";"1027,88";"379,2";"37,11";"90,77";"4,84";"469,97";"41,95";"54,06";"3,23";"40,74";"6,05";"2,42";"0,4";"31,47";"4947,98";"164,93";"1147,18";"367,33";"29,5";"65,19";"3,81";"432,51";"33,31";"46,15";"2,38";"37,11";"5,71";"1,43";"0,48";"34,73";"0,87";"3,93";"65,93"
"Maksim Stjopin";"M. Stjopin";"177143";"2003-04-08";"Tampereen Ilves";"591";"FIN - Veikkausliiga";"323";"2025/2025";"128";"Midfield";"69,27";"40,19";"22,48";"17,71";"11";"0";"8926,09";"128,86";"1673,55";"584,27";"52,45";"117,73";"7,55";"702,0";"60,0";"27,39";"28,18";"85,91";"4,82";"77,18";"9,45";"3,55";"0,65";"0,73";"0,73";"1,4";"1,6";"44,45";"2,01";"2,69";"11597,14";"128,86";"2174,34";"759,11";"68,15";"152,96";"9,8";"912,07";"77,95";"111,62";"6,26";"100,28";"12,28";"4,61";"0,94";"57,76";"9937,05";"165,62";"2248,51";"809,08";"71,79";"164,07";"9,5";"973,15";"81,29";"96,76";"4,89";"75,86";"9,09";"3584,0";"159,4";"739,64";"299,91";"26,36";"60,18";"3,64";"360,09";"30,0";"34,91";"1,91";"26,0";"2,82";"1,45";"0,45";"18,45";"3072,82";"173,52";"766,64";"242,09";"21,73";"49,73";"2,73";"291,82";"24,45";"29,91";"1,36";"24,82";"3,27";"1,0";"0,0";"23,36";"4781,89";"159,4";"986,85";"400,15";"35,18";"80,3";"4,85";"480,44";"40,03";"46,58";"2,55";"34,69";"3,76";"1,94";"0,61";"24,62";"5205,49";"173,52";"1298,72";"410,11";"36,81";"84,24";"4,62";"494,35";"41,43";"50,67";"2,31";"42,04";"5,54";"1,69";"0,0";"39,58";"0,68";"3,66";"62,42"
"Maksim Stjopin";"M. Stjopin";"177143";"2003-04-08";"Tampereen Ilves";"591";"FIN - Veikkausliiga";"323";"2025/2025";"128";"Wide Attacker";"65,39";"40,63";"21,8";"18,84";"10";"0";"8317,1";"127,19";"1413,7";"512,1";"46,3";"146,2";"8,1";"658,3";"54,4";"28,22";"29,62";"81,5";"4,3";"68,5";"11,0";"3,2";"0,7";"0,75";"1,1";"1,27";"1,46";"44,5";"1,88";"2,64";"11447,3";"127,19";"1945,76";"704,83";"63,73";"201,22";"11,15";"906,06";"74,87";"112,17";"5,92";"94,28";"15,14";"4,4";"1,51";"61,25";"9310,47";"155,17";"1900,64";"701,87";"62,61";"203,49";"10,63";"905,35";"73,24";"91,26";"4,87";"69,99";"11,52";"3352,9";"153,84";"640,2";"267,3";"24,6";"85,2";"4,4";"352,5";"29,0";"35,6";"2,1";"24,4";"3,8";"1,6";"0,8";"22,6";"2952,1";"156,72";"646,9";"208,0";"17,8";"52,6";"2,8";"260,6";"20,6";"26,2";"1,2";"23,0";"4,0";"0,6";"0,0";"19,5";"4615,14";"153,84";"881,21";"367,93";"33,86";"117,27";"6,06";"485,2";"39,92";"49,0";"2,89";"33,59";"5,23";"2,2";"1,1";"31,11";"4701,63";"156,72";"1030,28";"331,27";"28,35";"83,77";"4,46";"415,04";"32,81";"41,73";"1,91";"36,63";"6,37";"0,96";"0,0";"31,06";"1,18";"3,25";"62,17"
"Maksim Stjopin";"M. Stjopin";"177143";"2003-04-08";"Tampereen Ilves";"591";"FIN - Veikkausliiga";"323";"2026/2026";"130";"Wide Attacker";"86,19";"54,18";"25,28";"28,9";"7";"1";"10941,0";"126,94";"1804,86";"667,29";"61,57";"168,43";"10,71";"835,71";"72,29";"28,91";"29,74";"104,71";"5,14";"89,71";"11,43";"3,29";"0,74";"0,82";"0,43";"null";"null";"56,29";"1,87";"2,86";"11424,26";"126,94";"1884,58";"696,76";"64,29";"175,87";"11,19";"872,63";"75,48";"109,34";"5,37";"93,68";"11,93";"3,43";"0,45";"58,77";"9323,9";"155,4";"1859,09";"704,28";"62,96";"176,07";"10,6";"880,34";"73,56";"91,75";"4,27";"72,93";"8,54";"3790,43";"149,92";"704,71";"288,43";"26,43";"90,14";"5,29";"378,57";"31,71";"37,86";"2,0";"28,71";"3,43";"1,57";"0,29";"21,57";"4629,57";"160,19";"974,14";"347,57";"30,43";"68,86";"4,29";"416,43";"34,71";"45,0";"1,86";"37,14";"4,29";"0,71";"0,0";"31,43";"4497,54";"149,92";"836,18";"342,24";"31,36";"106,96";"6,27";"449,19";"37,63";"44,92";"2,37";"34,07";"4,07";"1,86";"0,34";"25,6";"4805,78";"160,19";"1011,22";"360,8";"31,59";"71,48";"4,45";"432,28";"36,04";"46,71";"1,93";"38,56";"4,45";"0,74";"0,0";"32,62";"0,32";"2,53";"58,69"
"Oliver Isak Ferial Kass Kawo";"O. Kass Kawo";"206015";"2001-12-03";"FF Jaro";"5282";"FIN - Veikkausliiga";"323";"2026/2026";"130";"Midfield";"83,76";"49,77";"21,67";"28,1";"7";"0";"10601,71";"126,58";"1886,0";"516,0";"45,0";"88,43";"5,43";"604,43";"50,43";"27,04";"27,72";"117,57";"4,0";"103,71";"11,57";"2,0";"0,78";"0,78";"0,14";"null";"null";"44,57";"1,96";"2,64";"11391,92";"126,58";"2026,57";"554,46";"48,35";"95,02";"5,83";"649,48";"54,19";"126,33";"4,3";"111,44";"12,43";"2,15";"0,15";"47,89";"9617,17";"160,29";"2073,23";"584,01";"49,26";"98,51";"4,82";"682,52";"54,08";"106,09";"3,44";"83,7";"9,47";"3269,71";"150,91";"633,71";"153,0";"13,71";"30,0";"1,43";"183,0";"15,14";"33,43";"1,29";"25,0";"2,0";"0,57";"0,0";"12,71";"4707,57";"167,52";"1086,0";"331,43";"27,14";"51,71";"2,57";"383,14";"29,71";"54,57";"1,57";"44,43";"5,86";"0,86";"0,14";"28,86";"4527,3";"150,91";"877,45";"211,85";"18,99";"41,54";"1,98";"253,38";"20,97";"46,29";"1,78";"34,62";"2,77";"0,79";"0,0";"17,6";"5025,45";"167,52";"1159,33";"353,81";"28,98";"55,21";"2,75";"409,01";"31,72";"58,26";"1,68";"47,43";"6,25";"0,92";"0,15";"30,81";"0,17";"1,72";"50,12"
"Mihailo  Bogićević";"M. Bogićević";"301905";"1998-05-30";"HJK Helsinki";"429";"FIN - Veikkausliiga";"323";"2025/2025";"128";"Central Defender";"90,61";"54,77";"32,02";"22,75";"5";"0";"10174,6";"112,29";"1397,4";"420,0";"35,0";"94,6";"4,8";"514,6";"39,8";"27,14";"27,14";"115,6";"3,6";"89,2";"9,4";"2,0";"1,04";"1,04";"0,4";"null";"null";"18,2";"2,29";"2,99";"10105,73";"112,29";"1387,94";"417,16";"34,76";"93,96";"4,77";"511,12";"39,53";"114,82";"3,58";"88,6";"9,34";"1,99";"0,4";"18,08";"8347,2";"139,12";"1363,01";"418,04";"34,62";"95,09";"3,51";"513,13";"38,12";"90,71";"2,41";"69,02";"5,48";"4246,2";"132,6";"658,6";"152,0";"12,2";"27,4";"1,2";"179,4";"13,4";"44,8";"1,0";"35,6";"3,0";"0,2";"0,0";"5,2";"3373,4";"148,3";"585,6";"229,6";"19,4";"59,4";"2,0";"289,0";"21,4";"38,0";"1,2";"27,4";"2,0";"0,6";"0,2";"11,8";"3977,91";"132,6";"616,99";"142,4";"11,43";"25,67";"1,12";"168,06";"12,55";"41,97";"0,94";"33,35";"2,81";"0,19";"0,0";"4,87";"4449,09";"148,3";"772,33";"302,81";"25,59";"78,34";"2,64";"381,15";"28,22";"50,12";"1,58";"36,14";"2,64";"0,79";"0,26";"15,56";"0,22";"0,88";"18,62"
"Mihailo  Bogićević";"M. Bogićević";"301905";"1998-05-30";"HJK Helsinki";"429";"FIN - Veikkausliiga";"323";"2026/2026";"130";"Central Defender";"94,67";"56,15";"27,78";"28,37";"7";"1";"10383,14";"109,67";"1387,71";"391,14";"30,43";"66,14";"3,86";"457,29";"34,29";"26,81";"27,48";"113,86";"4,43";"86,71";"9,86";"1,43";"0,79";"null";"0,57";"null";"null";"20,14";"2,32";"2,7";"9870,55";"109,67";"1319,21";"371,83";"28,93";"62,88";"3,67";"434,71";"32,59";"108,24";"4,21";"82,43";"9,37";"1,36";"0,54";"19,15";"8162,47";"136,04";"1294,49";"379,19";"29,16";"63,05";"3,05";"442,23";"32,21";"90,06";"3,36";"67,47";"5,95";"3793,14";"136,55";"578,71";"105,71";"8,86";"13,0";"0,57";"118,71";"9,43";"35,43";"1,43";"26,43";"2,0";"0,43";"0,14";"5,43";"3845,57";"135,54";"632,71";"249,14";"18,43";"46,0";"2,29";"295,14";"20,71";"48,86";"1,71";"36,71";"3,57";"0,43";"0,14";"12,14";"4096,48";"136,55";"624,99";"114,17";"9,57";"14,04";"0,62";"128,21";"10,18";"38,26";"1,54";"28,54";"2,16";"0,46";"0,15";"5,86";"4066,31";"135,54";"669,03";"263,44";"19,49";"48,64";"2,42";"312,08";"21,9";"51,66";"1,81";"38,82";"3,78";"0,45";"0,15";"12,84";"0,31";"0,92";"18,78"
"Paulo Jorge Barros Pimentel Lima";"Paulo Lima";"332814";"1998-06-05";"Vaasan Palloseura";"3603";"FIN - Veikkausliiga";"323";"2026/2026";"130";"Midfield";"97,65";"49,85";"23,06";"26,79";"8";"0";"12373,5";"126,71";"2381,62";"902,62";"71,88";"199,12";"10,0";"1101,75";"81,88";"27,74";"28,56";"122,75";"5,38";"104,62";"14,38";"3,12";"0,7";"0,74";"0,88";"1,44";"null";"47,38";"2,03";"2,77";"11403,9";"126,71";"2195,0";"831,89";"66,24";"183,52";"9,22";"1015,42";"75,46";"113,13";"4,95";"96,43";"13,25";"2,88";"0,81";"43,66";"10336,91";"172,28";"2569,26";"994,63";"79,14";"218,76";"9,93";"1213,39";"89,07";"105,32";"4,21";"77,78";"11,13";"3813,75";"165,38";"898,75";"254,75";"22,38";"48,5";"2,38";"303,25";"24,75";"35,38";"1,62";"24,88";"3,25";"0,88";"0,25";"13,62";"4774,5";"178,22";"1235,88";"571,62";"43,38";"133,25";"5,88";"704,88";"49,25";"52,12";"1,88";"39,75";"6,0";"0,88";"0,38";"30,0";"4961,42";"165,38";"1169,21";"331,41";"29,11";"63,1";"3,09";"394,51";"32,2";"46,02";"2,11";"32,36";"4,23";"1,14";"0,33";"17,73";"5346,67";"178,22";"1383,98";"640,13";"48,57";"149,22";"6,58";"789,35";"55,15";"58,37";"2,1";"44,51";"6,72";"0,98";"0,42";"33,6";"0,75";"2,11";"52,51"
"Jayden Turfkruier";"J. Turfkruier";"413180";"2002-09-25";"Vaasan Palloseura";"3603";"FIN - Veikkausliiga";"323";"2026/2026";"130";"Full Back";"94,77";"49,81";"23,13";"26,68";"7";"0";"11362,86";"119,9";"1948,29";"695,29";"61,43";"201,71";"12,0";"897,0";"73,43";"29,74";"30,18";"130,57";"7,0";"109,14";"18,86";"4,71";"0,7";"0,71";"1,71";"1,54";"null";"39,29";"2,1";"3,01";"10790,77";"119,9";"1850,2";"660,28";"58,34";"191,56";"11,4";"851,84";"69,73";"124,0";"6,65";"103,65";"17,91";"4,48";"1,63";"37,31";"9263,02";"154,38";"2016,39";"753,0";"65,22";"221,98";"12,56";"974,98";"77,78";"112,02";"6,02";"81,56";"13,94";"3551,71";"153,56";"779,0";"264,29";"23,71";"80,86";"4,57";"345,14";"28,29";"40,57";"2,29";"28,43";"5,43";"1,14";"0,43";"12,57";"4138,43";"155,09";"895,0";"360,86";"30,43";"103,43";"5,86";"464,29";"36,29";"52,43";"2,71";"39,29";"6,14";"2,0";"0,86";"23,57";"4606,92";"153,56";"1010,44";"342,8";"30,76";"104,88";"5,93";"447,68";"36,69";"52,63";"2,96";"36,87";"7,04";"1,48";"0,56";"16,31";"4652,82";"155,09";"1006,25";"405,71";"34,21";"116,28";"6,59";"522,0";"40,8";"58,95";"3,05";"44,17";"6,91";"2,25";"0,96";"26,5";"1,55";"3,79";"43,54"
"Jardell Kanga";"J. Kanga";"533661";"2005-12-13";"Tampereen Ilves";"591";"FIN - Veikkausliiga";"323";"2025/2025";"128";"Midfield";"58,26";"31,92";"18,42";"13,5";"11";"0";"7066,36";"121,29";"1250,09";"359,27";"31,0";"45,45";"3,36";"404,73";"34,36";"26,24";"27,3";"68,0";"3,36";"58,09";"7,36";"2,36";"0,83";"0,89";"0,09";"null";"null";"31,64";"2,14";"2,75";"10916,28";"121,29";"1931,17";"555,01";"47,89";"70,22";"5,2";"625,23";"53,09";"105,05";"5,2";"89,74";"11,38";"3,65";"0,14";"48,87";"9683,95";"161,4";"2142,4";"635,08";"51,6";"78,08";"3,93";"713,17";"55,53";"93,8";"4,1";"71,25";"8,54";"2920,09";"158,52";"610,45";"161,36";"13,0";"21,91";"1,18";"183,27";"14,18";"28,09";"1,18";"20,91";"2,18";"0,64";"0,09";"11,73";"2232,45";"165,33";"529,45";"176,55";"14,45";"19,64";"0,91";"196,18";"15,36";"21,82";"1,0";"17,0";"2,36";"0,73";"0,0";"18,18";"4755,54";"158,52";"994,16";"262,79";"21,17";"35,68";"1,92";"298,47";"23,1";"45,75";"1,92";"34,05";"3,55";"1,04";"0,15";"19,1";"4959,9";"165,33";"1176,3";"392,24";"32,11";"43,63";"2,02";"435,86";"34,13";"48,47";"2,22";"37,77";"5,25";"1,62";"0,0";"40,39";"0,17";"2,56";"56,21"
"Jardell Kanga";"J. Kanga";"533661";"2005-12-13";"Tampereen Ilves";"591";"FIN - Veikkausliiga";"323";"2026/2026";"130";"Midfield";"85,09";"55,08";"26,26";"28,82";"3";"0";"11497,33";"135,12";"2221,0";"537,33";"46,33";"63,0";"4,33";"600,33";"50,67";"25,77";"25,77";"110,67";"4,0";"98,0";"13,0";"2,67";"1,06";"null";"0,33";"null";"null";"55,0";"2,02";"3,03";"12160,93";"135,12";"2349,19";"568,35";"49,01";"66,64";"4,58";"634,98";"53,59";"117,05";"4,23";"103,66";"13,75";"2,82";"0,35";"58,17";"10026,99";"167,12";"2234,8";"571,13";"48,65";"65,36";"3,99";"636,49";"52,65";"96,22";"2,9";"80,24";"9,44";"4326,33";"164,74";"892,33";"288,0";"22,33";"37,0";"2,33";"325,0";"24,67";"40,0";"1,67";"30,33";"3,67";"1,33";"0,0";"21,0";"4879,0";"169,28";"1159,33";"236,33";"22,33";"23,0";"1,33";"259,33";"23,67";"48,33";"1,0";"43,33";"5,0";"0,33";"0,33";"32,67";"4942,29";"164,74";"1019,38";"329,0";"25,51";"42,27";"2,67";"371,27";"28,18";"45,69";"1,9";"34,65";"4,19";"1,52";"0,0";"23,99";"5078,37";"169,28";"1206,71";"245,99";"23,25";"23,94";"1,39";"269,93";"24,63";"50,31";"1,04";"45,1";"5,2";"0,35";"0,35";"34,0";"0,36";"1,82";"58,46"
"Jardell Kanga";"J. Kanga";"533661";"2005-12-13";"Tampereen Ilves";"591";"FIN - Veikkausliiga";"323";"2025/2025";"128";"Wide Attacker";"56,42";"32,64";"16,21";"16,43";"7";"0";"7167,29";"127,04";"1266,29";"408,29";"34,29";"74,43";"4,43";"482,71";"38,71";"26,81";"27,6";"76,71";"3,86";"61,0";"9,29";"2,43";"0,75";"0,89";"0,71";"1,79";"null";"36,71";"2,09";"2,59";"11433,3";"127,04";"2019,99";"651,3";"54,69";"118,73";"7,06";"770,03";"61,76";"122,38";"6,15";"97,31";"14,81";"3,87";"1,14";"58,57";"9763,25";"162,72";"2134,95";"700,36";"56,72";"124,74";"6,04";"825,09";"62,76";"103,99";"4,46";"76,15";"9,72";"2557,29";"157,72";"520,29";"171,29";"14,14";"31,43";"1,29";"202,71";"15,43";"28,43";"1,14";"20,86";"2,14";"0,57";"0,14";"15,57";"2754,0";"167,66";"641,14";"209,71";"16,71";"36,43";"2,0";"246,14";"18,71";"28,14";"1,29";"20,57";"3,14";"0,43";"0,14";"19,71";"4731,54";"157,72";"962,64";"316,92";"26,17";"58,15";"2,38";"375,07";"28,55";"52,6";"2,11";"38,59";"3,96";"1,06";"0,26";"28,81";"5029,77";"167,66";"1170,95";"383,01";"30,53";"66,53";"3,65";"449,54";"34,18";"51,4";"2,35";"37,57";"5,74";"0,78";"0,26";"36,01";"0,53";"1,84";"64,86"
"Nikolas Talo";"N. Talo";"611932";"2003-03-24";"Valkeakosken Haka";"3099";"FIN - Veikkausliiga";"323";"2025/2025";"128";"Central Defender";"90,4";"50,32";"25,71";"24,61";"6";"0";"9559,17";"105,75";"1199,33";"450,17";"44,5";"154,83";"9,17";"605,0";"53,67";"29,32";"29,76";"108,83";"4,5";"80,67";"12,17";"2,0";"0,77";"null";"1,33";"1,79";"null";"27,67";"2,2";"3,12";"9517,16";"105,75";"1194,06";"448,19";"44,3";"154,15";"9,13";"602,34";"53,43";"108,36";"4,48";"80,31";"12,11";"1,99";"1,33";"27,55";"8099,5";"134,99";"1233,19";"469,82";"46,7";"166,55";"8,35";"636,37";"55,05";"92,61";"3,97";"63,4";"7,95";"3461,33";"134,62";"514,33";"137,67";"12,17";"18,83";"1,0";"156,5";"13,17";"34,33";"1,5";"23,0";"2,17";"0,33";"0,33";"7,0";"3331,0";"135,38";"519,83";"256,33";"27,0";"120,83";"6,0";"377,17";"33,0";"43,33";"1,83";"30,17";"4,5";"0,83";"0,67";"16,33";"4038,72";"134,62";"600,13";"160,63";"14,2";"21,97";"1,17";"182,61";"15,36";"40,06";"1,75";"26,84";"2,53";"0,39";"0,39";"8,17";"4061,28";"135,38";"633,8";"312,53";"32,92";"147,32";"7,32";"459,86";"40,23";"52,83";"2,24";"36,78";"5,49";"1,02";"0,81";"19,91";"1,19";"1,39";"27,82"
"Nikolas Talo";"N. Talo";"611932";"2003-03-24";"Turun Palloseura";"5208";"FIN - Veikkausliiga";"323";"2026/2026";"130";"Full Back";"67,25";"34,79";"16,5";"18,28";"4";"0";"7803,5";"116,04";"1208,5";"493,25";"43,25";"172,25";"8,5";"665,5";"51,75";"28,93";"28,93";"83,0";"5,75";"68,0";"13,0";"3,0";"0,72";"0,74";"1,0";"null";"null";"32,75";"2,68";"2,9";"10443,35";"116,04";"1617,32";"660,11";"57,88";"230,52";"11,38";"890,63";"69,26";"111,08";"7,7";"91,0";"17,4";"4,01";"1,34";"43,83";"8960,11";"149,34";"1686,81";"735,18";"65,54";"279,41";"13,37";"1014,59";"78,91";"102,19";"6,9";"69,42";"12,07";"2456,0";"148,81";"461,25";"192,25";"15,75";"52,0";"3,0";"244,25";"18,75";"23,75";"2,25";"15,5";"3,0";"1,25";"0,5";"10,5";"2739,0";"149,81";"516,75";"234,0";"22,25";"110,0";"4,75";"344,0";"27,0";"35,5";"1,75";"24,75";"4,0";"0,75";"0,25";"19,25";"4464,33";"148,81";"838,42";"349,46";"28,63";"94,52";"5,45";"443,98";"34,08";"43,17";"4,09";"28,17";"5,45";"2,27";"0,91";"19,09";"4494,26";"149,81";"847,9";"383,96";"36,51";"180,49";"7,79";"564,45";"44,3";"58,25";"2,87";"40,61";"6,56";"1,23";"0,41";"31,59";"1,29";"3,45";"51,31"
"Agon Sadiku";"A. Sadiku";"611961";"2003-03-10";"Kuopio PS";"538";"FIN - Veikkausliiga";"323";"2025/2025";"128";"Center Forward";"56,24";"34,24";"18,81";"15,43";"13";"1";"6286,38";"111,78";"826,69";"361,54";"40,15";"157,23";"9,54";"518,77";"49,69";"29,9";"31,2";"65,08";"5,46";"55,31";"9,0";"4,23";"0,6";"0,6";"1,77";"1,22";"1,22";"26,23";"1,7";"2,88";"10060,51";"111,78";"1323,01";"578,59";"64,26";"251,63";"15,27";"830,22";"79,53";"104,15";"8,74";"88,51";"14,4";"6,77";"2,83";"41,98";"8113,68";"135,23";"1268,07";"580,32";"64,17";"251,0";"13,61";"831,32";"77,78";"82,36";"6,2";"63,9";"9,98";"2483,08";"132,01";"401,08";"181,38";"18,69";"72,92";"4,0";"254,31";"22,69";"26,23";"1,85";"18,46";"2,77";"1,15";"0,31";"11,69";"2146,92";"139,16";"322,54";"149,77";"17,92";"70,31";"3,77";"220,08";"21,69";"20,77";"1,69";"18,0";"2,92";"1,38";"0,54";"12,15";"3960,2";"132,01";"639,67";"289,29";"29,81";"116,3";"6,38";"405,59";"36,19";"41,83";"2,94";"29,44";"4,42";"1,84";"0,49";"18,65";"4174,67";"139,16";"627,17";"291,22";"34,85";"136,71";"7,33";"427,94";"42,18";"40,39";"3,29";"35,0";"5,68";"2,69";"1,05";"23,63";"1,48";"4,45";"41,79"
"Agon Sadiku";"A. Sadiku";"611961";"2003-03-10";"Kuopio PS";"538";"FIN - Veikkausliiga";"323";"2025/2025";"128";"Wide Attacker";"66,46";"40,96";"25,58";"15,38";"3";"0";"7403,67";"111,4";"887,67";"432,0";"50,33";"200,0";"11,0";"632,0";"61,33";"29,83";"29,83";"74,33";"6,0";"70,33";"10,67";"3,67";"0,68";"null";"1,0";"1,38";"null";"32,67";"2,47";"null";"10025,86";"111,4";"1202,06";"585,0";"68,16";"270,84";"14,9";"855,84";"83,06";"100,66";"8,13";"95,24";"14,44";"4,97";"1,35";"44,24";"8162,38";"136,04";"1206,02";"592,27";"68,85";"277,82";"15,14";"870,09";"83,98";"77,15";"5,86";"65,92";"7,81";"3298,67";"128,97";"483,67";"210,33";"23,67";"81,33";"4,0";"291,67";"27,67";"37,0";"2,67";"31,33";"3,0";"1,67";"0,33";"14,33";"2273,67";"147,8";"339,67";"194,0";"23,33";"108,33";"6,33";"302,33";"29,67";"15,67";"1,33";"13,67";"2,33";"0,67";"0,33";"16,67";"3868,98";"128,97";"567,29";"246,7";"27,76";"95,4";"4,69";"342,09";"32,45";"43,4";"3,13";"36,75";"3,52";"1,95";"0,39";"16,81";"4434,02";"147,8";"662,41";"378,33";"45,5";"211,27";"12,35";"589,6";"57,85";"30,55";"2,6";"26,65";"4,55";"1,3";"0,65";"32,5";"0,98";"3,42";"45,41"
"Kalle Wallius";"K. Wallius";"611964";"2003-01-02";"Tampereen Ilves";"591";"FIN - Veikkausliiga";"323";"2025/2025";"128";"Full Back";"60,91";"35,1";"20,6";"14,5";"10";"0";"7516,4";"123,4";"1212,7";"516,2";"45,6";"166,7";"8,9";"682,9";"54,5";"29,04";"30,16";"76,3";"4,7";"63,1";"12,1";"3,0";"0,7";"0,78";"1,0";"1,3";"1,77";"30,2";"2,16";"2,63";"11106,16";"123,4";"1791,87";"762,73";"67,38";"246,31";"13,15";"1009,05";"80,53";"112,74";"6,94";"93,24";"17,88";"4,43";"1,48";"44,62";"9184,79";"153,08";"1798,8";"805,64";"69,4";"261,03";"13,33";"1066,67";"82,74";"94,87";"5,98";"69,06";"12,99";"3076,5";"149,37";"574,8";"242,0";"21,9";"87,7";"4,5";"329,7";"26,4";"28,7";"2,1";"22,2";"3,8";"1,2";"0,3";"13,7";"2296,6";"158,35";"477,5";"229,3";"18,7";"65,0";"3,3";"294,3";"22,0";"26,8";"1,4";"18,2";"3,8";"0,7";"0,2";"14,5";"4481,06";"149,37";"837,22";"352,48";"31,9";"127,74";"6,55";"480,22";"38,45";"41,8";"3,06";"32,34";"5,53";"1,75";"0,44";"19,95";"4750,49";"158,35";"987,7";"474,3";"38,68";"134,45";"6,83";"608,76";"45,51";"55,44";"2,9";"37,65";"7,86";"1,45";"0,41";"29,99";"0,85";"3,25";"48,21"
"Kalle Wallius";"K. Wallius";"611964";"2003-01-02";"Tampereen Ilves";"591";"FIN - Veikkausliiga";"323";"2026/2026";"130";"Full Back";"90,36";"55,61";"24,89";"30,73";"6";"1";"11052,33";"122,32";"1704,67";"733,83";"68,5";"331,5";"15,17";"1065,33";"83,67";"30,25";"30,6";"127,67";"7,0";"106,67";"20,17";"5,5";"0,63";"0,75";"1,83";"1,41";"null";"42,33";"1,83";"2,99";"11008,84";"122,32";"1697,96";"730,95";"68,23";"330,2";"15,11";"1061,14";"83,34";"127,16";"6,97";"106,25";"20,09";"5,48";"1,83";"42,17";"8943,81";"149,06";"1633,76";"736,15";"68,33";"337,87";"14,38";"1074,01";"82,71";"105,01";"5,75";"77,5";"12,77";"3709,17";"149,03";"693,33";"334,5";"30,33";"182,33";"6,67";"516,83";"37,0";"39,33";"2,5";"28,67";"4,17";"2,17";"0,67";"14,17";"4580,83";"149,09";"821,0";"347,83";"33,0";"130,83";"6,67";"478,67";"39,67";"58,0";"2,83";"43,17";"7,67";"1,5";"0,83";"24,33";"4470,87";"149,03";"835,71";"403,19";"36,56";"219,78";"8,04";"622,97";"44,6";"47,41";"3,01";"34,55";"5,02";"2,61";"0,8";"17,08";"4472,74";"149,09";"801,63";"339,63";"32,22";"127,75";"6,51";"467,37";"38,73";"56,63";"2,77";"42,15";"7,49";"1,46";"0,81";"23,76";"1,62";"3,96";"41,54"
"Oliver Pettersson";"O. Pettersson";"611965";"2003-05-13";"Tampereen Ilves";"591";"FIN - Veikkausliiga";"323";"2026/2026";"130";"Full Back";"75,77";"48,52";"23,1";"25,43";"6";"0";"9824,67";"129,66";"1718,0";"702,33";"57,17";"195,17";"10,67";"897,5";"67,83";"29,68";"30,28";"99,0";"5,83";"88,5";"14,0";"4,33";"0,73";"0,78";"2,0";"1,48";"1,5";"42,0";"2,02";"2,89";"11669,45";"129,66";"2040,59";"834,21";"67,9";"231,81";"12,67";"1066,02";"80,57";"117,59";"6,93";"105,12";"16,63";"5,15";"2,38";"49,89";"9193,61";"153,23";"1836,37";"795,05";"64,91";"232,66";"11,13";"1027,72";"76,04";"92,12";"5,56";"70,69";"9,89";"3442,67";"149,03";"623,67";"267,5";"23,17";"122,83";"5,17";"390,33";"28,33";"31,5";"2,67";"23,5";"3,5";"2,17";"0,83";"14,5";"3992,67";"157,04";"861,5";"375,5";"29,33";"65,33";"3,83";"440,83";"33,17";"43,0";"1,83";"33,67";"4,5";"1,17";"0,67";"23,0";"4471,0";"149,03";"809,96";"347,4";"30,09";"159,52";"6,71";"506,93";"36,8";"40,91";"3,46";"30,52";"4,55";"2,81";"1,08";"18,83";"4711,11";"157,04";"1016,52";"443,07";"34,61";"77,09";"4,52";"520,16";"39,13";"50,74";"2,16";"39,72";"5,31";"1,38";"0,79";"27,14";"1,85";"4,12";"46,37"
"Oliver Pettersson";"O. Pettersson";"611965";"2003-05-13";"IF Gnistan";"5281";"FIN - Veikkausliiga";"323";"2025/2025";"128";"Full Back";"81,65";"42,47";"18,24";"24,23";"16";"2";"9910,12";"121,38";"1644,62";"746,25";"60,81";"253,38";"13,25";"999,62";"74,06";"29,01";"30,16";"105,62";"8,06";"88,69";"17,12";"6,31";"0,61";"0,71";"1,44";"1,27";"1,58";"44,12";"1,79";"2,59";"10923,87";"121,38";"1812,86";"822,59";"67,03";"279,29";"14,61";"1101,88";"81,64";"116,43";"8,89";"97,76";"18,88";"6,96";"1,58";"48,64";"9442,47";"157,37";"1947,28";"947,99";"75,94";"329,8";"15,98";"1277,79";"91,92";"99,87";"6,45";"73,55";"12,72";"2861,62";"156,91";"584,56";"292,88";"24,88";"127,19";"5,88";"420,06";"30,75";"27,94";"2,25";"20,56";"3,62";"1,56";"0,75";"14,31";"3821,88";"157,73";"793,75";"378,12";"28,88";"106,25";"5,44";"484,38";"34,31";"42,75";"2,31";"31,5";"5,38";"1,75";"0,12";"24,44";"4707,27";"156,91";"961,58";"481,77";"40,92";"209,22";"9,66";"690,99";"50,58";"45,96";"3,7";"33,82";"5,96";"2,57";"1,23";"23,54";"4731,75";"157,73";"982,72";"468,15";"35,75";"131,55";"6,73";"599,69";"42,48";"52,93";"2,86";"39,0";"6,65";"2,17";"0,15";"30,26";"1,24";"4,68";"54,75"
"Miika Koskela";"M. Koskela";"611967";"2003-07-12";"AC Oulu";"5278";"FIN - Veikkausliiga";"323";"2025/2025";"128";"Central Defender";"96,7";"53,64";"26,76";"26,88";"12";"0";"10373,25";"107,27";"1222,17";"397,0";"37,17";"106,17";"5,67";"503,17";"42,83";"28,5";"29,66";"101,58";"5,0";"82,75";"9,33";"2,5";"0,65";"0,74";"0,33";"null";"null";"17,75";"2,64";"3,01";"9654,66";"107,27";"1137,5";"369,5";"34,59";"98,81";"5,27";"468,31";"39,87";"94,55";"4,65";"77,02";"8,69";"2,33";"0,31";"16,52";"8087,44";"134,79";"1158,42";"382,75";"35,8";"110,37";"5,22";"493,13";"41,02";"80,35";"3,64";"60,03";"5,97";"3408,67";"127,37";"410,17";"91,5";"9,33";"21,67";"1,0";"113,17";"10,33";"25,58";"1,25";"21,58";"1,75";"0,5";"0,0";"3,75";"3821,17";"142,18";"625,42";"250,67";"22,67";"77,0";"3,67";"327,67";"26,33";"46,25";"2,0";"32,08";"3,58";"0,92";"0,08";"12,08";"3821,22";"127,37";"459,81";"102,57";"10,46";"24,29";"1,12";"126,86";"11,58";"28,68";"1,4";"24,2";"1,96";"0,56";"0,0";"4,2";"4265,27";"142,18";"698,1";"279,8";"25,3";"85,95";"4,09";"365,75";"29,39";"51,63";"2,23";"35,81";"4,0";"1,02";"0,09";"13,49";"0,09";"1,58";"17,71"
"Emmanuel Maker Lam Patut";"E. Patut";"611968";"2003-06-19";"IFK Mariehamn";"5280";"FIN - Veikkausliiga";"323";"2025/2025";"128";"Midfield";"84,32";"49,28";"20,97";"28,31";"19";"2";"10507,89";"124,63";"1725,37";"618,89";"53,95";"123,05";"7,84";"741,95";"61,79";"27,31";"29,26";"116,32";"4,37";"104,89";"14,26";"2,68";"0,63";"0,63";"0,47";"1,35";"null";"34,95";"1,95";"2,77";"11216,29";"124,63";"1841,69";"660,62";"57,58";"131,35";"8,37";"791,97";"65,96";"124,16";"4,66";"111,97";"15,22";"2,87";"0,51";"37,3";"9494,76";"158,25";"1919,0";"705,77";"58,5";"139,25";"7,63";"845,02";"66,13";"104,0";"3,65";"82,66";"10,96";"3182,26";"151,72";"604,58";"142,95";"12,16";"27,16";"1,32";"170,11";"13,47";"32,63";"1,37";"24,21";"2,53";"0,37";"0,11";"7,84";"4616,21";"163,08";"971,58";"436,74";"35,89";"87,21";"4,95";"523,95";"40,84";"52,79";"1,63";"43,68";"6,47";"1,11";"0,21";"24,63";"4551,6";"151,72";"864,73";"204,46";"17,39";"38,84";"1,88";"243,3";"19,27";"46,67";"1,96";"34,63";"3,61";"0,53";"0,15";"11,22";"4892,45";"163,08";"1029,72";"462,87";"38,04";"92,43";"5,24";"555,3";"43,29";"55,95";"1,73";"46,3";"6,86";"1,17";"0,22";"26,11";"0,38";"1,79";"39,54"
"Emmanuel Maker Lam Patut";"E. Patut";"611968";"2003-06-19";"IFK Mariehamn";"5280";"FIN - Veikkausliiga";"323";"2026/2026";"130";"Midfield";"92,69";"53,94";"26,04";"27,9";"7";"0";"11949,86";"128,92";"2184,14";"883,29";"74,43";"240,43";"13,29";"1123,71";"87,71";"28,19";"28,72";"132,57";"5,0";"118,14";"15,29";"3,86";"0,66";"0,76";"0,29";"null";"null";"45,43";"1,92";"2,85";"11603,0";"128,92";"2120,74";"857,65";"72,27";"233,45";"12,9";"1091,1";"85,17";"128,72";"4,85";"114,71";"14,84";"3,75";"0,28";"44,11";"10009,57";"166,83";"2246,54";"935,04";"77,07";"238,85";"13,67";"1173,89";"90,74";"111,08";"4,13";"86,29";"11,28";"4003,0";"153,71";"793,57";"201,29";"19,14";"32,14";"2,57";"233,43";"21,71";"40,57";"1,86";"31,86";"3,29";"1,29";"0,14";"12,57";"4995,29";"179,07";"1226,0";"639,29";"50,14";"182,57";"9,71";"821,86";"59,86";"59,29";"1,86";"45,71";"6,86";"1,29";"0,14";"30,57";"4611,25";"153,71";"914,15";"231,87";"22,05";"37,03";"2,96";"268,9";"25,01";"46,74";"2,14";"36,7";"3,78";"1,48";"0,16";"14,48";"5372,19";"179,07";"1318,5";"687,52";"53,93";"196,35";"10,45";"883,87";"64,37";"63,76";"2,0";"49,16";"7,37";"1,38";"0,15";"32,88";"0,32";"2,86";"47,99"
"Lasse Ikonen";"L. Ikonen";"611970";"2003-01-19";"Turun Palloseura";"5208";"FIN - Veikkausliiga";"323";"2026/2026";"130";"Midfield";"83,06";"42,32";"19,19";"23,13";"5";"0";"10244,4";"123,33";"1678,2";"529,6";"47,8";"138,4";"7,8";"668,0";"55,6";"28,08";"28,08";"88,6";"3,6";"75,2";"7,6";"2,4";"0,88";"0,89";"0,6";"1,93";"1,95";"51,2";"1,87";"2,8";"11099,92";"123,33";"1818,35";"573,83";"51,79";"149,96";"8,45";"723,79";"60,24";"96,0";"3,9";"81,48";"8,23";"2,6";"0,65";"55,48";"10032,7";"167,21";"2157,84";"678,26";"58,98";"181,76";"9,36";"860,02";"68,34";"88,75";"3,4";"64,65";"6,81";"3005,0";"156,56";"534,4";"97,2";"8,2";"23,2";"1,4";"120,4";"9,6";"22,2";"1,4";"16,6";"1,8";"0,6";"0,0";"11,2";"4071,4";"176,05";"987,6";"381,2";"33,4";"105,0";"5,2";"486,2";"38,6";"40,4";"1,0";"29,0";"3,0";"0,6";"0,4";"36,0";"4696,94";"156,56";"835,29";"151,93";"12,82";"36,26";"2,19";"188,19";"15,01";"34,7";"2,19";"25,95";"2,81";"0,94";"0,0";"17,51";"5281,44";"176,05";"1281,12";"494,49";"43,33";"136,21";"6,75";"630,7";"50,07";"52,41";"1,3";"37,62";"3,89";"0,78";"0,52";"46,7";"0,57";"1,7";"66,92"
"Otto Kemppainen";"O. Kemppainen";"611971";"2003-10-27";"AC Oulu";"5278";"FIN - Veikkausliiga";"323";"2025/2025";"128";"Full Back";"91,2";"51,79";"23,28";"28,5";"4";"0";"11098,0";"121,69";"1697,75";"714,25";"70,0";"329,75";"16,75";"1044,0";"86,75";"31,5";"31,5";"118,25";"12,25";"103,75";"23,0";"8,5";"0,73";"0,74";"2,5";"1,42";"null";"38,0";"2,27";"2,7";"10951,97";"121,69";"1675,41";"704,85";"69,08";"325,41";"16,53";"1030,26";"85,61";"116,69";"12,09";"102,38";"22,7";"8,39";"2,47";"37,5";"9002,17";"150,04";"1712,09";"764,66";"71,83";"361,19";"17,96";"1125,85";"89,79";"101,38";"8,69";"74,73";"16,22";"3531,75";"151,69";"648,25";"332,75";"30,5";"185,5";"8,5";"518,25";"39,0";"37,25";"3,5";"26,75";"6,25";"3,0";"0,75";"13,75";"4238,25";"148,69";"829,5";"327,25";"31,5";"126,25";"7,0";"453,5";"38,5";"50,25";"4,0";"37,75";"7,75";"2,5";"0,75";"22,75";"4550,57";"151,69";"835,25";"428,74";"39,3";"239,01";"10,95";"667,75";"50,25";"48,0";"4,51";"34,47";"8,05";"3,87";"0,97";"17,72";"4460,66";"148,69";"873,03";"344,42";"33,15";"132,88";"7,37";"477,3";"40,52";"52,89";"4,21";"39,73";"8,16";"2,63";"0,79";"23,94";"1,74";"6,37";"42,29"
"Otto Kemppainen";"O. Kemppainen";"611971";"2003-10-27";"AC Oulu";"5278";"FIN - Veikkausliiga";"323";"2026/2026";"130";"Full Back";"83,27";"48,77";"22,09";"26,68";"8";"0";"9814,5";"117,86";"1419,88";"581,0";"52,62";"169,88";"9,0";"750,88";"61,62";"28,38";"29,04";"107,5";"6,25";"96,62";"14,38";"4,5";"0,64";"0,78";"1,0";"1,28";"null";"29,38";"2,2";"2,95";"10607,35";"117,86";"1534,58";"627,94";"56,88";"183,6";"9,73";"811,53";"66,6";"116,18";"6,75";"104,43";"15,54";"4,86";"1,08";"31,75";"8695,23";"144,92";"1516,15";"651,67";"57,2";"175,6";"9,99";"827,27";"67,2";"97,33";"5,69";"76,58";"10,61";"3194,5";"144,59";"537,38";"242,25";"19,38";"64,5";"4,0";"306,75";"23,38";"32,5";"2,12";"25,88";"3,88";"1,25";"0,25";"8,88";"3874,0";"145,2";"695,12";"287,5";"27,12";"78,25";"4,12";"365,75";"31,25";"46,62";"2,5";"36,38";"4,75";"1,75";"0,5";"18,88";"4337,65";"144,59";"729,67";"328,94";"26,31";"87,58";"5,43";"416,52";"31,74";"44,13";"2,89";"35,13";"5,26";"1,7";"0,34";"12,05";"4355,87";"145,2";"781,59";"323,26";"30,5";"87,98";"4,64";"411,24";"35,14";"52,42";"2,81";"40,9";"5,34";"1,97";"0,56";"21,22";"0,92";"3,69";"34,14"
"Vilmer Rönnberg";"V. Rönnberg";"618626";"2002-03-28";"Vaasan Palloseura";"3603";"FIN - Veikkausliiga";"323";"2025/2025";"128";"Central Defender";"81,83";"41,95";"22,03";"19,92";"6";"2";"9232,17";"112,82";"1363,83";"497,67";"45,67";"159,0";"9,17";"656,67";"54,83";"28,23";"28,68";"100,17";"4,83";"77,5";"10,67";"3,33";"0,66";"0,79";"0,0";"null";"null";"24,67";"2,1";"3,04";"10153,85";"112,82";"1499,99";"547,35";"50,23";"174,87";"10,08";"722,22";"60,31";"110,17";"5,32";"85,24";"11,73";"3,67";"0,0";"27,13";"8922,89";"148,71";"1641,85";"610,69";"53,87";"205,95";"10,25";"816,63";"64,12";"101,78";"3,81";"79,61";"9,53";"3245,83";"147,31";"566,83";"201,17";"17,33";"85,67";"3,67";"286,83";"21,0";"33,83";"1,0";"26,83";"3,5";"0,83";"0,0";"8,0";"2993,17";"150,26";"581,17";"225,83";"20,33";"58,33";"3,5";"284,17";"23,83";"37,33";"1,67";"28,83";"3,17";"0,67";"0,0";"14,0";"4419,44";"147,31";"771,79";"273,9";"23,6";"116,64";"4,99";"390,54";"28,59";"46,07";"1,36";"36,54";"4,77";"1,13";"0,0";"10,89";"4507,91";"150,26";"875,28";"340,12";"30,62";"87,85";"5,27";"427,97";"35,89";"56,23";"2,51";"43,42";"4,77";"1,0";"0,0";"21,08";"0,0";"2,15";"31,46"
"Vilmer Rönnberg";"V. Rönnberg";"618626";"2002-03-28";"Vaasan Palloseura";"3603";"FIN - Veikkausliiga";"323";"2026/2026";"130";"Central Defender";"96,37";"53,76";"24,16";"29,61";"3";"0";"11314,33";"117,4";"1575,33";"595,0";"50,67";"208,67";"8,0";"803,67";"58,67";"29,37";"29,37";"112,67";"5,67";"91,33";"10,33";"4,33";"0,82";"null";"0,33";"null";"null";"26,33";"2,05";"null";"10566,22";"117,4";"1471,17";"555,66";"47,32";"194,87";"7,47";"750,53";"54,79";"105,22";"5,29";"85,29";"9,65";"4,05";"0,31";"24,59";"8892,3";"148,21";"1510,39";"585,93";"49,85";"207,58";"7,81";"793,51";"57,66";"88,54";"4,09";"71,06";"6,7";"3427,33";"141,89";"542,67";"158,33";"13,33";"33,0";"1,67";"191,33";"15,0";"26,33";"1,33";"23,0";"2,0";"0,33";"0,0";"6,33";"4540,33";"153,36";"810,67";"366,67";"31,33";"153,0";"5,33";"519,67";"36,67";"53,0";"2,33";"40,67";"4,0";"1,67";"0,33";"17,33";"4256,58";"141,89";"673,97";"196,64";"16,56";"40,98";"2,07";"237,63";"18,63";"32,7";"1,66";"28,56";"2,48";"0,41";"0,0";"7,87";"4600,83";"153,36";"821,47";"371,55";"31,75";"155,04";"5,4";"526,59";"37,16";"53,71";"2,36";"41,21";"4,05";"1,69";"0,34";"17,56";"0,37";"2,23";"26,41"
"Yassine El Ouatki";"Y. El Ouatki";"618633";"1998-11-10";"Vaasan Palloseura";"3603";"FIN - Veikkausliiga";"323";"2025/2025";"128";"Midfield";"88,26";"45,99";"23,24";"22,75";"19";"3";"11496,26";"130,26";"2378,84";"1011,16";"84,84";"255,21";"15,32";"1266,37";"100,16";"28,04";"29,3";"121,63";"6,05";"106,37";"20,0";"4,58";"0,6";"0,61";"1,37";"1,45";"1,64";"53,63";"1,86";"2,64";"11723,19";"130,26";"2425,8";"1031,12";"86,52";"260,25";"15,62";"1291,37";"102,13";"124,03";"6,17";"108,47";"20,39";"4,67";"1,4";"54,69";"10634,16";"177,24";"2779,85";"1227,31";"98,75";"312,46";"17,51";"1539,77";"116,26";"113,86";"5,7";"87,42";"16,28";"3938,95";"169,51";"925,63";"399,79";"33,63";"103,21";"6,26";"503,0";"39,89";"39,63";"2,16";"30,32";"4,53";"1,58";"0,37";"15,32";"4211,26";"185,13";"1204,89";"540,84";"42,05";"136,26";"7,16";"677,11";"49,21";"47,63";"2,21";"36,68";"7,95";"1,63";"0,42";"33,89";"5085,2";"169,51";"1194,99";"516,13";"43,42";"133,25";"8,09";"649,38";"51,5";"51,16";"2,79";"39,14";"5,84";"2,04";"0,48";"19,77";"5553,96";"185,13";"1589,06";"713,28";"55,46";"179,71";"9,44";"892,99";"64,9";"62,82";"2,92";"48,38";"10,48";"2,15";"0,56";"44,7";"1,03";"4,19";"64,21"
"Franck Landry Elle Essouma";"F. Elle Essouma";"627224";"2000-06-16";"Kotkan Työväen Palloilijat";"5279";"FIN - Veikkausliiga";"323";"2025/2025";"128";"Midfield";"61,72";"34,45";"16,04";"18,41";"7";"0";"7256,86";"117,57";"1147,14";"352,71";"30,43";"89,14";"3,86";"441,86";"34,29";"28,86";"29,98";"86,43";"4,0";"74,14";"11,14";"2,57";"0,65";"0,73";"0,29";"null";"null";"24,86";"2,13";"2,89";"10581,28";"117,57";"1672,66";"514,3";"44,37";"129,98";"5,62";"644,28";"49,99";"126,02";"5,83";"108,11";"16,25";"3,75";"0,42";"36,24";"9182,75";"153,05";"1815,05";"574,75";"48,52";"148,79";"4,48";"723,53";"53,0";"107,73";"3,73";"79,12";"10,7";"2242,29";"139,77";"345,29";"54,43";"5,43";"7,86";"0,29";"62,29";"5,71";"24,29";"0,86";"18,14";"1,86";"0,43";"0,0";"6,0";"3030,14";"164,62";"696,86";"275,57";"22,43";"77,57";"2,29";"353,14";"24,71";"37,57";"1,29";"27,29";"4,29";"0,86";"0,0";"16,86";"4193,05";"139,77";"645,68";"101,78";"10,15";"14,69";"0,53";"116,47";"10,69";"45,41";"1,6";"33,93";"3,47";"0,8";"0,0";"11,22";"4938,53";"164,62";"1135,74";"449,13";"36,55";"126,43";"3,73";"575,55";"40,28";"61,23";"2,1";"44,47";"6,98";"1,4";"0,0";"27,47";"0,0";"2,24";"39,81"
"Henri Salomaa";"H. Salomaa";"641168";"2003-02-14";"FC Inter Turku";"1769";"FIN - Veikkausliiga";"323";"2026/2026";"130";"Wide Attacker";"58,29";"30,92";"17,02";"13,91";"3";"0";"6938,0";"119,03";"1052,0";"542,0";"53,67";"224,33";"13,67";"766,33";"67,33";"30,6";"30,6";"76,67";"5,67";"60,33";"14,33";"3,0";"null";"null";"0,0";"null";"null";"35,33";"2,07";"null";"10712,5";"119,03";"1624,32";"836,87";"82,86";"346,38";"21,1";"1183,24";"103,96";"118,38";"8,75";"93,16";"22,13";"4,63";"0,0";"54,56";"9330,51";"155,51";"1783,83";"948,83";"93,14";"402,3";"23,28";"1351,13";"116,42";"107,37";"6,47";"67,91";"16,82";"2528,67";"148,6";"447,33";"250,33";"26,0";"123,67";"7,67";"374,0";"33,67";"30,33";"2,0";"18,33";"3,0";"1,0";"0,0";"18,33";"2280,0";"163,96";"472,0";"238,67";"22,0";"83,67";"4,33";"322,33";"26,33";"25,0";"1,33";"16,67";"5,67";"1,0";"0,0";"12,67";"4457,98";"148,6";"788,64";"441,33";"45,84";"218,02";"13,52";"659,35";"59,35";"53,48";"3,53";"32,32";"5,29";"1,76";"0,0";"32,32";"4918,9";"163,96";"1018,3";"514,9";"47,46";"180,5";"9,35";"695,41";"56,81";"53,94";"2,88";"35,96";"12,23";"2,16";"0,0";"27,33";"0,0";"3,88";"60,15"
"Yiandro Raap";"Y. Raap";"657198";"2006-07-25";"Tampereen Ilves";"591";"FIN - Veikkausliiga";"323";"2026/2026";"130";"Midfield";"62,22";"38,39";"15,38";"23,01";"6";"1";"8135,0";"130,74";"1553,0";"401,5";"36,17";"72,0";"4,0";"473,5";"40,17";"27,08";"27,56";"77,5";"2,5";"69,33";"8,17";"1,5";"0,7";"0,8";"0,17";"null";"null";"32,83";"1,99";"2,83";"11766,7";"130,74";"2246,3";"580,74";"52,31";"104,14";"5,79";"684,88";"58,1";"112,1";"3,62";"100,29";"11,81";"2,17";"0,24";"47,49";"9751,6";"162,53";"2249,97";"585,8";"53,4";"107,58";"5,21";"693,38";"58,61";"94,81";"3,13";"78,4";"8,07";"2375,67";"154,49";"518,0";"109,83";"10,83";"27,17";"1,17";"137,0";"12,0";"21,33";"1,0";"18,5";"1,67";"0,5";"0,0";"10,17";"3864,0";"167,9";"921,67";"265,0";"23,33";"41,67";"2,17";"306,67";"25,5";"39,33";"1,0";"31,67";"3,5";"0,5";"0,17";"21,0";"4634,61";"154,49";"1010,55";"214,27";"21,13";"53,0";"2,28";"267,27";"23,41";"41,62";"1,95";"36,09";"3,25";"0,98";"0,0";"19,83";"5036,96";"167,9";"1201,45";"345,44";"30,42";"54,32";"2,82";"399,76";"33,24";"51,27";"1,3";"41,28";"4,56";"0,65";"0,22";"27,37";"0,26";"1,56";"48,71"
"Alenis Vargas";"A. Vargas";"666532";"2003-12-04";"Seinäjoen Jalkapallokerho";"2507";"FIN - Veikkausliiga";"323";"2025/2025";"128";"Full Back";"71,79";"37,35";"16,34";"21,01";"4";"0";"7801,75";"108,68";"1017,75";"502,0";"56,75";"325,25";"15,75";"827,25";"72,5";"32,67";"32,67";"91,75";"10,0";"70,5";"22,5";"8,0";"0,71";"0,72";"3,5";"1,38";"1,38";"32,75";"2,16";"2,91";"9781,06";"108,68";"1275,95";"629,36";"71,15";"407,77";"19,75";"1037,12";"90,89";"115,03";"12,54";"88,39";"28,21";"10,03";"4,39";"41,06";"8424,36";"140,41";"1378,96";"736,06";"81,52";"498,34";"23,29";"1234,4";"104,81";"103,6";"10,44";"71,08";"20,88";"2315,75";"141,71";"370,0";"240,0";"27,75";"215,5";"9,0";"455,5";"36,75";"27,75";"3,0";"18,75";"5,0";"2,75";"1,0";"11,0";"2929,0";"139,39";"488,5";"218,25";"23,0";"94,75";"5,5";"313,0";"28,5";"36,75";"3,5";"25,5";"8,0";"2,25";"1,25";"18,5";"4251,25";"141,71";"679,25";"440,59";"50,94";"395,61";"16,52";"836,21";"67,47";"50,94";"5,51";"34,42";"9,18";"5,05";"1,84";"20,19";"4181,8";"139,39";"697,44";"311,6";"32,84";"135,28";"7,85";"446,88";"40,69";"52,47";"5,0";"36,41";"11,42";"3,21";"1,78";"26,41";"3,61";"8,03";"47,38"
"Alenis Vargas";"A. Vargas";"666532";"2003-12-04";"Seinäjoen Jalkapallokerho";"2507";"FIN - Veikkausliiga";"323";"2025/2025";"128";"Midfield";"69,51";"45,04";"20,46";"24,58";"3";"0";"8003,0";"115,14";"1022,0";"508,0";"58,0";"313,0";"15,0";"821,0";"73,0";"34,73";"34,73";"91,0";"8,0";"79,0";"21,0";"5,33";"0,75";"null";"2,33";"1,31";"null";"34,0";"2,37";"2,84";"10362,77";"115,14";"1323,35";"657,79";"75,1";"405,29";"19,42";"1063,08";"94,52";"117,83";"10,36";"102,29";"27,19";"6,91";"3,02";"44,03";"8147,18";"135,79";"1205,62";"641,67";"70,16";"361,02";"17,76";"1002,69";"87,92";"97,69";"7,1";"75,49";"17,76";"2758,0";"134,83";"373,0";"244,0";"27,33";"174,33";"8,0";"418,33";"35,33";"30,33";"3,0";"21,33";"4,33";"2,33";"1,33";"11,67";"3357,67";"136,58";"532,0";"237,67";"25,33";"96,67";"5,33";"334,33";"30,67";"43,0";"2,33";"35,33";"9,0";"1,33";"0,67";"19,0";"4044,87";"134,83";"547,04";"357,85";"40,09";"255,68";"11,73";"613,53";"51,82";"44,49";"4,4";"31,29";"6,36";"3,42";"1,96";"17,11";"4097,49";"136,58";"649,22";"290,03";"30,92";"117,97";"6,51";"408,0";"37,42";"52,47";"2,85";"43,12";"10,98";"1,63";"0,81";"23,19";"2,66";"4,88";"40,85"
"Alenis Vargas";"A. Vargas";"666532";"2003-12-04";"Seinäjoen Jalkapallokerho";"2507";"FIN - Veikkausliiga";"323";"2025/2025";"128";"Wide Attacker";"68,56";"37,75";"19,28";"18,47";"17";"1";"7613,82";"111,06";"1034,76";"473,41";"52,65";"265,88";"13,06";"739,29";"65,71";"32,27";"34,26";"84,47";"8,71";"66,53";"20,35";"6,65";"0,53";"0,55";"2,12";"1,06";"1,33";"30,59";"1,88";"2,67";"9995,12";"111,06";"1358,4";"621,48";"69,11";"349,04";"17,14";"970,52";"86,26";"110,89";"11,43";"87,34";"26,72";"8,73";"2,78";"40,16";"8440,36";"140,67";"1468,03";"683,39";"73,4";"390,83";"17,67";"1074,21";"91,07";"100,23";"8,6";"66,85";"19,54";"2610,06";"135,4";"407,47";"222,18";"25,65";"180,94";"7,59";"403,12";"33,24";"34,29";"3,41";"20,94";"6,06";"2,65";"1,35";"14,12";"2700,06";"146,17";"516,12";"207,76";"20,53";"64,94";"3,53";"272,71";"24,06";"28,76";"2,0";"21,12";"6,24";"1,24";"0,18";"14,12";"4062,04";"135,4";"634,15";"345,77";"39,91";"281,6";"11,81";"627,37";"51,72";"53,37";"5,31";"32,59";"9,43";"4,12";"2,11";"21,97";"4385,21";"146,17";"838,24";"337,43";"33,34";"105,47";"5,73";"442,91";"39,07";"46,72";"3,25";"34,3";"10,13";"2,01";"0,29";"22,93";"2,43";"6,17";"44,88"
"Arttu Lötjönen";"A. Lötjönen";"677406";"2004-01-28";"Kuopio PS";"538";"FIN - Veikkausliiga";"323";"2025/2025";"128";"Central Defender";"82,87";"53,66";"29,47";"24,19";"5";"0";"9165,2";"110,6";"1104,6";"350,6";"34,2";"105,8";"5,8";"456,4";"40,0";"28,96";"28,96";"100,4";"5,8";"86,0";"9,0";"3,2";"0,7";"0,75";"1,2";"1,41";"null";"20,6";"2,55";"3,17";"9954,16";"110,6";"1199,69";"380,78";"37,14";"114,91";"6,3";"495,69";"43,44";"109,04";"6,3";"93,4";"9,77";"3,48";"1,3";"22,37";"7811,81";"130,2";"1071,57";"343,92";"32,65";"108,68";"5,37";"452,6";"38,01";"80,95";"4,25";"68,2";"5,37";"3700,2";"125,56";"450,8";"114,0";"10,6";"31,0";"1,8";"145,0";"12,4";"33,2";"1,8";"32,4";"2,4";"0,8";"0,0";"6,6";"3286,6";"135,85";"507,6";"193,6";"18,6";"66,2";"3,0";"259,8";"21,6";"39,2";"2,0";"28,6";"2,4";"0,8";"0,2";"10,8";"3766,75";"125,56";"458,91";"116,05";"10,79";"31,56";"1,83";"147,61";"12,62";"33,8";"1,83";"32,98";"2,44";"0,81";"0,0";"6,72";"4075,42";"135,85";"629,43";"240,07";"23,06";"82,09";"3,72";"322,15";"26,78";"48,61";"2,48";"35,46";"2,98";"0,99";"0,25";"13,39";"0,22";"1,79";"19,45"
"Arttu Lötjönen";"A. Lötjönen";"677406";"2004-01-28";"Kuopion Palloseura";"5912";"FIN - Veikkausliiga";"323";"2026/2026";"130";"Central Defender";"93,79";"51,89";"27,62";"24,27";"3";"1";"9910,33";"105,66";"1179,0";"434,33";"41,67";"108,67";"5,0";"543,0";"46,67";"28,1";"28,1";"105,33";"5,33";"85,0";"8,33";"3,33";"0,7";"null";"0,67";"null";"null";"23,33";"2,51";"null";"9509,41";"105,66";"1131,3";"416,76";"39,98";"104,27";"4,8";"521,03";"44,78";"101,07";"5,12";"81,56";"8,0";"3,2";"0,64";"22,39";"8005,57";"133,43";"1160,56";"437,09";"40,86";"118,72";"4,63";"555,8";"45,48";"88,65";"3,85";"67,84";"5,78";"3557,33";"128,81";"466,33";"108,67";"9,0";"19,33";"1,0";"128,0";"10,0";"32,33";"1,33";"28,33";"2,33";"1,0";"0,0";"6,67";"3366,0";"138,68";"537,33";"269,33";"26,33";"83,33";"3,0";"352,67";"29,33";"44,33";"2,0";"30,33";"2,67";"1,67";"0,33";"13,67";"3864,33";"128,81";"506,58";"118,04";"9,78";"21,0";"1,09";"139,05";"10,86";"35,12";"1,45";"30,78";"2,53";"1,09";"0,0";"7,24";"4160,31";"138,68";"664,13";"332,89";"32,55";"103,0";"3,71";"435,89";"36,26";"54,8";"2,47";"37,49";"3,3";"2,06";"0,41";"16,89";"0,39";"3,08";"23,51"
"Max Herman Bjurström";"M. Bjurström";"701621";"2006-01-26";"IF Gnistan";"5281";"FIN - Veikkausliiga";"323";"2026/2026";"130";"Full Back";"61,72";"36,38";"13,03";"23,35";"4";"0";"7316,75";"118,55";"1005,25";"454,0";"41,5";"174,5";"8,5";"628,5";"50,0";"30,07";"30,07";"79,5";"7,25";"70,75";"14,0";"6,5";"0,63";"0,71";"2,75";"1,41";"null";"25,75";"2,48";"3,37";"10669,13";"118,55";"1465,83";"662,01";"60,51";"254,45";"12,39";"916,47";"72,91";"115,93";"10,57";"103,17";"20,41";"9,48";"4,01";"37,55";"8662,1";"144,37";"1429,53";"677,45";"59,37";"242,45";"11,55";"919,89";"70,92";"94,01";"8,25";"70,1";"13,19";"1960,25";"150,4";"324,5";"180,5";"16,5";"65,5";"3,75";"246,0";"20,25";"21,0";"2,5";"13,75";"3,75";"1,75";"0,75";"5,75";"3291,75";"141,0";"542,25";"230,25";"19,5";"81,5";"3,25";"311,75";"22,75";"36,0";"2,5";"28,75";"4,25";"2,25";"0,75";"16,75";"4512,08";"150,4";"746,93";"415,47";"37,98";"150,77";"8,63";"566,24";"46,61";"48,34";"5,75";"31,65";"8,63";"4,03";"1,73";"13,24";"4229,98";"141,0";"696,81";"295,88";"25,06";"104,73";"4,18";"400,61";"29,23";"46,26";"3,21";"36,94";"5,46";"2,89";"0,96";"21,52";"2,47";"6,6";"37,11"
"Antoine Loic Essomba Bikoula";"A. Essomba";"704813";"2003-12-01";"FC Inter Turku";"1769";"FIN - Veikkausliiga";"323";"2025/2025";"128";"Wide Attacker";"82,72";"47,41";"26,96";"20,44";"22";"1";"8932,09";"107,98";"1182,95";"592,27";"65,36";"265,18";"15,14";"857,45";"80,5";"30,29";"31,88";"102,82";"11,64";"84,86";"22,73";"8,41";"0,59";"0,64";"3,14";"1,13";"1,31";"41,68";"1,81";"2,59";"9718,4";"107,98";"1287,09";"644,41";"71,12";"288,53";"16,47";"932,94";"87,59";"111,87";"12,66";"92,33";"24,73";"9,15";"3,41";"45,35";"8200,18";"136,67";"1378,56";"698,77";"74,62";"312,91";"16,8";"1011,68";"91,42";"97,17";"9,38";"69,61";"15,99";"3620,5";"134,28";"585,68";"353,18";"37,45";"190,86";"9,55";"544,05";"47,0";"44,82";"4,73";"28,91";"7,14";"4,05";"1,68";"22,59";"2858,36";"139,83";"503,5";"198,91";"21,5";"56,36";"3,73";"255,27";"25,23";"31,95";"2,68";"26,09";"5,5";"1,45";"0,41";"16,68";"4028,32";"134,28";"651,65";"392,96";"41,67";"212,36";"10,62";"605,33";"52,29";"49,87";"5,26";"32,17";"7,94";"4,5";"1,87";"25,14";"4194,75";"139,83";"738,9";"291,91";"31,55";"82,72";"5,47";"374,62";"37,02";"46,89";"3,94";"38,29";"8,07";"2,13";"0,6";"24,48";"2,65";"6,96";"49,71"
"Antoine Loic Essomba Bikoula";"A. Essomba";"704813";"2003-12-01";"FC Inter Turku";"1769";"FIN - Veikkausliiga";"323";"2026/2026";"130";"Wide Attacker";"81,81";"48,56";"29,29";"19,27";"10";"0";"9115,4";"111,43";"1266,5";"586,0";"61,7";"272,7";"15,5";"858,7";"77,2";"30,52";"31,22";"105,8";"12,3";"85,9";"26,5";"10,0";"0,6";"0,64";"2,9";"1,21";"1,24";"41,0";"1,92";"2,54";"10028,56";"111,43";"1393,37";"644,7";"67,88";"300,02";"17,05";"944,72";"84,93";"116,4";"13,53";"94,51";"29,15";"11,0";"3,19";"45,11";"8283,16";"138,05";"1410,2";"668,78";"69,93";"313,94";"16,31";"982,72";"86,24";"95,75";"9,39";"67,71";"18,66";"3951,0";"134,88";"635,2";"321,1";"33,5";"158,2";"8,5";"479,3";"42,0";"46,5";"5,0";"31,0";"8,2";"4,4";"1,2";"22,9";"2753,3";"142,87";"506,2";"220,2";"23,1";"95,9";"4,7";"316,1";"27,8";"31,0";"2,6";"23,8";"6,9";"1,8";"0,5";"15,1";"4046,54";"134,88";"650,56";"328,86";"34,31";"162,03";"8,71";"490,89";"43,02";"47,62";"5,12";"31,75";"8,4";"4,51";"1,23";"23,45";"4286,03";"142,87";"788,0";"342,78";"35,96";"149,29";"7,32";"492,07";"43,28";"48,26";"4,05";"37,05";"10,74";"2,8";"0,78";"23,51";"2,1";"7,66";"46,95"
"Mads Borchers";"M. Borchers";"705079";"2002-06-18";"HJK Helsinki";"429";"FIN - Veikkausliiga";"323";"2026/2026";"130";"Center Forward";"54,64";"30,77";"16,29";"14,49";"6";"0";"6564,67";"120,15";"1052,83";"443,67";"43,5";"127,33";"8,67";"571,0";"52,17";"28,25";"28,7";"66,5";"6,17";"58,83";"9,33";"4,17";"0,73";"0,81";"0,67";"1,52";"null";"30,33";"2,13";"2,84";"10813,18";"120,15";"1734,2";"730,8";"71,65";"209,74";"14,28";"940,54";"85,93";"109,54";"10,16";"96,91";"15,37";"6,86";"1,1";"49,96";"9327,38";"155,46";"1879,45";"808,45";"77,34";"215,43";"15,6";"1023,88";"92,93";"91,63";"7,15";"74,41";"12,02";"2475,33";"151,96";"501,83";"218,67";"19,17";"61,33";"3,83";"280,0";"23,0";"24,0";"1,67";"18,83";"2,67";"0,83";"0,17";"13,33";"2308,83";"159,38";"462,17";"196,0";"20,5";"49,17";"4,17";"245,17";"24,67";"23,0";"2,0";"19,33";"3,5";"1,33";"0,33";"14,83";"4558,94";"151,96";"924,25";"402,73";"35,3";"112,96";"7,06";"515,69";"42,36";"44,2";"3,07";"34,69";"4,91";"1,53";"0,31";"24,56";"4781,48";"159,38";"957,12";"405,91";"42,45";"101,82";"8,63";"507,73";"51,08";"47,63";"4,14";"40,04";"7,25";"2,76";"0,69";"30,72";"0,97";"4,22";"54,91"
"Mads Borchers";"M. Borchers";"705079";"2002-06-18";"Vaasan Palloseura";"3603";"FIN - Veikkausliiga";"323";"2025/2025";"128";"Center Forward";"94,71";"48,38";"24,85";"23,52";"4";"1";"10879,75";"114,88";"1550,0";"601,5";"62,25";"240,5";"14,5";"842,0";"76,75";"30,52";"30,52";"104,0";"6,5";"87,5";"15,5";"4,75";"0,74";"0,88";"3,0";"1,51";"null";"36,0";"1,91";"3,14";"10338,87";"114,88";"1472,94";"571,6";"59,16";"228,54";"13,78";"800,14";"72,93";"98,83";"6,18";"83,15";"14,73";"4,51";"2,85";"34,21";"9107,29";"151,79";"1699,84";"678,14";"67,6";"280,31";"16,12";"958,45";"83,72";"93,02";"5,89";"70,7";"11,47";"3774,5";"151,87";"697,0";"334,0";"34,25";"171,75";"9,75";"505,75";"44,0";"41,5";"2,75";"29,0";"4,5";"2,75";"2,0";"16,75";"3568,25";"151,71";"673,5";"212,75";"20,25";"54,25";"3,25";"267,0";"23,5";"33,5";"2,0";"28,0";"4,75";"0,5";"0,25";"16,0";"4555,98";"151,87";"841,31";"403,15";"41,34";"207,31";"11,77";"610,46";"53,11";"50,09";"3,32";"35,0";"5,43";"3,32";"2,41";"20,22";"4551,18";"151,71";"859,03";"271,36";"25,83";"69,19";"4,15";"340,55";"29,97";"42,73";"2,55";"35,71";"6,06";"0,64";"0,32";"20,41";"2,79";"4,03";"40,62"
"Niklas Friberg";"N. Friberg";"710440";"1996-03-14";"Valkeakosken Haka";"3099";"FIN - Veikkausliiga";"323";"2025/2025";"128";"Central Defender";"88,92";"49,17";"23,23";"25,94";"19";"0";"9477,37";"106,58";"1275,26";"398,53";"38,42";"139,74";"7,42";"538,26";"45,84";"28,81";"31,1";"102,32";"5,53";"83,95";"10,53";"3,58";"0,66";"0,73";"1,21";"1,36";"1,56";"19,26";"1,83";"2,84";"9592,27";"106,58";"1290,72";"403,36";"38,89";"141,43";"7,51";"544,79";"46,4";"103,56";"5,59";"84,97";"10,65";"3,62";"1,23";"19,5";"8156,76";"135,95";"1313,53";"425,55";"40,72";"153,11";"7,39";"578,67";"48,1";"88,44";"4,43";"67,24";"7,0";"3092,42";"133,14";"484,26";"106,58";"10,05";"24,58";"1,26";"131,16";"11,32";"27,47";"1,63";"21,05";"2,32";"0,89";"0,26";"5,05";"3591,95";"138,46";"592,16";"242,16";"23,32";"100,89";"4,79";"343,05";"28,11";"45,0";"2,0";"34,05";"3,42";"1,42";"0,53";"12,42";"3994,14";"133,14";"625,47";"137,66";"12,98";"31,75";"1,63";"169,4";"14,62";"35,48";"2,11";"27,19";"2,99";"1,16";"0,34";"6,53";"4153,8";"138,46";"684,78";"280,04";"26,96";"116,68";"5,54";"396,71";"32,5";"52,04";"2,31";"39,38";"3,96";"1,64";"0,61";"14,36";"0,96";"2,83";"21,32"
"Atte Sihvonen";"A. Sihvonen";"710449";"1996-02-18";"Turun Palloseura";"5208";"FIN - Veikkausliiga";"323";"2026/2026";"130";"Central Defender";"88,75";"44,57";"22,35";"22,23";"4";"0";"9142,25";"103,01";"1056,0";"344,75";"29,25";"113,0";"4,0";"457,75";"33,25";"27,38";"27,38";"90,0";"4,5";"74,25";"6,5";"1,25";"null";"null";"0,0";"null";"null";"23,5";"2,43";"3,16";"9271,01";"103,01";"1070,87";"349,61";"29,66";"114,59";"4,06";"464,2";"33,72";"91,27";"4,56";"75,3";"6,59";"1,27";"0,0";"23,83";"7951,5";"132,53";"1138,52";"392,41";"32,98";"134,95";"3,7";"527,36";"36,68";"81,44";"3,03";"61,92";"5,38";"2898,0";"129,69";"380,0";"73,0";"7,0";"25,0";"0,25";"98,0";"7,25";"22,5";"0,75";"18,75";"1,25";"0,0";"0,0";"6,75";"3008,75";"135,38";"465,75";"218,5";"17,5";"75,25";"2,5";"293,75";"20,0";"38,0";"1,5";"27,25";"2,75";"0,25";"0,0";"13,75";"3890,66";"129,69";"510,16";"98,0";"9,4";"33,56";"0,34";"131,57";"9,73";"30,21";"1,01";"25,17";"1,68";"0,0";"0,0";"9,06";"4061,3";"135,38";"628,68";"294,94";"23,62";"101,57";"3,37";"396,51";"27,0";"51,29";"2,02";"36,78";"3,71";"0,34";"0,0";"18,56";"0,0";"0,34";"27,6"
"Vincent Ulundu";"V. Ulundu";"716328";"2005-03-25";"Tampereen Ilves";"591";"FIN - Veikkausliiga";"323";"2025/2025";"128";"Full Back";"48,33";"25,75";"14,03";"11,72";"6";"0";"5878,5";"121,63";"946,67";"463,33";"40,17";"182,0";"8,33";"645,33";"48,5";"29,47";"29,66";"63,0";"4,5";"54,33";"9,0";"3,83";"0,65";"0,65";"1,83";"1,2";"1,2";"29,67";"2,03";"2,76";"10946,8";"121,63";"1762,86";"862,81";"74,8";"338,92";"15,52";"1201,72";"90,32";"117,32";"8,38";"101,18";"16,76";"7,14";"3,41";"55,24";"9482,58";"158,04";"1929,14";"997,78";"83,89";"388,39";"17,09";"1386,17";"100,98";"107,2";"6,6";"75,74";"12,04";"2157,67";"153,84";"415,33";"206,67";"18,5";"111,5";"4,17";"318,17";"22,67";"24,67";"1,5";"19,17";"2,0";"1,0";"0,5";"11,17";"1911,5";"163,07";"412,5";"221,5";"17,5";"55,17";"3,17";"276,67";"20,67";"21,33";"1,33";"13,33";"3,17";"1,0";"0,33";"17,0";"4615,33";"153,84";"888,41";"442,07";"39,57";"238,5";"8,91";"680,57";"48,48";"52,76";"3,21";"41,0";"4,28";"2,14";"1,07";"23,89";"4891,99";"163,07";"1055,69";"566,87";"44,79";"141,18";"8,1";"708,06";"52,89";"54,6";"3,41";"34,12";"8,1";"2,56";"0,85";"43,51";"1,94";"4,66";"65,64"
"Vincent Ulundu";"V. Ulundu";"716328";"2005-03-25";"FC Inter Turku";"1769";"FIN - Veikkausliiga";"323";"2026/2026";"130";"Wide Attacker";"55,56";"34,17";"21,81";"12,36";"6";"1";"7135,33";"128,43";"1199,33";"555,17";"56,0";"192,5";"12,33";"747,67";"68,33";"28,83";"28,98";"84,67";"6,83";"70,17";"12,5";"5,33";"0,67";"0,68";"1,33";"1,38";"1,42";"41,67";"2,04";"2,88";"11558,66";"128,43";"1942,82";"899,33";"90,72";"311,83";"19,98";"1211,16";"110,69";"137,15";"11,07";"113,66";"20,25";"8,64";"2,16";"67,5";"9362,75";"156,05";"1859,85";"900,51";"89,26";"319,88";"20,19";"1220,39";"109,45";"111,5";"7,61";"82,82";"14,05";"3228,83";"148,04";"595,5";"303,17";"30,0";"119,33";"7,83";"422,5";"37,83";"39,33";"3,17";"28,17";"4,83";"2,67";"0,5";"21,33";"2103,17";"170,18";"463,67";"209,67";"20,83";"62,83";"3,67";"272,5";"24,5";"24,17";"1,17";"19,0";"3,17";"1,0";"0,0";"17,33";"4441,09";"148,04";"819,08";"416,99";"41,26";"164,14";"10,77";"581,13";"52,04";"54,1";"4,36";"38,74";"6,65";"3,67";"0,69";"29,34";"5105,46";"170,18";"1125,56";"508,97";"50,57";"152,53";"8,9";"661,5";"59,47";"58,66";"2,83";"46,12";"7,69";"2,43";"0,0";"42,08";"0,88";"6,44";"67,9"
"Jonathan Muzinga";"J. Muzinga";"716329";"2002-11-10";"Vaasan Palloseura";"3603";"FIN - Veikkausliiga";"323";"2026/2026";"130";"Center Forward";"76,51";"40,78";"19,54";"21,24";"7";"0";"9001,14";"117,64";"1301,0";"606,71";"58,0";"218,71";"11,57";"825,43";"69,57";"29,51";"29,92";"90,71";"7,43";"73,57";"17,14";"5,0";"0,62";"0,62";"1,86";"1,42";"null";"41,86";"1,92";"2,73";"10587,93";"117,64";"1530,35";"713,67";"68,22";"257,27";"13,61";"970,94";"81,84";"106,71";"8,74";"86,54";"20,16";"5,88";"2,18";"49,24";"9225,2";"153,75";"1712,04";"816,93";"77,55";"299,49";"15,34";"1116,42";"92,9";"94,37";"6,52";"68,1";"14,92";"2924,43";"149,64";"542,14";"250,29";"24,71";"122,0";"5,57";"372,29";"30,29";"33,43";"2,43";"22,14";"4,57";"1,57";"0,86";"15,86";"3346,14";"157,54";"621,57";"305,0";"28,0";"81,57";"4,86";"386,57";"32,86";"30,71";"2,0";"24,14";"5,57";"1,43";"0,43";"22,0";"4489,25";"149,64";"832,24";"384,21";"37,94";"187,28";"8,55";"571,49";"46,49";"51,32";"3,73";"33,99";"7,02";"2,41";"1,32";"24,34";"4726,08";"157,54";"877,91";"430,78";"39,55";"115,21";"6,86";"545,99";"46,41";"43,38";"2,82";"34,1";"7,87";"2,02";"0,61";"31,07";"1,89";"4,41";"55,7"
"Lauri Laine";"L. Laine";"716330";"2005-05-30";"Seinäjoen Jalkapallokerho";"2507";"FIN - Veikkausliiga";"323";"2025/2025";"128";"Midfield";"57,32";"29,28";"11,62";"17,66";"3";"0";"6313,33";"110,14";"952,67";"405,67";"39,67";"176,33";"9,0";"582,0";"48,67";"29,53";"29,53";"71,0";"4,0";"62,33";"8,33";"3,0";"0,7";"null";"1,33";"null";"null";"21,67";"2,61";"null";"9912,39";"110,14";"1495,75";"636,93";"62,28";"276,86";"14,13";"913,78";"76,41";"111,48";"6,28";"97,87";"13,08";"4,71";"2,09";"34,02";"8933,06";"148,88";"1723,49";"768,5";"71,73";"343,61";"17,08";"1112,11";"88,8";"93,59";"4,78";"75,14";"10,93";"1818,0";"156,42";"327,33";"228,0";"22,0";"143,0";"6,67";"371,0";"28,67";"18,0";"1,33";"13,0";"2,33";"1,33";"0,67";"7,67";"2541,0";"143,92";"513,67";"147,0";"13,0";"24,67";"1,67";"171,67";"14,67";"27,67";"1,0";"23,67";"3,0";"0,67";"0,33";"11,67";"4692,73";"156,42";"844,93";"588,53";"56,79";"369,12";"17,21";"957,65";"74,0";"46,46";"3,44";"33,56";"6,02";"3,44";"1,72";"19,79";"4317,62";"143,92";"872,81";"249,78";"22,09";"41,91";"2,83";"291,69";"24,92";"47,01";"1,7";"40,21";"5,1";"1,13";"0,57";"19,82";"2,05";"4,1";"39,62"
"Lauri Laine";"L. Laine";"716330";"2005-05-30";"Seinäjoen Jalkapallokerho";"2507";"FIN - Veikkausliiga";"323";"2025/2025";"128";"Wide Attacker";"69,12";"39,16";"19,56";"19,6";"14";"0";"7757,71";"112,24";"1075,64";"483,36";"48,64";"212,43";"11,64";"695,79";"60,29";"30,52";"32,12";"87,29";"6,86";"75,29";"14,57";"4,86";"0,61";"0,66";"1,36";"1,08";"1,24";"31,93";"2,01";"2,64";"10101,68";"112,24";"1400,64";"629,4";"63,34";"276,61";"15,16";"906,01";"78,5";"113,66";"8,93";"98,03";"18,97";"6,32";"1,77";"41,58";"8503,64";"141,73";"1489,36";"687,93";"66,21";"307,41";"15,65";"995,35";"81,86";"98,5";"7,22";"74,75";"13,24";"2744,57";"140,31";"456,71";"268,93";"26,14";"143,86";"6,93";"412,79";"33,07";"34,86";"3,07";"22,71";"4,5";"2,21";"0,57";"16,64";"2805,57";"143,14";"515,36";"180,07";"17,07";"56,79";"3,29";"236,86";"20,36";"29,43";"1,64";"26,07";"4,14";"0,86";"0,36";"13,14";"4209,31";"140,31";"700,46";"412,45";"40,09";"220,63";"10,63";"633,08";"50,72";"53,46";"4,71";"34,84";"6,9";"3,4";"0,88";"25,52";"4294,24";"143,14";"788,81";"275,62";"26,13";"86,92";"5,03";"362,54";"31,16";"45,04";"2,51";"39,91";"6,34";"1,31";"0,55";"20,12";"1,42";"4,71";"45,64"
"Liam Möller";"L. Möller";"717442";"2006-12-21";"HJK Helsinki";"429";"FIN - Veikkausliiga";"323";"2025/2025";"128";"Wide Attacker";"53,63";"32,47";"18,25";"14,22";"13";"0";"6888,77";"128,45";"1204,0";"593,0";"58,69";"271,77";"14,08";"864,77";"72,77";"30,09";"31,22";"83,31";"5,69";"71,08";"17,62";"4,0";"0,66";"0,69";"1,62";"1,38";"1,46";"34,15";"1,88";"2,73";"11560,88";"128,45";"2020,58";"995,19";"98,5";"456,09";"23,62";"1451,27";"122,12";"139,81";"9,55";"119,28";"29,56";"6,71";"2,71";"57,32";"9561,19";"159,35";"2023,03";"1015,35";"99,22";"470,65";"23,74";"1486,0";"122,96";"116,13";"6,68";"87,42";"19,19";"2850,54";"156,16";"571,08";"305,92";"28,92";"151,92";"7,15";"457,85";"36,08";"36,69";"2,23";"25,77";"4,77";"1,62";"0,69";"17,08";"2323,54";"163,45";"523,69";"243,54";"24,77";"102,77";"5,69";"346,31";"30,46";"26,15";"1,38";"21,54";"5,62";"1,0";"0,15";"14,77";"4684,83";"156,16";"938,56";"502,78";"47,53";"249,68";"11,76";"752,47";"59,29";"60,3";"3,67";"42,35";"7,84";"2,65";"1,14";"28,07";"4903,57";"163,45";"1105,19";"513,96";"52,27";"216,88";"12,01";"730,84";"64,29";"55,19";"2,92";"45,45";"11,85";"2,11";"0,32";"31,17";"1,56";"4,83";"58,85"
"Liam Möller";"L. Möller";"717442";"2006-12-21";"HJK Helsinki";"429";"FIN - Veikkausliiga";"323";"2026/2026";"130";"Wide Attacker";"67,73";"39,33";"22,15";"17,17";"4";"0";"8863,25";"130,86";"1669,0";"642,5";"65,75";"226,75";"13,5";"869,25";"79,25";"30,85";"30,85";"102,5";"7,25";"84,5";"18,75";"5,5";"0,78";"0,85";"1,25";"null";"null";"49,5";"2,17";"2,97";"11776,96";"130,86";"2217,67";"853,72";"87,36";"301,29";"17,94";"1155,01";"105,3";"136,2";"9,63";"112,28";"24,91";"7,31";"1,66";"65,77";"10095,49";"168,26";"2387,41";"927,65";"93,07";"280,36";"19,07";"1208,01";"112,14";"116,72";"7,25";"86,2";"16,4";"3610,25";"162,96";"797,75";"326,75";"32,5";"124,75";"7,5";"451,5";"40,0";"41,25";"3,0";"29,75";"6,0";"2,75";"0,5";"21,0";"3006,5";"175,09";"767,0";"281,25";"28,5";"59,0";"5,0";"340,25";"33,5";"35,25";"1,75";"26,75";"4,75";"0,75";"0,0";"25,25";"4888,81";"162,96";"1080,27";"442,47";"44,01";"168,93";"10,16";"611,4";"54,17";"55,86";"4,06";"40,29";"8,12";"3,72";"0,68";"28,44";"5252,8";"175,09";"1340,06";"491,39";"49,79";"103,08";"8,74";"594,47";"58,53";"61,59";"3,06";"46,74";"8,3";"1,31";"0,0";"44,12";"0,76";"5,34";"70,57"
"Michael  Boamah";"M. Boamah";"719319";"2003-04-16";"Valkeakosken Haka";"3099";"FIN - Veikkausliiga";"323";"2025/2025";"128";"Central Defender";"62,93";"33,56";"14,45";"19,11";"3";"0";"6706,67";"106,58";"840,0";"326,67";"30,0";"109,0";"6,0";"435,67";"36,0";"30,17";"30,17";"69,33";"3,67";"55,33";"8,0";"3,67";"0,73";"null";"2,0";"null";"null";"17,33";"null";"null";"9591,95";"106,58";"1201,38";"467,2";"42,91";"155,89";"8,58";"623,1";"51,49";"99,16";"5,24";"79,14";"11,44";"5,24";"2,86";"24,79";"8191,79";"136,53";"1284,44";"496,49";"46,49";"171,06";"8,94";"667,55";"55,43";"86,42";"4,77";"63,18";"7,15";"1962,0";"135,78";"296,67";"62,67";"6,0";"15,0";"1,0";"77,67";"7,0";"18,67";"1,33";"15,0";"2,0";"1,0";"0,67";"4,33";"2619,33";"137,1";"421,67";"215,0";"20,0";"80,67";"4,0";"295,67";"24,0";"29,67";"1,33";"20,33";"2,0";"1,0";"0,33";"11,33";"4073,36";"135,78";"615,92";"130,1";"12,46";"31,14";"2,08";"161,25";"14,53";"38,75";"2,77";"31,14";"4,15";"2,08";"1,38";"9,0";"4112,94";"137,1";"662,11";"337,6";"31,4";"126,66";"6,28";"464,26";"37,69";"46,58";"2,09";"31,93";"3,14";"1,57";"0,52";"17,8";"1,79";"3,58";"28,01"
"Aaro Toivonen";"A. Toivonen";"719343";"2005-04-19";"Kotkan Työväen Palloilijat";"5279";"FIN - Veikkausliiga";"323";"2025/2025";"128";"Full Back";"78,66";"37,24";"17,47";"19,78";"3";"0";"9208,0";"117,07";"1745,67";"735,67";"59,67";"182,0";"9,0";"917,67";"68,67";"27,93";"27,93";"90,67";"5,33";"81,0";"12,67";"3,67";"0,83";"null";"0,0";"null";"null";"36,0";"2,39";"3,04";"10536,06";"117,07";"1997,44";"841,77";"68,27";"208,25";"10,3";"1050,02";"78,57";"103,74";"6,1";"92,68";"14,49";"4,2";"0,0";"41,19";"9765,21";"162,75";"2389,08";"1069,69";"85,92";"232,52";"13,42";"1302,21";"99,34";"99,88";"5,37";"74,64";"11,81";"2962,0";"169,58";"754,33";"276,67";"22,33";"52,33";"2,67";"329,0";"25,0";"26,67";"1,33";"21,67";"3,0";"0,67";"0,0";"13,33";"3099,67";"156,72";"728,67";"387,33";"31,0";"92,0";"5,67";"479,33";"36,67";"35,33";"2,0";"24,67";"4,33";"1,67";"0,0";"18,67";"5087,4";"169,58";"1295,61";"475,19";"38,36";"89,89";"4,58";"565,08";"42,94";"45,8";"2,29";"37,21";"5,15";"1,15";"0,0";"22,9";"4701,74";"156,72";"1105,28";"587,53";"47,02";"139,55";"8,6";"727,08";"55,62";"53,6";"3,03";"37,42";"6,57";"2,53";"0,0";"28,31";"0,0";"3,76";"51,55"
"Aaro Toivonen";"A. Toivonen";"719343";"2005-04-19";"Kotkan Työväen Palloilijat";"5279";"FIN - Veikkausliiga";"323";"2025/2025";"128";"Midfield";"84,15";"44,84";"21,9";"22,94";"6";"0";"10511,5";"124,91";"1964,83";"603,0";"49,0";"118,83";"6,5";"721,83";"55,5";"27,17";"27,46";"102,0";"3,67";"93,67";"12,17";"2,0";"0,72";"0,79";"0,0";"null";"null";"42,17";"2,12";"2,87";"11241,87";"124,91";"2101,36";"644,9";"52,4";"127,09";"6,95";"771,99";"59,36";"109,09";"3,92";"100,17";"13,01";"2,14";"0,0";"45,1";"9996,23";"166,6";"2381,41";"750,69";"59,99";"150,76";"7,14";"901,45";"67,13";"95,9";"3,57";"77,39";"9,37";"3545,67";"161,88";"850,83";"199,17";"16,67";"34,67";"2,0";"233,83";"18,67";"33,0";"1,0";"26,5";"2,5";"0,33";"0,0";"14,67";"3924,67";"171,11";"928,83";"361,83";"28,17";"78,0";"3,33";"439,83";"31,5";"38,67";"1,67";"31,33";"4,5";"1,0";"0,0";"24,67";"4856,46";"161,88";"1165,38";"272,8";"22,83";"47,48";"2,74";"320,28";"25,57";"45,2";"1,37";"36,3";"3,42";"0,46";"0,0";"20,09";"5133,39";"171,11";"1214,9";"473,27";"36,84";"102,02";"4,36";"575,29";"41,2";"50,58";"2,18";"40,98";"5,89";"1,31";"0,0";"32,26";"0,0";"1,78";"52,63"
"Seth Saarinen";"S. Saarinen";"719352";"2001-05-05";"FC Inter Turku";"1769";"FIN - Veikkausliiga";"323";"2025/2025";"128";"Full Back";"86,73";"48,79";"25,39";"23,4";"7";"0";"10130,0";"116,8";"1510,43";"609,0";"55,57";"209,0";"10,43";"818,0";"66,0";"29,7";"30,16";"109,43";"6,57";"96,57";"12,57";"4,71";"0,63";"0,7";"1,0";"1,37";"null";"32,0";"2,14";"3,03";"10511,82";"116,8";"1567,36";"631,95";"57,67";"216,88";"10,82";"848,83";"68,49";"113,55";"6,82";"100,21";"13,05";"4,89";"1,04";"33,21";"8985,51";"149,76";"1638,81";"687,46";"62,72";"238,06";"10,89";"925,52";"73,61";"98,38";"5,8";"77,13";"9,14";"3767,43";"148,41";"698,0";"286,71";"26,29";"104,86";"5,0";"391,57";"31,29";"40,0";"2,57";"30,71";"3,29";"1,57";"0,43";"11,0";"3539,0";"151,22";"634,57";"272,29";"24,71";"88,71";"3,86";"361,0";"28,57";"40,0";"2,14";"32,0";"4,14";"1,43";"0,29";"18,0";"4452,22";"148,41";"824,87";"338,83";"31,06";"123,92";"5,91";"462,75";"36,97";"47,27";"3,04";"36,3";"3,88";"1,86";"0,51";"13,0";"4536,72";"151,22";"813,47";"349,05";"31,68";"113,72";"4,94";"462,77";"36,63";"51,28";"2,75";"41,02";"5,31";"1,83";"0,37";"23,07";"0,88";"3,69";"35,66"
"Seth Saarinen";"S. Saarinen";"719352";"2001-05-05";"FC Inter Turku";"1769";"FIN - Veikkausliiga";"323";"2026/2026";"130";"Full Back";"82,66";"48,75";"29,67";"19,08";"3";"1";"10200,0";"123,4";"1717,67";"637,67";"59,67";"238,67";"11,0";"876,33";"70,67";"29,33";"29,33";"117,0";"6,67";"98,67";"13,67";"5,0";"0,66";"0,78";"1,67";"1,44";"1,62";"35,0";"2,36";"2,82";"11106,33";"123,4";"1870,29";"694,33";"64,97";"259,87";"11,98";"954,2";"76,95";"127,4";"7,26";"107,43";"14,88";"5,44";"1,81";"38,11";"9213,13";"153,55";"1830,97";"720,41";"66,87";"269,13";"12,72";"989,54";"79,59";"106,67";"5,74";"76,31";"10,26";"4483,0";"151,08";"885,0";"324,67";"29,33";"132,0";"6,0";"456,67";"35,33";"49,67";"2,67";"38,33";"4,67";"2,33";"1,0";"16,33";"3002,67";"157,39";"602,67";"260,67";"25,0";"86,67";"4,33";"347,33";"29,33";"37,0";"2,0";"23,67";"3,67";"1,0";"0,33";"14,33";"4532,52";"151,08";"894,78";"328,25";"29,66";"133,46";"6,07";"461,71";"35,72";"50,22";"2,7";"38,76";"4,72";"2,36";"1,01";"16,51";"4721,72";"157,39";"947,7";"409,9";"39,31";"136,28";"6,81";"546,19";"46,13";"58,18";"3,15";"37,22";"5,77";"1,57";"0,52";"22,54";"1,64";"4,1";"37,74"
"Armaan Wilson";"A. Wilson";"734837";"2002-05-29";"Seinäjoen Jalkapallokerho";"2507";"FIN - Veikkausliiga";"323";"2026/2026";"130";"Full Back";"93,02";"50,15";"26,7";"23,44";"4";"0";"10484,5";"112,71";"1465,75";"653,0";"65,0";"282,75";"15,75";"935,75";"80,75";"30,93";"30,93";"112,75";"10,75";"97,0";"19,75";"7,25";"0,67";"0,79";"2,75";"1,34";"null";"33,5";"2,31";"null";"10144,02";"112,71";"1418,15";"631,79";"62,89";"273,57";"15,24";"905,36";"78,13";"109,09";"10,4";"93,85";"19,11";"7,01";"2,66";"32,41";"8775,21";"146,25";"1520,17";"730,17";"69,4";"321,26";"16,15";"1051,43";"85,55";"98,71";"7,18";"72,09";"13,16";"3795,75";"142,14";"626,75";"281,25";"26,5";"109,0";"5,5";"390,25";"32,0";"40,0";"3,5";"31,25";"6,25";"2,25";"1,0";"12,0";"3538,25";"150,94";"643,75";"329,0";"31,5";"159,5";"8,0";"488,5";"39,5";"42,5";"2,5";"29,0";"4,75";"1,75";"1,0";"19,0";"4264,22";"142,14";"704,1";"315,96";"29,77";"122,45";"6,18";"438,41";"35,95";"44,94";"3,93";"35,11";"7,02";"2,53";"1,12";"13,48";"4528,15";"150,94";"823,85";"421,05";"40,31";"204,12";"10,24";"625,17";"50,55";"54,39";"3,2";"37,11";"6,08";"2,24";"1,28";"24,32";"2,39";"4,79";"37,09"
"Armaan Wilson";"A. Wilson";"734837";"2002-05-29";"Seinäjoen Jalkapallokerho";"2507";"FIN - Veikkausliiga";"323";"2025/2025";"128";"Midfield";"57,73";"32,35";"13,41";"18,95";"8";"0";"6962,38";"120,61";"1224,75";"408,38";"34,38";"86,12";"4,75";"494,5";"39,12";"27,29";"28,18";"76,5";"3,25";"67,0";"9,75";"2,62";"0,75";"0,79";"0,38";"null";"null";"25,88";"2,15";"2,93";"10854,76";"120,61";"1909,46";"636,68";"53,59";"134,27";"7,41";"770,96";"61,0";"119,27";"5,07";"104,46";"15,2";"4,09";"0,58";"40,34";"9410,07";"156,83";"2075,39";"706,32";"59,81";"154,85";"7,42";"861,17";"67,22";"101,07";"3,71";"80,67";"11,36";"2052,5";"153,08";"443,75";"132,0";"11,12";"31,0";"1,5";"163,0";"12,62";"22,12";"0,88";"17,0";"1,88";"0,38";"0,0";"7,12";"3021,75";"159,49";"675,38";"248,88";"21,12";"52,5";"2,5";"301,38";"23,62";"32,38";"1,12";"26,5";"4,25";"1,0";"0,0";"17,0";"4592,29";"153,08";"992,85";"295,34";"24,89";"69,36";"3,36";"364,7";"28,25";"49,5";"1,96";"38,04";"4,2";"0,84";"0,0";"15,94";"4784,83";"159,49";"1069,43";"394,08";"33,45";"83,13";"3,96";"477,22";"37,41";"51,26";"1,78";"41,96";"6,73";"1,58";"0,0";"26,92";"0,0";"2,55";"44,74"
"Armaan Wilson";"A. Wilson";"734837";"2002-05-29";"Kotkan Työväen Palloilijat";"5279";"FIN - Veikkausliiga";"323";"2025/2025";"128";"Midfield";"92,17";"49,67";"22,31";"27,35";"9";"0";"11097,0";"120,4";"1974,22";"728,56";"61,44";"171,56";"9,56";"900,11";"71,0";"28,19";"29,26";"122,56";"6,0";"109,44";"15,78";"3,22";"0,71";"0,88";"0,56";"1,49";"null";"40,22";"1,9";"2,82";"10836,13";"120,4";"1927,81";"711,43";"60,0";"167,52";"9,33";"878,95";"69,33";"119,67";"5,86";"106,87";"15,41";"3,15";"0,54";"39,28";"9569,93";"159,5";"2156,38";"818,66";"66,71";"198,52";"9,4";"1017,18";"76,11";"104,97";"4,3";"84,43";"11,81";"3357,44";"150,46";"683,0";"222,56";"17,33";"47,56";"1,89";"270,11";"19,22";"32,89";"1,56";"29,22";"2,56";"0,89";"0,0";"11,22";"4564,33";"166,87";"1102,0";"455,11";"37,89";"116,78";"5,89";"571,89";"43,78";"54,0";"2,0";"40,67";"7,22";"1,0";"0,22";"25,89";"4513,74";"150,46";"918,22";"299,2";"23,3";"63,93";"2,54";"363,14";"25,84";"44,22";"2,09";"39,29";"3,44";"1,2";"0,0";"15,09";"5006,24";"166,87";"1208,69";"499,17";"41,56";"128,08";"6,46";"627,26";"48,02";"59,23";"2,19";"44,6";"7,92";"1,1";"0,24";"28,4";"0,27";"2,28";"44,83"
"Adramane Cassamá";"Adramane Cassamá";"735641";"2004-01-16";"AC Oulu";"5278";"FIN - Veikkausliiga";"323";"2025/2025";"128";"Full Back";"95,54";"52,13";"26,85";"25,29";"15";"0";"10248,47";"107,27";"1258,2";"570,47";"57,27";"248,8";"13,07";"819,27";"70,33";"30,53";"32,52";"100,0";"7,47";"88,53";"15,6";"6,6";"0,57";"0,57";"3,4";"1,2";"1,25";"30,87";"2,05";"2,58";"9653,97";"107,27";"1185,21";"537,37";"53,94";"234,37";"12,31";"771,74";"66,25";"94,2";"7,03";"83,4";"14,7";"6,22";"3,2";"29,08";"8088,01";"134,8";"1252,53";"589,02";"58,39";"261,25";"13,04";"850,26";"71,43";"84,63";"5,6";"63,53";"10,36";"3404,4";"126,8";"459,13";"225,27";"23,2";"121,07";"5,87";"346,33";"29,07";"32,4";"2,4";"25,07";"4,13";"1,93";"0,93";"10,27";"3623,33";"143,29";"629,2";"286,53";"27,53";"105,93";"5,47";"392,47";"33,0";"41,13";"2,47";"30,13";"4,87";"1,93";"1,13";"17,73";"3804,11";"126,8";"513,04";"251,72";"25,92";"135,28";"6,56";"387,0";"32,48";"36,2";"2,68";"28,01";"4,62";"2,16";"1,04";"11,47";"4298,71";"143,29";"746,48";"339,94";"32,67";"125,68";"6,49";"465,62";"39,15";"48,8";"2,93";"35,75";"5,77";"2,29";"1,34";"21,04";"2,38";"4,45";"32,22"
"Kelvin Spencer Pires";"Kelvin Pires";"777060";"2000-06-05";"Seinäjoen Jalkapallokerho";"2507";"FIN - Veikkausliiga";"323";"2025/2025";"128";"Central Defender";"87,97";"48,87";"23,99";"24,88";"18";"1";"9155,33";"104,07";"1143,39";"375,5";"36,44";"136,83";"7,28";"512,33";"43,72";"29,11";"31,38";"96,11";"4,94";"76,67";"8,67";"2,72";"0,65";"0,69";"1,11";"1,19";"1,4";"19,89";"2,15";"2,87";"9366,27";"104,07";"1169,73";"384,15";"37,28";"139,99";"7,45";"524,14";"44,73";"98,33";"5,06";"78,43";"8,87";"2,78";"1,14";"20,35";"7889,47";"131,49";"1179,83";"402,65";"39,02";"156,88";"7,64";"559,53";"46,66";"84,1";"4,16";"62,55";"6,55";"3028,89";"126,27";"411,06";"105,28";"9,67";"27,11";"1,39";"132,39";"11,06";"26,22";"1,5";"21,22";"1,94";"0,5";"0,44";"5,56";"3396,89";"136,52";"549,89";"222,67";"22,11";"100,67";"4,83";"323,33";"26,94";"42,28";"1,89";"29,72";"3,39";"1,06";"0,17";"12,39";"3788,16";"126,27";"514,1";"131,67";"12,09";"33,91";"1,74";"165,58";"13,83";"32,8";"1,88";"26,54";"2,43";"0,63";"0,56";"6,95";"4095,68";"136,52";"663,01";"268,47";"26,66";"121,38";"5,83";"389,85";"32,49";"50,97";"2,28";"35,84";"4,09";"1,27";"0,2";"14,94";"0,75";"1,91";"22,03"
"Kelvin Spencer Pires";"Kelvin Pires";"777060";"2000-06-05";"Seinäjoen Jalkapallokerho";"2507";"FIN - Veikkausliiga";"323";"2026/2026";"130";"Central Defender";"95,61";"55,24";"30,19";"25,05";"7";"0";"10497,29";"109,79";"1372,43";"476,71";"45,14";"165,29";"8,14";"642,0";"53,29";"29,87";"30,54";"110,0";"5,29";"90,86";"9,71";"3,57";"0,63";"0,63";"1,14";"1,45";"null";"26,43";"2,18";"2,81";"9880,91";"109,79";"1291,84";"448,72";"42,49";"155,58";"7,66";"604,3";"50,16";"103,54";"4,98";"85,52";"9,14";"3,36";"1,08";"24,88";"8129,02";"135,48";"1275,05";"469,4";"43,14";"163,24";"7,45";"632,64";"50,59";"84,88";"4,5";"63,62";"6,21";"3896,29";"129,07";"552,0";"147,43";"14,29";"53,0";"2,0";"200,43";"16,29";"34,57";"2,0";"29,57";"2,86";"1,29";"0,0";"7,57";"3587,57";"143,22";"621,86";"284,71";"25,43";"97,29";"4,86";"382,0";"30,29";"43,57";"2,14";"29,0";"2,86";"1,14";"0,43";"16,43";"3872,01";"129,07";"548,56";"146,51";"14,2";"52,67";"1,99";"199,18";"16,18";"34,36";"1,99";"29,39";"2,84";"1,28";"0,0";"7,52";"4296,49";"143,22";"744,74";"340,98";"30,45";"116,51";"5,82";"457,49";"36,27";"52,18";"2,57";"34,73";"3,42";"1,37";"0,51";"19,67";"0,47";"2,64";"26,07"
"Will Wilson";"W. Wilson";"795515";"2001-12-23";"Vaasan Palloseura";"3603";"FIN - Veikkausliiga";"323";"2025/2025";"128";"Midfield";"72,35";"36,43";"18,44";"17,99";"7";"0";"9207,57";"127,26";"1721,29";"748,86";"67,57";"265,86";"12,14";"1014,71";"79,71";"29,94";"30,38";"98,71";"5,86";"82,86";"18,71";"4,0";"0,65";"0,77";"1,71";"1,44";"null";"42,0";"2,04";"2,71";"11453,03";"127,26";"2141,06";"931,48";"84,05";"330,69";"15,1";"1262,17";"99,15";"122,79";"7,29";"103,06";"23,28";"4,98";"2,13";"52,24";"10504,73";"175,08";"2553,01";"1146,75";"101,17";"388,21";"17,41";"1534,96";"118,58";"113,64";"6,35";"82,11";"18,35";"3140,14";"170,26";"688,29";"320,29";"30,71";"147,86";"7,0";"468,14";"37,71";"33,0";"2,14";"23,43";"4,43";"1,57";"0,71";"16,71";"3238,14";"180,02";"861,86";"376,0";"30,71";"87,86";"3,57";"463,86";"34,29";"36,0";"1,71";"26,43";"6,71";"1,29";"0,14";"21,57";"5107,9";"170,26";"1119,6";"520,99";"49,96";"240,51";"11,39";"761,5";"61,35";"53,68";"3,49";"38,11";"7,2";"2,56";"1,16";"27,19";"5400,48";"180,02";"1437,38";"627,08";"51,22";"146,53";"5,96";"773,61";"57,18";"60,04";"2,86";"44,08";"11,2";"2,14";"0,24";"35,98";"1,41";"4,71";"63,05"
"Mitchell Glasson";"M. Glasson";"795546";"2006-05-04";"Kotkan Työväen Palloilijat";"5279";"FIN - Veikkausliiga";"323";"2025/2025";"128";"Wide Attacker";"86,89";"44,11";"20,02";"24,09";"4";"0";"10688,75";"123,02";"1802,0";"765,25";"67,5";"182,5";"10,75";"947,75";"78,25";"28,0";"28,0";"109,0";"6,0";"91,5";"16,5";"3,0";"0,72";"null";"0,0";"null";"null";"43,75";"2,25";"2,86";"11071,64";"123,02";"1866,55";"792,66";"69,92";"189,04";"11,14";"981,7";"81,05";"112,9";"6,21";"94,78";"17,09";"3,11";"0,0";"45,32";"9625,05";"160,42";"2086,34";"937,24";"77,54";"235,67";"11,9";"1172,91";"89,44";"97,94";"5,78";"72,1";"10,54";"3144,0";"157,07";"672,5";"311,5";"26,5";"83,25";"4,0";"394,75";"30,5";"34,0";"2,0";"23,5";"4,25";"0,75";"0,0";"17,5";"3931,75";"163,2";"861,25";"377,5";"30,5";"90,0";"4,75";"467,5";"35,25";"38,0";"2,25";"29,5";"3,5";"1,25";"0,0";"22,5";"4712,07";"157,07";"1007,91";"466,86";"39,72";"124,77";"6,0";"591,63";"45,71";"50,96";"3,0";"35,22";"6,37";"1,12";"0,0";"26,23";"4895,99";"163,2";"1072,47";"470,08";"37,98";"112,07";"5,91";"582,15";"43,89";"47,32";"2,8";"36,73";"4,36";"1,56";"0,0";"28,02";"0,0";"2,72";"54,41"
"André Augustine Amos Raymond";"A. Raymond";"797912";"2000-11-09";"Tampereen Ilves";"591";"FIN - Veikkausliiga";"323";"2025/2025";"128";"Full Back";"49,27";"27,13";"14,48";"12,65";"5";"0";"5290,2";"107,36";"721,4";"379,4";"38,6";"178,6";"9,8";"558,0";"48,4";"30,54";"30,54";"59,0";"5,6";"52,2";"12,0";"4,8";"0,66";"0,73";"2,8";"1,2";"null";"21,4";"2,35";"null";"9662,79";"107,36";"1317,67";"692,99";"70,5";"326,22";"17,9";"1019,21";"88,4";"107,77";"10,23";"95,35";"21,92";"8,77";"5,11";"39,09";"8341,17";"139,02";"1396,83";"770,07";"76,08";"343,68";"18,58";"1113,75";"94,66";"95,98";"8,85";"73,87";"18,13";"1987,4";"137,22";"310,0";"196,4";"17,6";"77,6";"4,0";"274,0";"21,6";"20,6";"2,8";"17,4";"4,0";"2,2";"1,0";"8,8";"1784,2";"141,08";"321,6";"151,8";"16,8";"77,8";"4,4";"229,6";"21,2";"22,8";"1,2";"16,0";"4,2";"0,8";"0,4";"10,2";"4116,59";"137,22";"642,12";"406,81";"36,46";"160,74";"8,29";"567,55";"44,74";"42,67";"5,8";"36,04";"8,29";"4,56";"2,07";"18,23";"4232,42";"141,08";"762,89";"360,09";"39,85";"184,55";"10,44";"544,65";"50,29";"54,09";"2,85";"37,95";"9,96";"1,9";"0,95";"24,2";"3,1";"6,63";"42,02"
"Jeremiah Streng";"J. Streng";"809020";"2001-11-08";"Seinäjoen Jalkapallokerho";"2507";"FIN - Veikkausliiga";"323";"2025/2025";"128";"Center Forward";"72,26";"39,9";"19,45";"20,45";"22";"1";"7713,64";"106,75";"924,32";"430,86";"46,0";"169,59";"10,27";"600,45";"56,27";"30,03";"32,4";"80,41";"6,36";"69,86";"12,32";"4,55";"0,58";"0,63";"1,23";"1,07";"1,27";"28,32";"1,96";"2,76";"9607,78";"106,75";"1151,29";"536,67";"57,3";"211,24";"12,8";"747,9";"70,09";"100,15";"7,93";"87,02";"15,34";"5,66";"1,53";"35,27";"8188,65";"136,48";"1251,78";"599,82";"62,61";"239,42";"13,26";"839,24";"75,87";"87,01";"6,15";"66,64";"11,28";"2631,32";"135,26";"407,64";"212,14";"22,55";"109,0";"6,05";"321,14";"28,59";"30,77";"2,23";"20,55";"3,5";"1,14";"0,32";"12,09";"2814,55";"137,64";"424,86";"186,77";"19,09";"50,23";"2,77";"237,0";"21,86";"27,09";"1,86";"23,77";"4,0";"1,45";"0,23";"14,14";"4057,8";"135,26";"628,62";"327,14";"34,77";"168,09";"9,32";"495,23";"44,09";"47,46";"3,43";"31,68";"5,4";"1,75";"0,49";"18,65";"4129,07";"137,64";"623,29";"274,0";"28,01";"73,69";"4,07";"347,69";"32,07";"39,74";"2,73";"34,88";"5,87";"2,13";"0,33";"20,74";"0,82";"3,9";"39,44"
"Jeremiah Streng";"J. Streng";"809020";"2001-11-08";"Seinäjoen Jalkapallokerho";"2507";"FIN - Veikkausliiga";"323";"2026/2026";"130";"Center Forward";"81,3";"44,29";"25,97";"18,31";"5";"0";"8996,4";"110,66";"1174,8";"398,4";"37,4";"106,4";"6,0";"504,8";"43,4";"28,32";"28,32";"85,4";"5,2";"73,6";"8,6";"2,4";"0,71";"null";"1,2";"null";"null";"30,6";"2,13";"null";"9959,11";"110,66";"1300,52";"441,03";"41,4";"117,79";"6,64";"558,82";"48,04";"94,54";"5,76";"81,48";"9,52";"2,66";"1,33";"33,87";"8613,61";"143,56";"1456,15";"504,53";"46,88";"140,63";"6,77";"645,16";"53,65";"84,54";"5,96";"65,84";"8,67";"3619,6";"139,36";"567,2";"189,4";"18,4";"64,2";"2,4";"253,6";"20,8";"38,4";"2,6";"27,6";"3,4";"1,0";"0,4";"15,0";"2738,2";"149,52";"507,6";"183,0";"16,2";"39,6";"2,6";"222,6";"18,8";"24,0";"1,8";"21,0";"3,0";"0,6";"0,4";"13,0";"4180,75";"139,36";"655,13";"218,76";"21,25";"74,15";"2,77";"292,92";"24,02";"44,35";"3,0";"31,88";"3,93";"1,16";"0,46";"17,33";"4485,58";"149,52";"831,53";"299,78";"26,54";"64,87";"4,26";"364,65";"30,8";"39,32";"2,95";"34,4";"4,91";"0,98";"0,66";"21,3";"1,08";"2,17";"37,93"
"Shadirac Chyreme Say";"S. Say";"812904";"2004-04-23";"AC Oulu";"5278";"FIN - Veikkausliiga";"323";"2025/2025";"128";"Central Defender";"97,32";"52,39";"26,12";"26,27";"8";"0";"9929,0";"102,02";"1118,12";"394,88";"45,12";"166,5";"9,25";"561,38";"54,38";"29,75";"31,06";"106,75";"7,38";"86,0";"13,38";"6,0";"0,64";"0,73";"1,0";"1,3";"null";"20,5";"2,13";"3,17";"9181,91";"102,02";"1033,99";"365,16";"41,73";"153,97";"8,55";"519,14";"50,28";"98,72";"6,82";"79,53";"12,37";"5,55";"0,92";"18,96";"7891,0";"131,52";"1076,51";"396,53";"45,38";"167,63";"8,73";"564,16";"54,11";"82,17";"4,58";"61,56";"6,73";"3139,88";"120,21";"344,38";"91,5";"10,75";"25,25";"1,38";"116,75";"12,12";"26,88";"1,88";"22,25";"2,5";"1,38";"0,0";"4,5";"3750,5";"142,76";"595,62";"254,75";"28,88";"121,12";"6,25";"375,88";"35,12";"44,88";"2,12";"31,5";"3,38";"1,75";"0,38";"13,25";"3606,17";"120,21";"395,52";"105,09";"12,35";"29,0";"1,58";"134,09";"13,93";"30,87";"2,15";"25,55";"2,87";"1,58";"0,0";"5,17";"4282,89";"142,76";"680,17";"290,91";"32,97";"138,32";"7,14";"429,23";"40,11";"51,25";"2,43";"35,97";"3,85";"2,0";"0,43";"15,13";"0,43";"3,58";"20,33"
"Nicolas Fleuriau Chateau";"N. Fleuriau Chateau";"815893";"2002-05-21";"Vaasan Palloseura";"3603";"FIN - Veikkausliiga";"323";"2025/2025";"128";"Center Forward";"83,04";"42,46";"21,01";"21,45";"11";"2";"9109,27";"109,7";"1141,27";"521,73";"55,45";"272,09";"12,27";"793,82";"67,73";"31,1";"32,14";"82,18";"7,0";"68,27";"12,91";"5,0";"0,68";"0,72";"2,91";"1,23";"1,27";"29,91";"1,99";"2,65";"9873,02";"109,7";"1236,96";"565,47";"60,1";"294,9";"13,3";"860,37";"73,41";"89,07";"7,59";"74,0";"13,99";"5,42";"3,15";"32,42";"8695,24";"144,92";"1414,18";"669,0";"68,21";"342,72";"14,9";"1011,73";"83,11";"79,13";"6,68";"61,4";"10,92";"3038,82";"144,61";"489,64";"245,91";"26,91";"168,27";"7,09";"414,18";"34,0";"31,91";"2,64";"21,64";"3,64";"1,64";"0,55";"15,09";"3114,82";"145,22";"511,18";"227,55";"21,36";"74,27";"3,45";"301,82";"24,82";"24,09";"2,09";"21,82";"4,09";"1,45";"0,91";"11,64";"4338,35";"144,61";"699,03";"351,07";"38,42";"240,23";"10,12";"591,3";"48,54";"45,55";"3,76";"30,89";"5,19";"2,34";"0,78";"21,54";"4356,7";"145,22";"714,99";"318,27";"29,88";"103,89";"4,83";"422,15";"34,71";"33,7";"2,92";"30,52";"5,72";"2,03";"1,27";"16,28";"2,06";"4,37";"37,77"
"Elias  Enrique Romero Barrios";"E. Romero";"818034";"1996-07-12";"Valkeakosken Haka";"3099";"FIN - Veikkausliiga";"323";"2025/2025";"128";"Midfield";"76,41";"39,54";"18,99";"20,54";"7";"0";"9212,43";"120,57";"1536,29";"466,86";"39,43";"63,57";"4,0";"530,43";"43,43";"26,51";"26,96";"90,14";"3,14";"79,57";"9,43";"1,71";"0,79";"1,05";"0,14";"null";"null";"22,14";"2,32";"3,07";"10850,98";"120,57";"1809,54";"549,89";"46,44";"74,88";"4,71";"624,77";"51,15";"106,18";"3,7";"93,72";"11,11";"2,02";"0,17";"26,08";"9721,84";"162,03";"2130,73";"670,79";"55,93";"92,36";"4,12";"763,14";"60,05";"99,3";"3,47";"77,62";"8,89";"3034,71";"159,78";"637,0";"125,57";"11,86";"19,0";"0,86";"144,57";"12,71";"26,57";"1,0";"21,57";"1,43";"0,14";"0,0";"7,71";"3371,29";"164,11";"767,0";"316,43";"25,0";"41,86";"1,86";"358,29";"26,86";"38,86";"1,29";"29,57";"4,43";"0,43";"0,14";"13,0";"4793,46";"159,78";"1006,17";"198,35";"18,73";"30,01";"1,35";"228,36";"20,08";"41,97";"1,58";"34,07";"2,26";"0,23";"0,0";"12,19";"4923,3";"164,11";"1120,1";"462,1";"36,51";"61,13";"2,71";"523,23";"39,22";"56,75";"1,88";"43,18";"6,47";"0,63";"0,21";"18,98";"0,22";"0,87";"31,44"
"Abu Diaby Dumbuya";"A. Dumbuya";"829609";"1999-01-29";"AC Oulu";"5278";"FIN - Veikkausliiga";"323";"2025/2025";"128";"Midfield";"72,62";"40,54";"20,92";"19,63";"7";"0";"7959,14";"109,6";"1166,86";"291,0";"25,57";"53,71";"2,43";"344,71";"28,0";"26,29";"27,14";"82,14";"4,0";"79,0";"9,0";"2,0";"0,66";"0,84";"0,43";"null";"null";"25,0";"2,05";"2,86";"9864,12";"109,6";"1446,14";"360,65";"31,69";"66,57";"3,01";"427,22";"34,7";"101,8";"4,96";"97,91";"11,15";"2,48";"0,53";"30,98";"8445,67";"140,76";"1590,91";"398,52";"34,25";"68,71";"2,54";"467,23";"36,79";"86,26";"4,02";"74,84";"7,82";"2699,0";"129,04";"411,86";"70,57";"6,14";"14,29";"0,57";"84,86";"6,71";"26,14";"1,29";"23,86";"1,71";"0,71";"0,0";"7,71";"3007,86";"153,26";"663,14";"198,71";"17,0";"32,14";"1,14";"230,86";"18,14";"32,14";"1,43";"26,71";"3,57";"0,71";"0,29";"15,57";"3871,08";"129,04";"590,71";"101,22";"8,81";"20,49";"0,82";"121,71";"9,63";"37,5";"1,84";"34,22";"2,46";"1,02";"0,0";"11,06";"4597,72";"153,26";"1013,66";"303,75";"25,99";"49,13";"1,75";"352,88";"27,73";"49,13";"2,18";"40,83";"5,46";"1,09";"0,44";"23,8";"0,42";"2,11";"34,46"
"Alie Conteh";"A. Conteh";"829618";"2004-10-29";"FC Inter Turku";"1769";"FIN - Veikkausliiga";"323";"2026/2026";"130";"Center Forward";"66,19";"37,89";"22,37";"15,52";"9";"0";"7230,0";"109,23";"907,56";"399,33";"42,89";"140,89";"9,44";"540,22";"52,33";"29,51";"30,36";"84,0";"8,33";"66,67";"17,56";"6,11";"0,63";"0,8";"1,22";"1,24";"null";"29,56";"2,14";"2,91";"9830,96";"109,23";"1234,04";"542,99";"58,32";"191,57";"12,84";"734,56";"71,16";"114,22";"11,33";"90,65";"23,87";"8,31";"1,66";"40,19";"8264,41";"137,74";"1307,03";"587,45";"61,23";"209,89";"12,49";"797,34";"73,72";"97,82";"7,57";"68,09";"16,71";"2892,89";"129,32";"424,67";"185,89";"18,78";"74,0";"4,11";"259,89";"22,89";"36,0";"2,44";"23,0";"4,67";"1,67";"0,44";"14,78";"2326,44";"149,88";"400,78";"185,11";"19,89";"58,56";"3,78";"243,67";"23,67";"25,78";"2,33";"20,0";"5,89";"1,78";"0,44";"12,78";"3879,54";"129,32";"569,5";"249,29";"25,18";"99,24";"5,51";"348,53";"30,7";"48,28";"3,28";"30,84";"6,26";"2,24";"0,6";"19,82";"4496,35";"149,88";"774,59";"357,77";"38,44";"113,17";"7,3";"470,94";"45,74";"49,82";"4,51";"38,65";"11,38";"3,44";"0,86";"24,7";"1,41";"5,45";"43,63"
"Fabian Østigård Ness";"F. Østigård Ness";"839430";"1999-07-15";"FF Jaro";"5282";"FIN - Veikkausliiga";"323";"2026/2026";"130";"Full Back";"92,78";"54,37";"25,34";"29,02";"10";"0";"11181,9";"120,52";"1748,8";"733,3";"65,9";"284,7";"13,9";"1018,0";"79,8";"29,69";"30,52";"119,0";"7,8";"101,4";"20,3";"5,9";"0,6";"0,6";"1,7";"1,38";"1,48";"39,7";"1,89";"2,5";"10846,66";"120,52";"1696,37";"711,32";"63,92";"276,16";"13,48";"987,48";"77,41";"115,43";"7,57";"98,36";"19,69";"5,72";"1,65";"38,51";"8988,03";"149,8";"1710,33";"741,83";"64,89";"288,15";"13,24";"1029,97";"78,13";"96,23";"6,18";"69,53";"13,35";"3801,0";"149,98";"713,8";"306,6";"26,3";"146,5";"6,1";"453,1";"32,4";"37,3";"2,6";"28,0";"4,5";"1,8";"0,7";"12,6";"4343,4";"149,64";"836,0";"365,6";"32,5";"114,6";"5,9";"480,2";"38,4";"49,9";"3,0";"35,0";"7,6";"2,3";"0,7";"23,2";"4499,41";"149,98";"844,96";"362,94";"31,13";"173,42";"7,22";"536,35";"38,35";"44,15";"3,08";"33,14";"5,33";"2,13";"0,83";"14,92";"4489,3";"149,64";"864,08";"377,88";"33,59";"118,45";"6,1";"496,33";"39,69";"51,58";"3,1";"36,18";"7,86";"2,38";"0,72";"23,98";"1,55";"4,52";"39,51"
"Muhammed Suso";"M. Suso";"839812";"2005-09-15";"Seinäjoen Jalkapallokerho";"2507";"FIN - Veikkausliiga";"323";"2026/2026";"130";"Wide Attacker";"77,28";"42,43";"22,76";"19,67";"5";"0";"9318,4";"120,57";"1431,0";"738,4";"82,2";"458,0";"22,2";"1196,4";"104,4";"32,76";"32,76";"104,2";"10,4";"84,6";"22,2";"7,4";"0,56";"0,58";"2,4";"1,37";"1,9";"48,0";"2,05";"2,79";"10851,71";"120,57";"1666,47";"859,9";"95,73";"533,36";"25,85";"1393,26";"121,58";"121,35";"12,11";"98,52";"25,85";"8,62";"2,79";"55,9";"9294,84";"154,91";"1793,92";"961,87";"103,23";"590,53";"28,28";"1552,39";"131,51";"107,47";"9,9";"73,53";"18,67";"3494,4";"153,53";"649,2";"376,6";"38,2";"241,6";"10,4";"618,2";"48,6";"42,0";"3,0";"26,6";"5,8";"2,2";"1,0";"21,4";"3078,6";"156,51";"619,4";"303,6";"34,8";"176,0";"9,6";"479,6";"44,4";"34,0";"4,0";"25,4";"7,4";"3,0";"0,6";"23,2";"4605,98";"153,53";"855,71";"496,4";"50,35";"318,45";"13,71";"814,85";"64,06";"55,36";"3,95";"35,06";"7,64";"2,9";"1,32";"28,21";"4695,37";"156,51";"944,69";"463,04";"53,08";"268,43";"14,64";"731,47";"67,72";"51,86";"6,1";"38,74";"11,29";"4,58";"0,92";"35,38";"2,26";"7,35";"63,07"
"Otto Ruoppi";"O. Ruoppi";"840203";"2006-01-31";"Kuopio PS";"538";"FIN - Veikkausliiga";"323";"2025/2025";"128";"Center Forward";"91,06";"57,64";"32,58";"25,06";"4";"0";"12353,25";"135,66";"2248,5";"808,5";"71,0";"131,5";"11,0";"940,0";"82,0";"26,9";"26,9";"111,5";"6,25";"100,75";"12,25";"4,75";"0,68";"0,7";"1,0";"1,42";"null";"58,75";"2,17";"3,09";"12209,67";"135,66";"2222,37";"799,1";"70,17";"129,97";"10,87";"929,07";"81,05";"110,2";"6,18";"99,58";"12,11";"4,69";"0,99";"58,07";"9958,42";"165,97";"2138,3";"791,09";"68,96";"131,16";"9,63";"922,25";"78,59";"91,08";"4,42";"73,38";"8,85";"5239,0";"160,79";"1018,0";"415,0";"33,0";"58,5";"5,0";"473,5";"38,0";"49,25";"2,25";"38,25";"3,75";"1,5";"0,0";"23,0";"4328,0";"172,72";"1036,25";"345,0";"33,25";"67,5";"4,25";"412,5";"37,5";"38,25";"2,0";"32,25";"4,75";"1,75";"0,5";"31,0";"4823,63";"160,79";"937,29";"382,1";"30,38";"53,86";"4,6";"435,96";"34,99";"45,35";"2,07";"35,22";"3,45";"1,38";"0,0";"21,18";"5181,51";"172,72";"1240,61";"413,04";"39,81";"80,81";"5,09";"493,85";"44,9";"45,79";"2,39";"38,61";"5,69";"2,1";"0,6";"37,11";"0,52";"3,38";"56,21"
"Otto Ruoppi";"O. Ruoppi";"840203";"2006-01-31";"Kuopio PS";"538";"FIN - Veikkausliiga";"323";"2025/2025";"128";"Midfield";"86,63";"51,76";"28,88";"22,88";"9";"1";"11820,89";"136,46";"2179,33";"822,89";"69,11";"196,11";"13,67";"1019,0";"82,78";"27,93";"28,56";"107,89";"4,78";"99,78";"9,89";"2,78";"0,71";"0,77";"0,44";"1,42";"null";"54,56";"1,94";"2,61";"12281,05";"136,46";"2264,17";"854,92";"71,8";"203,75";"14,2";"1058,67";"86,0";"112,09";"4,96";"103,66";"10,27";"2,89";"0,46";"56,68";"10256,26";"170,94";"2295,12";"887,09";"74,31";"215,72";"14,17";"1102,81";"88,48";"91,57";"3,86";"74,95";"7,47";"4855,11";"168,1";"1049,67";"418,22";"34,67";"106,11";"7,33";"524,33";"42,0";"42,11";"2,11";"33,56";"3,33";"1,22";"0,22";"22,22";"3993,44";"174,51";"930,44";"347,11";"29,44";"80,0";"4,89";"427,11";"34,33";"36,89";"1,22";"31,11";"3,11";"0,56";"0,11";"29,56";"5043,14";"168,1";"1090,32";"434,42";"36,01";"110,22";"7,62";"544,64";"43,63";"43,74";"2,19";"34,86";"3,46";"1,27";"0,23";"23,08";"5235,4";"174,51";"1219,81";"455,06";"38,6";"104,88";"6,41";"559,94";"45,01";"48,36";"1,6";"40,79";"4,08";"0,73";"0,15";"38,75";"0,39";"2,06";"60,02"
"Otto Ruoppi";"O. Ruoppi";"840203";"2006-01-31";"Kuopion Palloseura";"5912";"FIN - Veikkausliiga";"323";"2026/2026";"130";"Midfield";"96,58";"59,16";"36,03";"23,14";"7";"2";"13330,86";"138,02";"2465,43";"992,57";"84,57";"187,43";"14,29";"1180,0";"98,86";"27,57";"27,96";"115,29";"6,0";"105,86";"13,0";"3,71";"0,72";"0,69";"0,57";"1,67";"1,56";"65,43";"1,96";"2,72";"12422,2";"138,02";"2297,38";"924,92";"78,81";"174,65";"13,31";"1099,57";"92,12";"107,43";"5,59";"98,64";"12,11";"3,46";"0,53";"60,97";"10369,29";"172,82";"2293,37";"933,72";"79,1";"178,34";"12,31";"1112,06";"91,42";"91,13";"4,49";"75,77";"8,4";"6025,57";"167,24";"1250,14";"554,14";"47,0";"102,43";"7,71";"656,57";"54,71";"55,43";"2,57";"44,43";"3,86";"1,43";"0,29";"32,14";"4199,29";"181,51";"1011,29";"366,57";"31,0";"73,43";"4,43";"440,0";"35,43";"34,43";"1,86";"30,29";"4,43";"1,29";"0,14";"30,0";"5017,33";"167,24";"1040,96";"461,42";"39,14";"85,29";"6,42";"546,71";"45,56";"46,15";"2,14";"36,99";"3,21";"1,19";"0,24";"26,76";"5445,2";"181,51";"1311,33";"475,33";"40,2";"95,21";"5,74";"570,55";"45,94";"44,64";"2,41";"39,27";"5,74";"1,67";"0,19";"38,9";"0,43";"2,75";"63,02"
"Otto Ruoppi";"O. Ruoppi";"840203";"2006-01-31";"Kuopio PS";"538";"FIN - Veikkausliiga";"323";"2025/2025";"128";"Wide Attacker";"82,23";"52,63";"28,42";"24,22";"12";"0";"11139,92";"135,48";"1986,42";"811,0";"71,25";"202,33";"12,92";"1013,33";"84,17";"28,52";"29,46";"102,25";"6,92";"91,0";"13,83";"4,5";"0,67";"0,7";"1,58";"1,31";"1,31";"56,58";"1,87";"2,61";"12193,07";"135,48";"2174,21";"887,67";"77,99";"221,46";"14,14";"1109,13";"92,12";"111,92";"7,57";"99,6";"15,14";"4,93";"1,73";"61,93";"9934,7";"165,58";"2079,43";"868,72";"75,52";"221,05";"12,54";"1089,77";"88,06";"92,71";"5,22";"72,39";"9,78";"4577,17";"161,08";"861,67";"379,0";"32,92";"108,67";"5,5";"487,67";"38,42";"44,42";"2,75";"33,75";"3,67";"1,92";"0,5";"23,0";"4138,0";"170,85";"962,5";"383,08";"33,33";"85,25";"5,5";"468,33";"38,83";"36,92";"1,83";"29,75";"4,92";"1,42";"0,5";"30,17";"4832,44";"161,08";"909,72";"400,14";"34,75";"114,73";"5,81";"514,86";"40,56";"46,89";"2,9";"35,63";"3,87";"2,02";"0,53";"24,28";"5125,63";"170,85";"1192,22";"474,52";"41,29";"105,6";"6,81";"580,11";"48,1";"45,73";"2,27";"36,85";"6,09";"1,75";"0,62";"37,37";"1,14";"3,8";"60,61"
"Joslyn  Luyeye-Lutumba";"J. Luyeye-Lutumba";"840204";"2002-12-07";"Kuopio PS";"538";"FIN - Veikkausliiga";"323";"2025/2025";"128";"Center Forward";"69,25";"40,98";"22,43";"18,55";"5";"0";"8533,6";"123,23";"1294,0";"560,0";"57,0";"169,8";"11,6";"729,8";"68,6";"29,38";"29,38";"101,2";"6,4";"87,2";"14,4";"3,4";"0,77";"null";"1,0";"null";"null";"49,2";"2,0";"2,98";"11090,6";"123,23";"1681,73";"727,8";"74,08";"220,68";"15,08";"948,48";"89,16";"131,52";"8,32";"113,33";"18,71";"4,42";"1,3";"63,94";"9160,89";"152,68";"1684,78";"766,56";"78,47";"233,66";"15,23";"1000,21";"93,7";"106,87";"6,15";"81,98";"12,88";"3350,2";"149,36";"587,2";"301,8";"32,6";"103,8";"6,6";"405,6";"39,2";"44,4";"2,6";"30,8";"4,8";"1,6";"0,4";"28,4";"2907,2";"156,69";"563,6";"221,8";"21,0";"55,8";"3,8";"277,6";"24,8";"28,6";"1,6";"25,2";"4,0";"0,6";"0,4";"18,0";"4480,87";"149,36";"785,38";"403,66";"43,6";"138,83";"8,83";"542,49";"52,43";"59,38";"3,48";"41,19";"6,42";"2,14";"0,53";"37,98";"4700,83";"156,69";"911,32";"358,64";"33,96";"90,23";"6,14";"448,87";"40,1";"46,25";"2,59";"40,75";"6,47";"0,97";"0,65";"29,11";"1,17";"3,22";"67,93"
"Joslyn  Luyeye-Lutumba";"J. Luyeye-Lutumba";"840204";"2002-12-07";"Kuopio PS";"538";"FIN - Veikkausliiga";"323";"2025/2025";"128";"Wide Attacker";"61,98";"39,77";"23,77";"16,01";"10";"1";"7776,6";"125,47";"1151,2";"465,2";"51,1";"225,1";"13,0";"690,3";"64,1";"30,6";"31,88";"86,2";"5,7";"74,6";"14,8";"3,8";"0,61";"0,65";"1,5";"1,41";"1,47";"41,8";"1,95";"2,7";"11292,26";"125,47";"1671,64";"675,51";"74,2";"326,86";"18,88";"1002,37";"93,08";"125,17";"8,28";"108,33";"21,49";"5,52";"2,18";"60,7";"8957,68";"149,29";"1591,28";"648,4";"68,34";"315,15";"16,9";"963,55";"85,24";"100,47";"6,19";"74,98";"14,33";"3450,3";"145,18";"556,2";"274,8";"29,4";"154,5";"8,7";"429,3";"38,1";"41,5";"2,7";"30,5";"5,9";"2,0";"0,8";"23,6";"2487,4";"155,4";"498,6";"155,0";"15,9";"54,4";"2,5";"209,4";"18,4";"25,1";"1,4";"19,2";"3,6";"0,7";"0,0";"15,9";"4355,52";"145,18";"702,12";"346,9";"37,11";"195,03";"10,98";"541,93";"48,1";"52,39";"3,41";"38,5";"7,45";"2,52";"1,01";"29,79";"4661,93";"155,4";"934,49";"290,5";"29,8";"101,96";"4,69";"392,46";"34,49";"47,04";"2,62";"35,99";"6,75";"1,31";"0,0";"29,8";"1,21";"4,07";"59,59"
"Joslyn  Luyeye-Lutumba";"J. Luyeye-Lutumba";"840204";"2002-12-07";"Kuopion Palloseura";"5912";"FIN - Veikkausliiga";"323";"2026/2026";"130";"Wide Attacker";"74,38";"42,97";"24,52";"18,45";"6";"2";"9140,0";"122,88";"1341,0";"592,83";"61,0";"238,5";"13,5";"831,33";"74,5";"29,88";"30,28";"100,0";"8,0";"87,67";"18,33";"6,0";"0,58";"0,65";"2,0";"1,25";"1,25";"44,17";"2,11";"2,66";"11059,34";"122,88";"1622,6";"717,32";"73,81";"288,58";"16,33";"1005,91";"90,14";"121,0";"9,68";"106,08";"22,18";"7,26";"2,42";"53,44";"9227,36";"153,79";"1695,75";"757,47";"76,33";"309,5";"16,29";"1066,97";"92,62";"106,12";"6,75";"82,38";"15,36";"3639,67";"148,44";"623,33";"274,17";"31,33";"136,67";"7,5";"410,83";"38,83";"45,0";"3,0";"32,5";"6,0";"2,17";"1,0";"24,17";"2969,0";"160,9";"591,17";"268,33";"23,33";"85,0";"4,17";"353,33";"27,5";"31,0";"1,83";"26,5";"5,0";"0,83";"0,17";"17,33";"4453,2";"148,44";"762,66";"335,45";"38,34";"167,21";"9,18";"502,66";"47,51";"55,06";"3,67";"39,76";"7,34";"2,65";"1,22";"29,57";"4826,92";"160,9";"961,1";"436,25";"37,93";"138,19";"6,77";"574,44";"44,71";"50,4";"2,98";"43,08";"8,13";"1,35";"0,27";"28,18";"1,63";"4,19";"57,94"
"Luke Pearce";"L. Pearce";"841123";"2004-06-08";"IFK Mariehamn";"5280";"FIN - Veikkausliiga";"323";"2026/2026";"130";"Center Forward";"63,25";"36,21";"17,64";"18,57";"3";"0";"8050,67";"127,28";"1389,0";"542,0";"58,33";"214,67";"12,67";"756,67";"71,0";"29,63";"29,63";"78,67";"6,67";"60,0";"16,33";"5,0";"0,72";"null";"1,33";"null";"null";"32,0";"2,26";"null";"11455,49";"127,28";"1976,44";"771,23";"83,0";"305,45";"18,02";"1076,68";"101,03";"111,94";"9,49";"85,38";"23,24";"7,11";"1,9";"45,53";"9724,47";"162,07";"2108,52";"835,23";"88,38";"323,15";"17,68";"1158,39";"106,06";"98,88";"7,73";"67,39";"18,23";"2748,33";"155,81";"556,0";"245,0";"23,67";"114,67";"5,33";"359,67";"29,0";"31,67";"2,67";"19,33";"4,33";"1,67";"1,0";"15,0";"3119,67";"168,03";"716,33";"259,0";"29,67";"80,33";"5,33";"339,33";"35,0";"28,0";"2,0";"21,33";"6,67";"1,0";"0,33";"15,33";"4674,33";"155,81";"945,64";"416,69";"40,25";"195,02";"9,07";"611,72";"49,32";"53,86";"4,54";"32,88";"7,37";"2,83";"1,7";"25,51";"5040,75";"168,03";"1157,45";"418,49";"47,94";"129,8";"8,62";"548,29";"56,55";"45,24";"3,23";"34,47";"10,77";"1,62";"0,54";"24,78";"2,21";"4,42";"50,27"
"Antti-Ville Räisänen";"A. Räisänen";"841880";"1998-04-04";"Vaasan Palloseura";"3603";"FIN - Veikkausliiga";"323";"2025/2025";"128";"Full Back";"92,06";"48,33";"27,61";"20,72";"4";"0";"11651,5";"126,56";"1961,25";"866,5";"69,25";"225,75";"16,0";"1092,25";"85,25";"28,73";"28,73";"123,25";"8,5";"107,75";"19,0";"6,25";"0,7";"0,76";"3,0";"1,4";"null";"46,0";"2,11";"2,94";"11390,47";"126,56";"1917,31";"847,09";"67,7";"220,69";"15,64";"1067,78";"83,34";"120,49";"8,31";"105,34";"18,57";"6,11";"2,93";"44,97";"9818,38";"163,64";"2107,24";"984,1";"76,66";"253,55";"17,69";"1237,66";"94,34";"109,55";"6,83";"81,62";"13,66";"4451,5";"161,21";"942,5";"432,25";"31,25";"116,75";"7,5";"549,0";"38,75";"45,25";"3,0";"35,25";"5,25";"2,5";"2,0";"17,0";"3457,75";"166,87";"755,0";"360,5";"30,5";"87,5";"6,75";"448,0";"37,25";"43,0";"2,5";"30,5";"5,75";"1,5";"0,5";"26,25";"4836,4";"161,21";"1023,99";"469,62";"33,95";"126,84";"8,15";"596,47";"42,1";"49,16";"3,26";"38,3";"5,7";"2,72";"2,17";"18,47";"5006,19";"166,87";"1093,1";"521,94";"44,16";"126,68";"9,77";"648,62";"53,93";"62,26";"3,62";"44,16";"8,32";"2,17";"0,72";"38,01";"3,1";"4,97";"53,69"
"Antti-Ville Räisänen";"A. Räisänen";"841880";"1998-04-04";"Vaasan Palloseura";"3603";"FIN - Veikkausliiga";"323";"2025/2025";"128";"Midfield";"84,63";"43,51";"19,26";"24,25";"12";"4";"10884,5";"128,61";"2248,58";"764,67";"66,92";"162,83";"10,67";"927,5";"77,58";"28,58";"30,16";"110,25";"4,83";"99,25";"13,75";"3,75";"0,6";"0,67";"1,0";"1,32";"1,28";"48,25";"1,93";"2,71";"11575,26";"128,61";"2391,29";"813,19";"71,16";"173,17";"11,34";"986,36";"82,51";"117,25";"5,14";"105,55";"14,62";"3,99";"1,06";"51,31";"10712,65";"178,54";"2800,79";"989,76";"84,01";"216,18";"12,64";"1205,94";"96,65";"110,45";"4,37";"85,51";"11,95";"3302,33";"171,49";"799,08";"252,0";"22,58";"52,92";"3,25";"304,92";"25,83";"33,17";"1,67";"23,83";"3,0";"1,33";"0,17";"13,5";"4465,33";"184,15";"1231,75";"465,67";"38,33";"103,83";"5,92";"569,5";"44,25";"46,92";"1,5";"38,17";"5,67";"1,0";"0,33";"31,83";"5144,64";"171,49";"1244,88";"392,59";"35,18";"82,44";"5,06";"475,02";"40,25";"51,67";"2,6";"37,13";"4,67";"2,08";"0,26";"21,03";"5524,44";"184,15";"1523,9";"576,12";"47,43";"128,46";"7,32";"704,58";"54,75";"58,04";"1,86";"47,22";"7,01";"1,24";"0,41";"39,38";"0,69";"3,22";"62,52"
"Antti-Ville Räisänen";"A. Räisänen";"841880";"1998-04-04";"Vaasan Palloseura";"3603";"FIN - Veikkausliiga";"323";"2026/2026";"130";"Midfield";"87,6";"44,92";"20,64";"24,29";"5";"0";"11158,6";"127,38";"2043,2";"795,4";"70,6";"262,6";"11,6";"1058,0";"82,2";"28,72";"28,72";"118,0";"6,8";"100,4";"12,8";"4,2";"0,71";"0,79";"0,6";"1,67";"null";"46,8";"2,0";"2,83";"11463,88";"127,38";"2099,1";"817,16";"72,53";"269,78";"11,92";"1086,94";"84,45";"121,23";"6,99";"103,15";"13,15";"4,31";"0,62";"48,08";"10351,24";"172,52";"2439,89";"965,38";"84,41";"299,98";"13,89";"1265,36";"98,3";"116,2";"6,14";"83,61";"10,68";"3490,2";"169,13";"789,4";"289,8";"25,2";"99,8";"4,0";"389,6";"29,2";"37,6";"2,2";"25,8";"3,4";"1,2";"0,0";"14,2";"4260,0";"175,4";"1037,4";"433,0";"38,0";"124,8";"6,4";"557,8";"44,4";"49,4";"2,4";"36,8";"4,6";"1,2";"0,2";"30,2";"5073,78";"169,13";"1147,57";"421,29";"36,63";"145,08";"5,81";"566,37";"42,45";"54,66";"3,2";"37,51";"4,94";"1,74";"0,0";"20,64";"5262,15";"175,4";"1281,44";"534,86";"46,94";"154,16";"7,91";"689,02";"54,84";"61,02";"2,96";"45,46";"5,68";"1,48";"0,25";"37,3";"0,27";"3,21";"59,3"
"Teemu  Hytönen";"T. Hytönen";"841881";"2002-08-15";"Tampereen Ilves";"591";"FIN - Veikkausliiga";"323";"2025/2025";"128";"Center Forward";"62,74";"36,15";"20,92";"15,23";"12";"1";"7523,42";"119,92";"1145,58";"502,67";"48,83";"170,92";"9,0";"673,58";"57,83";"29,43";"30,72";"70,92";"6,0";"59,92";"10,0";"4,33";"0,55";"0,59";"1,58";"1,21";"1,26";"35,67";"1,88";"2,9";"10792,47";"119,92";"1643,36";"721,08";"70,05";"245,18";"12,91";"966,27";"82,96";"101,73";"8,61";"85,95";"14,35";"6,22";"2,27";"51,16";"9098,69";"151,64";"1699,93";"757,43";"72,89";"258,65";"12,31";"1016,08";"85,2";"87,83";"6,22";"65,7";"10,65";"2996,5";"143,23";"500,83";"230,92";"22,25";"85,42";"4,08";"316,33";"26,33";"32,83";"2,17";"23,92";"3,42";"1,42";"0,42";"15,5";"2485,25";"163,21";"523,33";"225,42";"21,67";"70,42";"3,33";"295,83";"25,0";"20,08";"1,58";"15,67";"3,0";"1,17";"0,58";"17,58";"4296,91";"143,23";"718,18";"331,13";"31,91";"122,49";"5,86";"453,61";"37,76";"47,08";"3,11";"34,3";"4,9";"2,03";"0,6";"22,23";"4896,15";"163,21";"1031,01";"444,09";"42,69";"138,73";"6,57";"582,82";"49,25";"39,57";"3,12";"30,86";"5,91";"2,3";"1,15";"34,64";"1,66";"4,29";"54,91"
"Teemu  Hytönen";"T. Hytönen";"841881";"2002-08-15";"Tampereen Ilves";"591";"FIN - Veikkausliiga";"323";"2026/2026";"130";"Center Forward";"92,6";"56,76";"25,42";"31,35";"7";"1";"11527,71";"124,49";"1681,29";"695,57";"66,71";"245,14";"13,43";"940,71";"80,14";"29,29";"29,62";"108,0";"8,0";"87,71";"11,71";"7,0";"0,66";"0,74";"1,43";"1,55";"1,64";"52,71";"2,08";"2,71";"11204,33";"124,49";"1634,12";"676,06";"64,84";"238,27";"13,05";"914,32";"77,89";"104,97";"7,78";"85,25";"11,39";"6,8";"1,39";"51,24";"9109,4";"151,82";"1609,06";"681,16";"65,53";"241,3";"12,99";"922,46";"78,52";"87,73";"5,74";"65,08";"8,0";"3593,43";"141,37";"605,43";"274,0";"27,14";"121,86";"6,29";"395,86";"33,43";"39,71";"2,71";"26,57";"2,71";"2,71";"1,14";"18,86";"5024,71";"160,3";"916,86";"370,43";"34,86";"106,43";"6,0";"476,86";"40,86";"43,29";"2,71";"35,0";"4,86";"2,43";"0,0";"30,0";"4241,03";"141,37";"714,54";"323,38";"32,03";"143,82";"7,42";"467,2";"39,45";"46,87";"3,2";"31,36";"3,2";"3,2";"1,35";"22,26";"4809,07";"160,3";"877,51";"354,53";"33,36";"101,86";"5,74";"456,39";"39,1";"41,43";"2,6";"33,5";"4,65";"2,32";"0,0";"28,71";"1,21";"5,44";"51,64"
"Miika Niemi";"M. Niemi";"841883";"1994-03-04";"Vaasan Palloseura";"3603";"FIN - Veikkausliiga";"323";"2025/2025";"128";"Central Defender";"90,7";"46,25";"22,46";"23,79";"14";"2";"9959,14";"109,8";"1411,07";"514,29";"47,21";"182,14";"9,0";"696,43";"56,21";"30,02";"31,24";"96,29";"5,57";"78,5";"10,0";"3,79";"0,61";"0,7";"1,14";"1,12";"1,33";"27,21";"1,97";"2,84";"9882,41";"109,8";"1400,2";"510,32";"46,85";"180,74";"8,93";"691,06";"55,78";"95,54";"5,53";"77,9";"9,92";"3,76";"1,13";"27,0";"8771,98";"146,2";"1553,63";"596,8";"53,84";"209,44";"9,92";"806,24";"63,76";"88,69";"4,82";"68,11";"7,97";"3134,43";"139,56";"478,36";"138,36";"12,79";"44,0";"2,0";"182,36";"14,79";"26,07";"1,79";"21,5";"2,29";"1,14";"0,21";"5,21";"3626,79";"152,47";"719,14";"321,64";"28,71";"117,43";"5,64";"439,07";"34,36";"42,29";"1,93";"31,0";"3,86";"0,86";"0,29";"19,71";"4186,77";"139,56";"638,96";"184,81";"17,08";"58,77";"2,67";"243,58";"19,75";"34,82";"2,39";"28,72";"3,05";"1,53";"0,29";"6,96";"4574,1";"152,47";"906,98";"405,66";"36,21";"148,1";"7,12";"553,76";"43,33";"53,33";"2,43";"39,1";"4,86";"1,08";"0,36";"24,86";"0,65";"2,59";"32,34"
"Miika Niemi";"M. Niemi";"841883";"1994-03-04";"Vaasan Palloseura";"3603";"FIN - Veikkausliiga";"323";"2026/2026";"130";"Central Defender";"96,54";"47,74";"22,65";"25,09";"4";"0";"11233,25";"116,36";"1738,75";"591,25";"45,75";"184,0";"8,0";"775,25";"53,75";"28,82";"28,82";"103,25";"6,0";"82,0";"11,0";"4,25";"0,59";"0,59";"1,75";"1,7";"null";"32,5";"2,08";"null";"10472,08";"116,36";"1620,93";"551,19";"42,65";"171,53";"7,46";"722,72";"50,11";"96,25";"5,59";"76,44";"10,25";"3,96";"1,63";"30,3";"9213,83";"153,56";"1784,45";"644,78";"50,9";"203,61";"8,17";"848,39";"59,07";"90,49";"5,34";"66,3";"8,17";"3400,25";"150,12";"602,75";"115,5";"11,0";"58,0";"1,5";"173,5";"12,5";"24,5";"1,75";"20,0";"2,0";"0,75";"0,5";"7,25";"3930,5";"156,67";"817,0";"397,5";"29,5";"104,0";"5,0";"501,5";"34,5";"47,5";"2,5";"32,75";"4,5";"1,75";"0,5";"21,5";"4503,64";"150,12";"798,34";"152,98";"14,57";"76,82";"1,99";"229,8";"16,56";"32,45";"2,32";"26,49";"2,65";"0,99";"0,66";"9,6";"4700,15";"156,67";"976,98";"475,34";"35,28";"124,36";"5,98";"599,7";"41,26";"56,8";"2,99";"39,16";"5,38";"2,09";"0,6";"25,71";"1,26";"3,14";"36,14"
"Prosper Dayegbe Ahiabu";"P. Ahiabu";"841884";"1999-05-10";"FC Inter Turku";"1769";"FIN - Veikkausliiga";"323";"2026/2026";"130";"Midfield";"96,56";"55,57";"32,33";"23,25";"10";"0";"11916,0";"123,41";"2028,0";"669,3";"52,0";"134,7";"6,4";"804,0";"58,4";"27,43";"28,28";"116,7";"4,3";"100,8";"11,4";"2,5";"0,7";"0,78";"0,3";"null";"null";"36,7";"2,16";"2,9";"11106,65";"123,41";"1890,26";"623,84";"48,47";"125,55";"5,97";"749,39";"54,43";"108,77";"4,01";"93,95";"10,63";"2,33";"0,28";"34,21";"9486,82";"158,11";"2020,47";"674,57";"52,26";"134,85";"5,18";"809,42";"57,44";"94,15";"2,7";"71,26";"7,23";"4986,5";"154,25";"1052,1";"273,6";"20,1";"45,2";"1,7";"318,8";"21,8";"46,1";"1,1";"35,5";"2,6";"0,7";"0,0";"15,2";"3800,4";"163,48";"819,3";"351,2";"28,3";"79,7";"3,1";"430,9";"31,4";"41,1";"1,4";"30,5";"4,1";"0,7";"0,2";"19,2";"4627,6";"154,25";"976,38";"253,91";"18,65";"41,95";"1,58";"295,85";"20,23";"42,78";"1,02";"32,94";"2,41";"0,65";"0,0";"14,11";"4904,45";"163,48";"1057,31";"453,23";"36,52";"102,85";"4,0";"556,08";"40,52";"53,04";"1,81";"39,36";"5,29";"0,9";"0,26";"24,78";"0,22";"1,51";"37,14"
"Prosper Dayegbe Ahiabu";"P. Ahiabu";"841884";"1999-05-10";"Vaasan Palloseura";"3603";"FIN - Veikkausliiga";"323";"2025/2025";"128";"Midfield";"98,47";"50,36";"25,41";"24,96";"20";"4";"11416,75";"115,94";"1883,0";"647,95";"54,15";"179,7";"9,0";"827,65";"63,15";"28,83";"31,16";"114,05";"5,15";"101,4";"13,6";"3,2";"0,56";"0,71";"0,6";"1,28";"null";"31,5";"2,04";"2,71";"10434,37";"115,94";"1720,97";"592,2";"49,49";"164,24";"8,23";"756,43";"57,72";"104,24";"4,71";"92,67";"12,43";"2,92";"0,55";"28,79";"9489,37";"158,16";"2052,59";"724,74";"58,85";"203,3";"9,17";"928,04";"68,02";"99,36";"4,41";"78,93";"9,95";"3835,0";"150,94";"762,65";"189,05";"15,1";"40,85";"1,95";"229,9";"17,05";"35,45";"1,85";"28,35";"2,9";"0,6";"0,1";"10,5";"4130,4";"165,5";"960,3";"419,3";"34,3";"129,8";"5,75";"549,1";"40,05";"47,95";"1,85";"37,9";"5,45";"1,2";"0,25";"18,95";"4528,34";"150,94";"900,53";"223,23";"17,83";"48,24";"2,3";"271,46";"20,13";"41,86";"2,18";"33,48";"3,42";"0,71";"0,12";"12,4";"4964,92";"165,5";"1154,32";"504,02";"41,23";"156,03";"6,91";"660,04";"48,14";"57,64";"2,22";"45,56";"6,55";"1,44";"0,3";"22,78";"0,42";"2,14";"35,08"
"Joonas Vahtera";"J. Vahtera";"841892";"1996-01-06";"Vaasan Palloseura";"3603";"FIN - Veikkausliiga";"323";"2025/2025";"128";"Center Forward";"61,41";"33,07";"16,97";"16,11";"3";"1";"7754,67";"126,27";"1415,67";"526,33";"53,33";"158,33";"10,0";"684,67";"63,33";"28,1";"28,1";"76,0";"8,0";"61,67";"11,67";"6,0";"0,71";"0,75";"0,67";"null";"null";"38,67";"1,98";"2,91";"11364,72";"126,27";"2074,71";"771,36";"78,16";"232,04";"14,66";"1003,4";"92,82";"111,38";"11,72";"90,37";"17,1";"8,79";"0,98";"56,67";"10044,68";"167,41";"2279,25";"885,94";"84,66";"258,83";"16,33";"1144,77";"100,99";"100,39";"9,07";"74,99";"12,09";"2678,33";"157,86";"543,0";"198,33";"18,67";"64,33";"3,67";"262,67";"22,33";"26,0";"2,33";"18,0";"2,67";"2,0";"0,33";"15,33";"2858,33";"177,47";"713,33";"290,0";"28,0";"78,33";"5,33";"368,33";"33,33";"29,33";"2,67";"23,33";"4,0";"2,33";"0,0";"21,0";"4735,76";"157,86";"960,12";"350,69";"33,01";"113,75";"6,48";"464,44";"39,49";"45,97";"4,13";"31,83";"4,72";"3,54";"0,59";"27,11";"5324,25";"177,47";"1328,73";"540,19";"52,16";"145,91";"9,93";"686,1";"62,09";"54,64";"4,97";"43,46";"7,45";"4,35";"0,0";"39,12";"0,6";"7,86";"65,92"
"Kalle Multanen";"K. Multanen";"841893";"1989-04-07";"Valkeakosken Haka";"3099";"FIN - Veikkausliiga";"323";"2025/2025";"128";"Center Forward";"66,58";"38,15";"14,24";"23,92";"7";"0";"8137,14";"122,22";"1222,71";"400,29";"35,0";"100,14";"5,43";"500,43";"40,43";"27,13";"27,48";"78,57";"5,43";"66,86";"9,0";"2,43";"0,81";"0,91";"0,14";"null";"null";"23,29";"2,18";"2,99";"11000,07";"122,22";"1652,91";"541,12";"47,31";"135,38";"7,34";"676,5";"54,65";"106,22";"7,34";"90,38";"12,17";"3,28";"0,19";"31,48";"9113,34";"151,89";"1701,94";"558,25";"49,42";"147,59";"6,74";"705,85";"56,16";"89,86";"5,84";"71,44";"9,21";"2119,14";"148,86";"400,86";"178,43";"15,14";"53,86";"2,57";"232,29";"17,71";"23,29";"1,57";"14,14";"2,57";"0,29";"0,0";"9,43";"3676,14";"153,69";"681,43";"176,57";"16,29";"40,0";"1,71";"216,57";"18,0";"33,86";"2,14";"31,29";"3,29";"0,86";"0,0";"12,57";"4465,83";"148,86";"844,76";"376,02";"31,91";"113,5";"5,42";"489,51";"37,33";"49,07";"3,31";"29,8";"5,42";"0,6";"0,0";"19,87";"4610,73";"153,69";"854,67";"221,46";"20,43";"50,17";"2,15";"271,63";"22,58";"42,46";"2,69";"39,24";"4,12";"1,08";"0,0";"15,77";"0,0";"1,8";"34,6"
"Roni Hudd";"R. Hudd";"841894";"2005-01-20";"Valkeakosken Haka";"3099";"FIN - Veikkausliiga";"323";"2025/2025";"128";"Wide Attacker";"59,83";"31,9";"15,77";"16,13";"3";"0";"7208,33";"120,47";"1041,67";"448,33";"41,0";"127,67";"8,0";"576,0";"49,0";"28,0";"28,0";"74,0";"3,0";"65,0";"7,0";"2,0";"null";"null";"0,33";"null";"null";"28,0";"2,25";"3,09";"10842,62";"120,47";"1566,85";"674,37";"61,67";"192,03";"12,03";"866,41";"73,7";"111,31";"4,51";"97,77";"10,53";"3,01";"0,5";"42,12";"9296,55";"154,94";"1715,99";"770,53";"68,34";"216,93";"11,29";"987,46";"79,62";"87,15";"4,39";"67,08";"7,52";"2409,33";"152,81";"440,0";"198,0";"19,0";"52,33";"2,67";"250,33";"21,67";"25,0";"1,33";"17,67";"2,0";"1,0";"0,33";"15,0";"2533,33";"157,02";"472,33";"211,67";"17,33";"63,0";"3,33";"274,67";"20,67";"21,33";"1,0";"18,0";"2,0";"0,33";"0,0";"10,33";"4584,36";"152,81";"837,21";"376,74";"36,15";"99,58";"5,07";"476,32";"41,23";"47,57";"2,54";"33,62";"3,81";"1,9";"0,63";"28,54";"4710,74";"157,02";"878,31";"393,6";"32,23";"117,15";"6,2";"510,74";"38,43";"39,67";"1,86";"33,47";"3,72";"0,62";"0,0";"19,21";"0,63";"2,51";"47,65"
"Alfie  Cicale";"A. Cicale";"841935";"2002-04-19";"Vaasan Palloseura";"3603";"FIN - Veikkausliiga";"323";"2025/2025";"128";"Full Back";"92,05";"47,1";"23,34";"23,76";"14";"4";"11496,71";"124,9";"2126,21";"897,14";"77,57";"282,71";"16,0";"1179,86";"93,57";"30,06";"31,9";"122,71";"8,79";"103,29";"19,14";"6,64";"0,57";"0,58";"2,29";"1,17";"1,29";"50,93";"1,87";"2,68";"11241,26";"124,9";"2078,97";"877,21";"75,85";"276,43";"15,64";"1153,64";"91,49";"119,99";"8,59";"100,99";"18,72";"6,5";"2,23";"49,8";"9963,9";"166,06";"2344,16";"1043,83";"88,62";"334,66";"18,65";"1378,49";"107,28";"111,92";"8,01";"82,44";"14,92";"3896,0";"166,92";"917,29";"412,21";"36,29";"147,57";"8,29";"559,79";"44,57";"43,0";"3,79";"29,93";"5,93";"2,79";"1,29";"19,93";"3925,86";"165,22";"922,93";"407,21";"33,29";"115,14";"6,36";"522,36";"39,64";"44,86";"2,5";"34,79";"5,79";"1,64";"0,29";"27,79";"5007,61";"166,92";"1179,01";"529,83";"46,64";"189,68";"10,65";"719,5";"57,29";"55,27";"4,87";"38,47";"7,62";"3,58";"1,65";"25,61";"4956,74";"165,22";"1165,28";"514,14";"42,03";"145,38";"8,03";"659,52";"50,05";"56,64";"3,16";"43,92";"7,3";"2,07";"0,36";"35,08";"2,0";"5,64";"60,78"
"Alfie  Cicale";"A. Cicale";"841935";"2002-04-19";"HJK Helsinki";"429";"FIN - Veikkausliiga";"323";"2026/2026";"130";"Wide Attacker";"77,22";"43,43";"24,87";"18,56";"7";"0";"9876,71";"127,91";"1808,43";"719,86";"64,0";"255,57";"14,29";"975,43";"78,29";"30,13";"30,64";"99,29";"6,57";"87,71";"12,43";"4,29";"0,6";"0,67";"1,43";"1,43";"1,47";"49,57";"2,0";"2,74";"11511,46";"127,91";"2107,75";"839,0";"74,59";"297,87";"16,65";"1136,88";"91,24";"115,72";"7,66";"102,23";"14,49";"5,0";"1,67";"57,78";"9845,38";"164,09";"2226,98";"926,4";"80,72";"334,13";"18,16";"1260,52";"98,88";"100,06";"6,12";"75,79";"10,66";"3996,86";"160,72";"867,14";"381,86";"33,43";"165,71";"8,86";"547,57";"42,29";"43,14";"3,29";"30,0";"4,71";"2,0";"0,86";"24,43";"3129,71";"168,61";"744,86";"288,71";"25,0";"76,14";"4,29";"364,86";"29,29";"29,29";"1,14";"24,86";"3,0";"0,71";"0,0";"21,0";"4821,48";"160,72";"1046,05";"460,64";"40,33";"199,9";"10,68";"660,55";"51,01";"52,04";"3,96";"36,19";"5,69";"2,41";"1,03";"29,47";"5058,29";"168,61";"1203,85";"466,62";"40,41";"123,06";"6,93";"589,69";"47,33";"47,33";"1,85";"40,17";"4,85";"1,15";"0,0";"33,94";"1,18";"3,75";"62,76"
"David Ezeh";"D. Ezeh";"842146";"2006-02-13";"HJK Helsinki";"429";"FIN - Veikkausliiga";"323";"2026/2026";"130";"Wide Attacker";"69,32";"39,64";"20,52";"19,12";"5";"0";"8785,0";"126,73";"1407,6";"723,2";"65,8";"297,2";"15,6";"1020,4";"81,4";"30,86";"30,86";"92,0";"8,0";"71,6";"20,8";"5,6";"0,66";"0,73";"2,0";"1,43";"null";"47,0";"2,03";"2,91";"11405,25";"126,73";"1827,44";"938,9";"85,43";"385,84";"20,25";"1324,75";"105,68";"119,44";"10,39";"92,96";"27,0";"7,27";"2,6";"61,02";"9396,75";"156,61";"1877,05";"973,95";"87,49";"402,05";"20,28";"1376,0";"107,78";"98,39";"7,27";"69,33";"16,95";"3187,8";"155,35";"618,0";"388,4";"33,4";"174,0";"8,8";"562,4";"42,2";"33,6";"2,8";"21,6";"5,0";"2,6";"0,8";"19,8";"3019,8";"157,97";"622,0";"255,0";"24,4";"91,6";"4,6";"346,6";"29,0";"31,4";"2,0";"24,2";"6,2";"1,4";"0,2";"22,2";"4660,53";"155,35";"903,51";"567,84";"48,83";"254,39";"12,87";"822,22";"61,7";"49,12";"4,09";"31,58";"7,31";"3,8";"1,17";"28,95";"4739,01";"157,97";"976,11";"400,17";"38,29";"143,75";"7,22";"543,92";"45,51";"49,28";"3,14";"37,98";"9,73";"2,2";"0,31";"34,84";"1,51";"6,05";"63,58"
"Aapo Mäenpää";"A. Mäenpää";"842427";"1998-01-14";"Tampereen Ilves";"591";"FIN - Veikkausliiga";"323";"2025/2025";"128";"Central Defender";"90,51";"51,77";"28,52";"23,26";"10";"0";"10294,6";"113,74";"1409,3";"514,2";"46,8";"168,0";"9,0";"682,2";"55,8";"29,13";"29,74";"108,1";"5,1";"87,2";"10,1";"4,1";"0,73";"0,85";"0,4";"1,87";"2,0";"27,7";"1,89";"2,97";"10236,22";"113,74";"1401,31";"511,28";"46,53";"167,05";"8,95";"678,33";"55,48";"107,49";"5,07";"86,71";"10,04";"4,08";"0,4";"27,54";"8556,49";"142,61";"1391,95";"538,08";"47,86";"177,43";"8,11";"715,5";"55,97";"92,94";"4,06";"69,53";"6,95";"3961,9";"138,94";"573,2";"184,9";"17,8";"74,1";"3,4";"259,0";"21,2";"36,8";"1,3";"29,8";"3,1";"0,9";"0,1";"8,8";"3421,4";"147,1";"627,9";"279,4";"23,5";"79,0";"3,6";"358,4";"27,1";"43,4";"2,2";"30,2";"2,9";"1,7";"0,3";"16,5";"4168,23";"138,94";"603,05";"194,53";"18,73";"77,96";"3,58";"272,49";"22,3";"38,72";"1,37";"31,35";"3,26";"0,95";"0,11";"9,26";"4413,13";"147,1";"809,9";"360,39";"30,31";"101,9";"4,64";"462,29";"34,96";"55,98";"2,84";"38,95";"3,74";"2,19";"0,39";"21,28";"0,46";"3,01";"29,32"
"Aapo Mäenpää";"A. Mäenpää";"842427";"1998-01-14";"Tampereen Ilves";"591";"FIN - Veikkausliiga";"323";"2025/2025";"128";"Full Back";"77,09";"46,12";"23,56";"22,56";"12";"1";"9154,83";"118,76";"1407,0";"648,25";"56,0";"194,33";"11,08";"842,58";"67,08";"28,45";"29,62";"108,25";"6,67";"92,92";"14,67";"4,92";"0,7";"0,71";"1,42";"1,51";"null";"29,83";"2,07";"2,73";"10688,31";"118,76";"1642,68";"756,83";"65,38";"226,89";"12,94";"983,72";"78,32";"126,38";"7,78";"108,48";"17,12";"5,74";"1,65";"34,83";"8773,63";"146,23";"1580,57";"773,53";"65,81";"233,74";"11,93";"1007,28";"77,73";"107,44";"5,53";"80,33";"10,95";"3466,08";"147,15";"628,92";"317,75";"26,83";"88,33";"5,25";"406,08";"32,08";"39,92";"2,17";"30,83";"4,58";"1,67";"0,58";"11,25";"3277,83";"145,27";"586,0";"276,83";"23,75";"91,33";"3,92";"368,17";"27,67";"42,67";"2,08";"30,92";"3,83";"1,42";"0,33";"16,83";"4414,35";"147,15";"800,98";"404,68";"34,17";"112,5";"6,69";"517,18";"40,86";"50,84";"2,76";"39,27";"5,84";"2,12";"0,74";"14,33";"4358,07";"145,27";"779,12";"368,07";"31,58";"121,43";"5,21";"489,5";"36,78";"56,73";"2,77";"41,11";"5,1";"1,88";"0,44";"22,38";"1,19";"4,01";"36,54"
"Oiva Jukkola";"O. Jukkola";"842871";"2002-05-21";"Tampereen Ilves";"591";"FIN - Veikkausliiga";"323";"2025/2025";"128";"Full Back";"84,15";"47,53";"26,07";"21,46";"16";"1";"9810,12";"116,58";"1496,81";"748,06";"70,25";"308,56";"17,44";"1056,62";"87,69";"29,86";"31,04";"103,75";"9,31";"89,25";"17,06";"7,0";"0,54";"0,57";"2,38";"1,05";"1,06";"43,69";"1,86";"2,66";"10491,85";"116,58";"1600,83";"800,05";"75,13";"330,01";"18,65";"1130,05";"93,78";"110,96";"9,96";"95,45";"18,25";"7,49";"2,54";"46,72";"8812,85";"146,88";"1656,01";"870,41";"79,61";"365,07";"20,2";"1235,48";"99,81";"99,1";"9,23";"72,43";"12,78";"3806,88";"146,01";"705,5";"398,62";"36,31";"187,81";"10,06";"586,44";"46,38";"40,12";"4,75";"30,25";"5,56";"3,75";"1,19";"20,69";"3174,25";"147,94";"606,31";"290,88";"26,75";"101,38";"5,94";"392,25";"32,69";"38,38";"2,56";"27,12";"4,56";"1,88";"0,62";"20,12";"4380,26";"146,01";"811,76";"458,67";"41,78";"216,1";"11,58";"674,77";"53,36";"46,17";"5,47";"34,81";"6,4";"4,31";"1,37";"23,8";"4438,22";"147,94";"847,74";"406,7";"37,4";"141,74";"8,3";"548,44";"45,7";"53,66";"3,58";"37,93";"6,38";"2,62";"0,87";"28,14";"2,29";"7,1";"51,52"
"Oiva Jukkola";"O. Jukkola";"842871";"2002-05-21";"Tampereen Ilves";"591";"FIN - Veikkausliiga";"323";"2025/2025";"128";"Midfield";"83,69";"49,07";"27,44";"21,63";"4";"0";"9871,25";"117,95";"1450,0";"712,25";"69,75";"377,25";"16,25";"1089,5";"86,0";"30,95";"30,95";"97,5";"6,5";"87,0";"11,75";"5,25";"0,68";"0,83";"1,75";"1,34";"null";"47,0";"2,0";"2,81";"10615,3";"117,95";"1559,3";"765,94";"75,01";"405,69";"17,47";"1171,62";"92,48";"104,85";"6,99";"93,56";"12,64";"5,65";"1,88";"50,54";"8689,28";"144,82";"1519,84";"792,02";"77,03";"442,93";"17,42";"1234,95";"94,46";"89,26";"5,5";"72,45";"9,17";"3914,75";"142,68";"651,0";"378,25";"36,5";"220,75";"9,0";"599,0";"45,5";"39,75";"3,0";"32,25";"3,75";"2,5";"0,75";"23,0";"3191,75";"147,54";"592,0";"269,5";"26,5";"141,5";"5,25";"411,0";"31,75";"33,25";"1,5";"27,0";"3,75";"0,5";"0,25";"19,75";"4280,36";"142,68";"711,8";"413,58";"39,91";"241,37";"9,84";"654,94";"49,75";"43,46";"3,28";"35,26";"4,1";"2,73";"0,82";"25,15";"4426,16";"147,54";"820,96";"373,73";"36,75";"196,22";"7,28";"569,95";"44,03";"46,11";"2,08";"37,44";"5,2";"0,69";"0,35";"27,39";"1,22";"3,67";"52,27"
"Oiva Jukkola";"O. Jukkola";"842871";"2002-05-21";"Tampereen Ilves";"591";"FIN - Veikkausliiga";"323";"2025/2025";"128";"Wide Attacker";"72,12";"42,8";"21,68";"21,12";"6";"0";"8307,5";"115,18";"1188,17";"566,0";"54,83";"257,0";"12,67";"823,0";"67,5";"30,38";"30,74";"86,0";"8,67";"71,33";"13,33";"5,5";"0,67";"0,67";"2,33";"1,16";"1,3";"41,67";"2,26";"2,56";"10366,38";"115,18";"1482,63";"706,27";"68,42";"320,69";"15,81";"1026,97";"84,23";"107,31";"10,81";"89,01";"16,64";"6,86";"2,91";"51,99";"8500,62";"141,68";"1465,09";"724,02";"68,92";"349,74";"15,42";"1073,76";"84,34";"90,65";"9,11";"65,42";"10,75";"3059,83";"141,13";"529,83";"310,83";"28,5";"165,67";"7,67";"476,5";"36,17";"35,83";"3,83";"23,67";"4,5";"2,5";"1,33";"21,33";"3004,33";"142,24";"515,33";"205,67";"20,67";"83,83";"3,33";"289,5";"24,0";"28,83";"2,67";"23,0";"3,17";"1,33";"0,33";"17,5";"4233,98";"141,13";"733,15";"430,11";"39,44";"229,24";"10,61";"659,35";"50,04";"49,58";"5,3";"32,75";"6,23";"3,46";"1,84";"29,52";"4267,07";"142,24";"731,93";"292,11";"29,35";"119,07";"4,73";"411,18";"34,09";"40,95";"3,79";"32,67";"4,5";"1,89";"0,47";"24,86";"2,34";"5,37";"54,44"
"Danila Bulgakov";"D. Bulgakov";"842873";"2005-01-20";"Valkeakosken Haka";"3099";"FIN - Veikkausliiga";"323";"2025/2025";"128";"Midfield";"70,82";"37,73";"18,81";"18,92";"9";"0";"8839,11";"124,81";"1518,33";"540,67";"52,67";"195,11";"10,22";"735,78";"62,89";"29,11";"29,98";"93,67";"4,78";"75,33";"12,44";"3,22";"0,65";"0,72";"1,22";"1,23";"null";"34,56";"1,99";"2,59";"11232,63";"124,81";"1929,48";"687,07";"66,93";"247,94";"12,99";"935,02";"79,92";"119,03";"6,07";"95,73";"15,81";"4,09";"1,55";"43,91";"9903,0";"165,05";"2143,11";"797,35";"77,39";"293,46";"13,78";"1090,81";"91,17";"103,0";"5,12";"69,79";"10,42";"3083,56";"163,94";"673,11";"276,78";"26,22";"113,22";"5,44";"390,0";"31,67";"29,22";"1,89";"20,22";"3,56";"1,56";"0,67";"14,11";"3144,33";"166,16";"674,67";"224,67";"22,44";"71,33";"3,22";"296,0";"25,67";"35,56";"1,33";"23,67";"3,0";"0,78";"0,11";"17,0";"4918,15";"163,94";"1073,58";"441,45";"41,82";"180,58";"8,68";"622,03";"50,51";"46,61";"3,01";"32,25";"5,67";"2,48";"1,06";"22,51";"4984,66";"166,16";"1069,54";"356,16";"35,58";"113,08";"5,11";"469,24";"40,69";"56,37";"2,11";"37,52";"4,76";"1,23";"0,18";"26,95";"1,24";"3,71";"49,47"
"Danila Bulgakov";"D. Bulgakov";"842873";"2005-01-20";"Seinäjoen Jalkapallokerho";"2507";"FIN - Veikkausliiga";"323";"2026/2026";"130";"Wide Attacker";"39,97";"24,62";"14,41";"10,21";"3";"0";"5213,33";"130,42";"847,67";"405,33";"41,0";"181,67";"7,67";"587,0";"48,67";"30,9";"30,9";"49,67";"4,33";"39,33";"11,0";"3,33";"0,84";"null";"0,0";"null";"null";"22,0";"null";"null";"11738,15";"130,42";"1908,58";"912,63";"92,31";"409,03";"17,26";"1321,67";"109,58";"111,83";"9,76";"88,56";"24,77";"7,51";"0,0";"49,53";"9571,56";"159,53";"1880,84";"873,39";"90,18";"419,23";"17,06";"1292,62";"107,24";"92,62";"6,5";"60,93";"16,25";"2195,67";"152,36";"375,0";"196,33";"21,33";"114,67";"4,33";"311,0";"25,67";"21,67";"2,0";"13,67";"3,33";"1,67";"0,0";"13,33";"1731,33";"169,65";"396,67";"162,0";"15,67";"57,33";"2,67";"219,33";"18,33";"16,33";"0,67";"11,33";"3,33";"0,0";"0,0";"8,0";"4570,78";"152,36";"780,65";"408,71";"44,41";"238,7";"9,02";"647,42";"53,43";"45,1";"4,16";"28,45";"6,94";"3,47";"0,0";"27,76";"5089,38";"169,65";"1166,03";"476,21";"46,05";"168,54";"7,84";"644,75";"53,89";"48,01";"1,96";"33,32";"9,8";"0,0";"0,0";"23,52";"0,0";"4,06";"52,0"
"Danila Bulgakov";"D. Bulgakov";"842873";"2005-01-20";"Valkeakosken Haka";"3099";"FIN - Veikkausliiga";"323";"2025/2025";"128";"Wide Attacker";"52,12";"26,27";"11,64";"14,62";"5";"0";"6396,4";"122,72";"1084,8";"482,2";"48,0";"188,4";"10,2";"670,6";"58,2";"30,76";"30,76";"66,8";"6,2";"53,4";"14,6";"5,2";"0,76";"0,84";"1,6";"1,42";"1,58";"31,8";"2,08";"2,72";"11044,5";"122,72";"1873,1";"832,6";"82,88";"325,31";"17,61";"1157,91";"100,49";"115,34";"10,71";"92,2";"25,21";"8,98";"2,76";"54,91";"9788,53";"163,14";"2168,22";"1014,67";"95,03";"394,26";"20,56";"1408,93";"115,58";"110,56";"8,68";"75,38";"20,56";"1856,4";"159,44";"376,4";"207,4";"18,6";"95,0";"4,6";"302,4";"23,2";"20,8";"2,4";"12,8";"3,8";"2,4";"0,6";"10,6";"2428,8";"166,09";"572,8";"236,8";"23,0";"77,6";"4,4";"314,4";"27,4";"27,6";"1,4";"20,2";"5,2";"0,6";"0,4";"18,8";"4783,17";"159,44";"969,83";"534,38";"47,92";"244,78";"11,85";"779,16";"59,78";"53,59";"6,18";"32,98";"9,79";"6,18";"1,55";"27,31";"4982,72";"166,09";"1175,11";"485,8";"47,18";"159,2";"9,03";"645,0";"56,21";"56,62";"2,87";"41,44";"10,67";"1,23";"0,82";"38,57";"2,28";"6,85";"67,16"
"Marius Söderbäck";"M. Söderbäck";"842876";"2004-02-06";"Tampereen Ilves";"591";"FIN - Veikkausliiga";"323";"2025/2025";"128";"Full Back";"91,55";"53,12";"29,6";"23,52";"8";"0";"10862,12";"118,64";"1548,12";"702,25";"69,25";"354,25";"16,38";"1056,5";"85,62";"30,9";"31,62";"105,12";"5,75";"92,62";"13,25";"5,0";"0,64";"0,75";"2,0";"1,32";"null";"43,0";"1,84";"2,85";"10677,74";"118,64";"1521,84";"690,33";"68,07";"348,24";"16,1";"1038,57";"84,17";"103,34";"5,65";"91,05";"13,03";"4,92";"1,97";"42,27";"8833,84";"147,23";"1562,68";"738,21";"71,15";"377,79";"16,52";"1116,0";"87,67";"89,51";"5,08";"66,78";"8,75";"4268,62";"144,19";"686,62";"383,62";"37,88";"248,0";"10,38";"631,62";"48,25";"40,88";"2,75";"30,0";"4,25";"2,62";"1,12";"20,88";"3553,0";"151,06";"697,0";"270,0";"25,12";"86,5";"4,25";"356,5";"29,38";"38,38";"1,75";"29,12";"3,5";"1,25";"0,25";"20,25";"4325,7";"144,19";"695,81";"388,75";"38,38";"251,32";"10,51";"640,07";"48,9";"41,42";"2,79";"30,4";"4,31";"2,66";"1,14";"21,15";"4531,73";"151,06";"889,0";"344,38";"32,05";"110,33";"5,42";"454,7";"37,47";"48,95";"2,23";"37,15";"4,46";"1,59";"0,32";"25,83";"1,55";"4,38";"46,45"
"Marius Söderbäck";"M. Söderbäck";"842876";"2004-02-06";"Tampereen Ilves";"591";"FIN - Veikkausliiga";"323";"2025/2025";"128";"Midfield";"83,19";"47,61";"26,07";"21,54";"8";"0";"10041,25";"120,7";"1423,0";"635,62";"62,5";"242,0";"13,62";"877,62";"76,12";"29,44";"30,0";"90,12";"4,38";"78,88";"11,62";"3,75";"0,7";"0,77";"1,25";"1,25";"1,71";"48,62";"1,88";"2,81";"10863,29";"120,7";"1539,5";"687,66";"67,62";"261,81";"14,74";"949,47";"82,36";"97,5";"4,73";"85,33";"12,58";"4,06";"1,35";"52,61";"9312,05";"155,2";"1645,16";"756,42";"74,04";"284,01";"15,75";"1040,43";"89,79";"87,42";"4,25";"66,79";"8,66";"3938,88";"151,08";"648,88";"347,25";"33,75";"162,25";"8,12";"509,5";"41,88";"36,75";"1,88";"27,38";"4,0";"1,12";"0,62";"18,12";"3450,62";"160,18";"656,62";"253,0";"25,0";"63,12";"4,38";"316,12";"29,38";"32,62";"1,5";"25,62";"2,88";"1,38";"0,25";"27,25";"4532,51";"151,08";"746,67";"399,58";"38,84";"186,7";"9,35";"586,29";"48,19";"42,29";"2,16";"31,5";"4,6";"1,29";"0,72";"20,86";"4805,51";"160,18";"914,45";"352,34";"34,82";"87,91";"6,09";"440,25";"40,91";"45,44";"2,09";"35,69";"4,0";"1,91";"0,35";"37,95";"1,1";"3,15";"57,18"
"Marius Söderbäck";"M. Söderbäck";"842876";"2004-02-06";"Tampereen Ilves";"591";"FIN - Veikkausliiga";"323";"2025/2025";"128";"Wide Attacker";"82,36";"46,85";"24,91";"21,94";"11";"0";"10061,0";"122,16";"1418,45";"608,73";"61,73";"279,64";"14,55";"888,36";"76,27";"30,21";"31,64";"93,36";"5,45";"77,73";"10,73";"4,0";"0,59";"0,59";"1,73";"1,27";"1,33";"51,0";"1,78";"2,73";"10994,21";"122,16";"1550,02";"665,19";"67,45";"305,57";"15,89";"970,76";"83,35";"102,02";"5,96";"84,94";"11,72";"4,37";"1,89";"55,73";"9351,55";"155,86";"1669,78";"724,05";"71,49";"340,2";"15,72";"1064,25";"87,2";"90,93";"5,36";"67,99";"8,85";"3751,45";"150,59";"602,55";"315,45";"30,64";"160,27";"7,27";"475,73";"37,91";"38,73";"2,73";"26,45";"3,36";"1,91";"1,0";"20,09";"3550,55";"161,85";"701,27";"249,91";"25,18";"105,36";"5,0";"355,27";"30,18";"32,27";"1,45";"26,64";"3,55";"1,0";"0,27";"27,27";"4517,63";"150,59";"725,61";"379,88";"36,89";"193,01";"8,76";"572,89";"45,65";"46,64";"3,28";"31,86";"4,05";"2,3";"1,2";"24,19";"4855,36";"161,85";"958,99";"341,75";"34,44";"144,08";"6,84";"485,83";"41,27";"44,13";"1,99";"36,43";"4,85";"1,37";"0,37";"37,3";"1,63";"3,73";"60,66"
"Jean-Pierre Da Sylva";"J. Da Sylva";"845891";"1997-01-03";"Valkeakosken Haka";"3099";"FIN - Veikkausliiga";"323";"2025/2025";"128";"Wide Attacker";"86,82";"47,34";"22,44";"24,9";"22";"0";"9674,59";"111,44";"1497,64";"765,86";"74,59";"320,32";"17,0";"1086,18";"91,59";"30,26";"32,0";"105,14";"10,32";"84,27";"21,55";"7,73";"0,56";"0,58";"2,59";"1,17";"1,36";"45,18";"1,76";"2,58";"10029,33";"111,44";"1552,55";"793,95";"77,33";"332,06";"17,62";"1126,01";"94,95";"108,99";"10,7";"87,36";"22,34";"8,01";"2,69";"46,84";"8676,26";"144,6";"1716,24";"905,1";"85,77";"386,13";"19,18";"1291,23";"104,96";"101,21";"9,33";"68,44";"16,71";"3228,45";"143,85";"607,59";"378,27";"35,41";"197,95";"9,09";"576,23";"44,5";"39,05";"4,5";"23,32";"5,95";"3,45";"1,45";"21,14";"3617,68";"145,28";"746,64";"335,91";"32,27";"106,73";"6,05";"442,64";"38,32";"40,82";"2,86";"30,68";"7,23";"2,09";"0,45";"21,41";"4315,5";"143,85";"812,17";"505,64";"47,33";"264,61";"12,15";"770,25";"59,48";"52,19";"6,02";"31,17";"7,96";"4,62";"1,94";"28,25";"4358,52";"145,28";"899,53";"404,7";"38,88";"128,58";"7,28";"533,28";"46,17";"49,18";"3,45";"36,96";"8,71";"2,52";"0,55";"25,79";"2,42";"7,03";"53,92"
"Momodou Sarr";"M. Sarr";"848302";"2000-03-31";"FC Lahti";"539";"FIN - Veikkausliiga";"323";"2026/2026";"130";"Wide Attacker";"95,23";"51,36";"26,71";"24,65";"6";"0";"10723,33";"112,6";"1487,5";"700,83";"78,33";"379,17";"19,67";"1080,0";"98,0";"30,43";"30,68";"117,17";"15,33";"93,83";"24,83";"12,17";"0,61";"0,64";"5,0";"1,28";"1,29";"55,83";"2,08";"2,72";"10134,35";"112,6";"1405,8";"662,34";"74,03";"358,34";"18,59";"1020,68";"92,62";"110,73";"14,49";"88,68";"23,47";"11,5";"4,73";"52,77";"8555,89";"142,6";"1504,45";"728,57";"81,38";"413,15";"20,64";"1141,72";"102,02";"97,54";"9,54";"70,09";"17,33";"3744,67";"140,21";"644,0";"372,0";"42,5";"256,0";"11,83";"628,0";"54,33";"45,83";"5,0";"30,83";"6,67";"4,17";"2,0";"29,5";"3579,33";"145,19";"643,83";"251,67";"27,17";"97,67";"5,83";"349,33";"33,0";"37,67";"3,17";"29,17";"8,17";"2,5";"1,33";"21,33";"4206,18";"140,21";"723,37";"417,85";"47,74";"287,55";"13,29";"705,4";"61,03";"51,48";"5,62";"34,63";"7,49";"4,68";"2,25";"33,14";"4355,7";"145,19";"783,48";"306,25";"33,06";"118,85";"7,1";"425,1";"40,16";"45,84";"3,85";"35,49";"9,94";"3,04";"1,62";"25,96";"3,89";"7,79";"59,38"
"Momodou Sarr";"M. Sarr";"848302";"2000-03-31";"FC Inter Turku";"1769";"FIN - Veikkausliiga";"323";"2025/2025";"128";"Wide Attacker";"60,06";"34,81";"17,55";"17,26";"21";"1";"7312,71";"121,76";"1084,71";"551,67";"59,67";"281,33";"15,38";"833,0";"75,05";"31,39";"33,2";"84,81";"9,81";"66,1";"19,86";"7,24";"0,55";"0,57";"2,81";"1,07";"1,09";"37,67";"2,02";"2,61";"10958,78";"121,76";"1625,54";"826,72";"89,42";"421,6";"23,05";"1248,33";"112,47";"127,09";"14,7";"99,05";"29,76";"10,85";"4,21";"56,45";"9028,68";"150,48";"1640,0";"864,98";"91,51";"448,62";"23,06";"1313,59";"114,57";"106,45";"10,26";"74,36";"21,09";"2560,95";"145,94";"433,52";"256,0";"27,43";"163,95";"7,57";"419,95";"35,0";"31,48";"3,05";"20,67";"4,76";"2,29";"1,29";"16,33";"2677,48";"155,09";"518,0";"245,86";"25,67";"96,33";"5,81";"342,19";"31,48";"30,29";"2,9";"22,48";"7,48";"2,05";"0,57";"18,48";"4378,09";"145,94";"741,13";"437,65";"46,89";"280,29";"12,94";"717,93";"59,83";"53,81";"5,21";"35,33";"8,14";"3,91";"2,2";"27,92";"4652,84";"155,09";"900,17";"427,24";"44,6";"167,41";"10,1";"594,65";"54,7";"52,63";"5,05";"39,06";"12,99";"3,56";"0,99";"32,11";"3,2";"7,47";"60,0"
"Mats Pedersen";"M. Pedersen";"856436";"2005-04-27";"FF Jaro";"5282";"FIN - Veikkausliiga";"323";"2026/2026";"130";"Midfield";"87,65";"51,67";"24,28";"27,39";"6";"0";"11539,33";"131,65";"2129,5";"618,0";"55,5";"161,67";"8,17";"779,67";"63,67";"28,58";"28,9";"115,5";"3,67";"102,17";"16,5";"2,0";"0,91";"0,98";"0,33";"null";"null";"51,0";"1,9";"2,98";"11848,34";"131,65";"2186,53";"634,55";"56,99";"166,0";"8,39";"800,55";"65,37";"118,59";"3,76";"104,9";"16,94";"2,05";"0,34";"52,37";"9987,53";"166,46";"2255,1";"673,51";"59,61";"162,96";"7,35";"836,47";"66,96";"97,74";"3,1";"80,12";"10,64";"4116,17";"169,53";"951,83";"303,67";"26,67";"71,67";"3,5";"375,33";"30,17";"40,0";"1,5";"30,67";"3,83";"0,67";"0,0";"20,5";"4484,67";"163,74";"990,17";"276,33";"24,67";"68,67";"2,83";"345,0";"27,5";"44,17";"1,17";"38,33";"5,33";"0,5";"0,0";"27,33";"5085,76";"169,53";"1176,04";"375,2";"32,95";"88,55";"4,32";"463,75";"37,27";"49,42";"1,85";"37,89";"4,74";"0,82";"0,0";"25,33";"4912,21";"163,74";"1084,56";"302,68";"27,02";"75,21";"3,1";"377,89";"30,12";"48,38";"1,28";"41,99";"5,84";"0,55";"0,0";"29,94";"0,0";"1,35";"55,55"
"Jesse Kilo";"J. Kilo";"861125";"2004-01-15";"Tampereen Ilves";"591";"FIN - Veikkausliiga";"323";"2026/2026";"130";"Wide Attacker";"75,72";"46,59";"20,73";"25,86";"6";"1";"9669,67";"127,69";"1698,67";"649,0";"56,17";"153,33";"7,33";"802,33";"63,5";"27,73";"28,26";"110,33";"5,67";"92,33";"12,33";"4,17";"0,61";"0,9";"0,67";"null";"null";"46,5";"1,99";"3,0";"11492,51";"127,69";"2018,88";"771,34";"66,75";"182,24";"8,72";"953,58";"75,47";"131,13";"6,73";"109,74";"14,66";"4,95";"0,79";"55,27";"9484,16";"158,07";"2028,29";"778,77";"65,9";"172,15";"7,73";"950,93";"73,63";"110,98";"4,72";"82,64";"9,44";"3247,17";"156,64";"679,33";"288,33";"25,33";"87,33";"3,33";"375,67";"28,67";"40,83";"2,33";"27,67";"3,17";"1,83";"0,33";"19,5";"4116,67";"159,22";"895,5";"316,33";"25,83";"46,33";"2,67";"362,67";"28,5";"45,33";"1,33";"36,5";"4,17";"1,17";"0,33";"24,17";"4699,1";"156,64";"983,09";"417,26";"36,66";"126,38";"4,82";"543,64";"41,48";"59,09";"3,38";"40,04";"4,58";"2,65";"0,48";"28,22";"4776,54";"159,22";"1039,04";"367,04";"29,97";"53,76";"3,09";"420,8";"33,07";"52,6";"1,55";"42,35";"4,83";"1,35";"0,39";"28,04";"0,86";"3,86";"56,24"
"Neemias Benavenuto Barbosa";"Neemias";"870567";"2000-02-13";"FC Lahti";"539";"FIN - Veikkausliiga";"323";"2026/2026";"130";"Center Forward";"85,85";"46,81";"23,98";"22,83";"5";"0";"9938,8";"115,76";"1485,0";"538,2";"49,4";"149,6";"7,4";"687,8";"56,8";"28,12";"28,12";"108,2";"8,2";"95,6";"12,8";"6,2";"0,78";"0,87";"1,2";"1,62";"null";"34,0";"2,13";"null";"10418,84";"115,76";"1556,72";"564,19";"51,79";"156,83";"7,76";"721,02";"59,54";"113,43";"8,6";"100,22";"13,42";"6,5";"1,26";"35,64";"8944,88";"149,08";"1693,6";"628,37";"56,91";"178,44";"7,95";"806,81";"64,86";"94,86";"6,41";"77,17";"9,23";"3541,8";"147,72";"649,0";"284,0";"23,6";"89,0";"3,8";"373,0";"27,4";"40,0";"2,6";"29,4";"3,4";"1,8";"0,4";"14,8";"3436,2";"150,51";"672,2";"206,2";"20,8";"50,2";"2,4";"256,4";"23,2";"34,0";"2,4";"30,8";"3,8";"1,4";"0,2";"16,2";"4431,56";"147,72";"812,04";"355,35";"29,53";"111,36";"4,75";"466,7";"34,28";"50,05";"3,25";"36,79";"4,25";"2,25";"0,5";"18,52";"4515,37";"150,51";"883,31";"270,96";"27,33";"65,97";"3,15";"336,93";"30,49";"44,68";"3,15";"40,47";"4,99";"1,84";"0,26";"21,29";"0,77";"4,1";"39,74"
"Ilari Kangasniemi";"I. Kangasniemi";"925307";"2007-04-22";"FC Inter Turku";"1769";"FIN - Veikkausliiga";"323";"2026/2026";"130";"Central Defender";"96,4";"55,93";"31,16";"24,76";"7";"1";"11098,86";"115,13";"1647,57";"646,86";"61,0";"231,14";"11,86";"878,0";"72,86";"30,46";"31,38";"123,29";"10,0";"99,43";"14,71";"7,0";"0,64";"0,64";"1,29";"1,29";"1,38";"37,43";"1,91";"2,71";"10361,75";"115,13";"1538,15";"603,9";"56,95";"215,79";"11,07";"819,69";"68,02";"115,1";"9,34";"92,83";"13,74";"6,54";"1,2";"34,94";"8676,78";"144,61";"1518,77";"613,49";"58,7";"239,23";"11,49";"852,72";"70,19";"97,01";"6,13";"74,79";"8,28";"4467,14";"143,34";"778,71";"259,86";"23,86";"77,57";"4,0";"337,43";"27,86";"44,29";"3,0";"39,0";"3,43";"1,86";"0,14";"13,29";"3620,86";"146,21";"637,0";"312,0";"30,86";"145,43";"6,71";"457,43";"37,57";"46,14";"2,71";"30,71";"4,29";"2,0";"1,0";"20,86";"4300,25";"143,34";"749,62";"250,15";"22,97";"74,67";"3,85";"324,82";"26,82";"42,63";"2,89";"37,54";"3,3";"1,79";"0,14";"12,79";"4386,39";"146,21";"771,68";"377,96";"37,38";"176,18";"8,13";"554,14";"45,51";"55,9";"3,29";"37,21";"5,19";"2,42";"1,21";"25,27";"1,23";"4,14";"36,63"
"Niilo Kujasalo";"N. Kujasalo";"961349";"2004-03-17";"IFK Mariehamn";"5280";"FIN - Veikkausliiga";"323";"2025/2025";"128";"Midfield";"93,18";"53,31";"22,76";"30,55";"19";"3";"12122,79";"130,1";"2224,58";"775,47";"67,11";"196,32";"10,89";"971,79";"78,0";"28,11";"29,72";"129,32";"5,53";"114,74";"14,68";"4,11";"0,58";"0,66";"0,95";"1,3";"1,54";"46,89";"1,9";"2,65";"11708,98";"130,1";"2148,64";"749,0";"64,81";"189,61";"10,52";"938,62";"75,34";"124,9";"5,34";"110,82";"14,18";"3,97";"0,92";"45,29";"10075,13";"167,92";"2287,81";"820,0";"69,31";"204,3";"10,54";"1024,31";"79,85";"107,81";"4,32";"85,18";"10,25";"3791,74";"166,61";"851,11";"301,68";"25,74";"87,63";"4,32";"389,32";"30,05";"39,42";"1,84";"28,74";"3,47";"1,53";"0,26";"15,47";"5160,11";"168,89";"1181,63";"426,89";"35,84";"93,89";"5,05";"520,79";"40,89";"56,37";"2,0";"46,95";"5,63";"1,37";"0,26";"28,79";"4998,36";"166,61";"1121,95";"397,69";"33,93";"115,52";"5,69";"513,21";"39,62";"51,97";"2,43";"37,88";"4,58";"2,01";"0,35";"20,4";"5066,77";"168,89";"1160,26";"419,17";"35,19";"92,2";"4,96";"511,37";"40,16";"55,35";"1,96";"46,1";"5,53";"1,34";"0,26";"28,27";"0,59";"3,26";"49,82"
"Martin Kirilov";"M. Kirilov";"969596";"2007-08-08";"HJK Helsinki";"429";"FIN - Veikkausliiga";"323";"2026/2026";"130";"Midfield";"49,99";"26,96";"13,53";"13,43";"3";"1";"6443,0";"128,87";"1271,67";"486,0";"41,33";"85,0";"5,33";"571,0";"46,67";"27,03";"27,03";"62,0";"2,33";"54,33";"6,67";"2,0";"0,77";"0,77";"0,0";"null";"null";"28,67";"2,46";"null";"11598,69";"128,87";"2289,25";"874,9";"74,41";"153,02";"9,6";"1027,91";"84,01";"111,61";"4,2";"97,81";"12,0";"3,6";"0,0";"51,61";"10311,89";"171,86";"2542,92";"982,9";"81,6";"167,65";"8,9";"1150,55";"90,5";"95,69";"4,45";"77,89";"8,9";"2198,0";"162,41";"465,0";"199,0";"16,67";"36,0";"1,67";"235,0";"18,33";"18,33";"1,33";"13,67";"2,33";"1,33";"0,0";"8,0";"2435,67";"181,39";"677,67";"242,67";"20,0";"39,33";"2,33";"282,0";"22,33";"24,67";"0,67";"21,33";"1,67";"0,67";"0,0";"18,0";"4872,41";"162,41";"1030,79";"441,13";"36,95";"79,8";"3,69";"520,94";"40,64";"40,64";"2,96";"30,3";"5,17";"2,96";"0,0";"17,73";"5441,7";"181,39";"1514,03";"542,16";"44,68";"87,88";"5,21";"630,04";"49,9";"55,11";"1,49";"47,66";"3,72";"1,49";"0,0";"40,22";"0,0";"4,45";"57,86"
"Pyry Mentu";"P. Mentu";"970039";"2006-11-01";"HJK Helsinki";"429";"FIN - Veikkausliiga";"323";"2025/2025";"128";"Midfield";"76,14";"44,76";"25,44";"19,32";"19";"2";"9747,74";"128,02";"1914,37";"641,37";"52,0";"119,05";"6,47";"760,42";"58,47";"26,95";"28,78";"104,63";"3,05";"93,26";"12,32";"2,16";"0,7";"0,73";"0,58";"1,64";"1,64";"37,16";"1,86";"2,73";"11521,83";"128,02";"2262,78";"758,1";"61,46";"140,72";"7,65";"898,82";"69,12";"123,67";"3,61";"110,24";"14,56";"2,55";"0,68";"43,92";"9766,06";"162,77";"2343,11";"807,96";"62,72";"146,47";"6,77";"954,43";"69,49";"103,22";"2,54";"80,85";"9,67";"3829,21";"150,54";"789,26";"226,58";"17,84";"40,0";"1,84";"266,58";"19,68";"40,47";"1,21";"32,16";"2,79";"0,68";"0,26";"12,26";"3456,21";"178,86";"958,68";"376,16";"28,95";"69,26";"3,21";"445,42";"32,16";"36,53";"0,68";"28,16";"4,42";"0,47";"0,11";"22,47";"4516,29";"150,54";"930,88";"267,23";"21,04";"47,18";"2,17";"314,41";"23,22";"47,74";"1,43";"37,93";"3,29";"0,81";"0,31";"14,46";"5365,76";"178,86";"1488,36";"583,98";"44,94";"107,53";"4,98";"691,52";"49,93";"56,71";"1,06";"43,72";"6,86";"0,74";"0,16";"34,89";"0,49";"1,55";"46,56"
"Pyry Mentu";"P. Mentu";"970039";"2006-11-01";"HJK Helsinki";"429";"FIN - Veikkausliiga";"323";"2026/2026";"130";"Midfield";"88,17";"50,1";"27,31";"22,79";"6";"0";"11589,67";"131,44";"2489,33";"656,83";"56,67";"71,83";"6,0";"728,67";"62,67";"27,08";"27,52";"118,17";"4,17";"109,5";"15,17";"2,5";"0,74";"0,83";"0,17";"null";"null";"46,83";"2,13";"3,28";"11829,92";"131,44";"2540,94";"670,45";"57,84";"73,32";"6,12";"743,77";"63,97";"120,62";"4,25";"111,77";"15,48";"2,55";"0,17";"47,8";"10323,93";"172,07";"2756,24";"740,16";"63,28";"72,86";"5,99";"813,02";"69,27";"103,0";"2,99";"86,83";"10,18";"4453,33";"163,06";"1121,0";"268,0";"24,17";"29,33";"2,0";"297,33";"26,17";"45,17";"1,67";"36,67";"4,17";"0,67";"0,0";"18,17";"4166,67";"182,86";"1180,33";"350,0";"28,67";"31,5";"3,0";"381,5";"31,67";"40,83";"0,83";"35,83";"4,33";"0,33";"0,17";"26,0";"4891,78";"163,06";"1231,37";"294,39";"26,55";"32,22";"2,2";"326,61";"28,74";"49,61";"1,83";"40,28";"4,58";"0,73";"0,0";"19,96";"5485,8";"182,86";"1554,02";"460,81";"37,74";"41,47";"3,95";"502,28";"41,69";"53,76";"1,1";"47,18";"5,71";"0,44";"0,22";"34,23";"0,2";"1,2";"52,9"
"Pyry Mentu";"P. Mentu";"970039";"2006-11-01";"HJK Helsinki";"429";"FIN - Veikkausliiga";"323";"2025/2025";"128";"Wide Attacker";"62,95";"38,13";"18,37";"19,76";"3";"0";"7698,0";"122,29";"1404,33";"572,0";"46,0";"104,0";"7,0";"676,0";"53,0";"27,17";"27,17";"85,67";"3,33";"72,67";"12,0";"2,33";"0,9";"null";"0,0";"null";"null";"33,67";"1,99";"3,27";"11005,88";"122,29";"2007,78";"817,79";"65,77";"148,69";"10,01";"966,48";"75,77";"122,48";"4,77";"103,89";"17,16";"3,34";"0,0";"48,13";"9205,59";"153,43";"2044,93";"858,04";"67,66";"159,44";"10,49";"1017,48";"78,15";"100,17";"3,15";"75,52";"12,59";"2684,0";"146,09";"590,67";"230,67";"19,67";"41,33";"3,33";"272,0";"23,0";"31,33";"1,67";"22,0";"4,67";"0,67";"0,0";"16,0";"3166,67";"160,25";"709,0";"314,67";"23,33";"60,0";"3,33";"374,67";"26,67";"32,33";"0,33";"26,0";"3,33";"0,33";"0,0";"15,0";"4382,7";"146,09";"964,5";"376,66";"32,11";"67,49";"5,44";"444,15";"37,56";"51,16";"2,72";"35,92";"7,62";"1,09";"0,0";"26,13";"4807,42";"160,25";"1076,36";"477,71";"35,42";"91,09";"5,06";"568,79";"40,48";"49,09";"0,51";"39,47";"5,06";"0,51";"0,0";"22,77";"0,0";"1,57";"48,78"
"Matias Ritari";"M. Ritari";"972434";"2005-07-15";"IF Gnistan";"5281";"FIN - Veikkausliiga";"323";"2025/2025";"128";"Midfield";"80,59";"42,66";"19,07";"23,58";"10";"1";"9959,4";"123,58";"1810,1";"640,2";"54,1";"142,4";"8,7";"782,6";"62,8";"27,98";"28,98";"103,5";"3,9";"88,6";"12,2";"3,0";"0,66";"0,66";"0,2";"null";"null";"33,9";"2,02";"2,87";"11121,84";"123,58";"2021,37";"714,92";"60,41";"159,02";"9,72";"873,94";"70,13";"115,58";"4,36";"98,94";"13,62";"3,35";"0,22";"37,86";"9960,13";"166,0";"2313,68";"835,93";"70,19";"189,75";"9,85";"1025,68";"80,03";"102,68";"3,66";"78,49";"11,67";"3033,6";"159,04";"682,4";"187,3";"15,4";"38,8";"1,8";"226,1";"17,2";"29,6";"1,2";"23,4";"2,6";"0,5";"0,0";"8,3";"4047,5";"171,64";"962,5";"407,0";"34,5";"96,1";"5,2";"503,1";"39,7";"43,4";"1,4";"32,4";"5,7";"1,1";"0,1";"22,9";"4771,06";"159,04";"1073,24";"294,57";"24,22";"61,02";"2,83";"355,6";"27,05";"46,55";"1,89";"36,8";"4,09";"0,79";"0,0";"13,05";"5149,13";"171,64";"1224,47";"517,78";"43,89";"122,26";"6,62";"640,03";"50,51";"55,21";"1,78";"41,22";"7,25";"1,4";"0,13";"29,13";"0,14";"2,25";"43,89"
"Lassana Mané";"L. Mané";"975569";"2000-04-13";"Vaasan Palloseura";"3603";"FIN - Veikkausliiga";"323";"2026/2026";"130";"Central Defender";"97,38";"48,78";"23,48";"25,3";"4";"0";"11201,25";"115,02";"1647,25";"630,25";"60,5";"297,25";"16,5";"927,5";"77,0";"31,62";"31,62";"118,5";"11,0";"97,25";"14,5";"9,75";"0,55";"0,69";"3,5";"1,13";"1,16";"38,75";"2,28";"2,83";"10352,0";"115,02";"1522,36";"582,47";"55,91";"274,71";"15,25";"857,18";"71,16";"109,52";"10,17";"89,88";"13,4";"9,01";"3,23";"35,81";"9285,52";"154,76";"1757,1";"681,75";"65,5";"336,11";"18,14";"1017,85";"83,64";"101,79";"8,0";"78,11";"10,46";"3492,75";"148,73";"615,5";"171,0";"17,0";"82,5";"4,0";"253,5";"21,0";"31,25";"2,75";"27,0";"3,5";"2,25";"0,0";"10,0";"4056,25";"160,35";"813,0";"383,25";"36,25";"190,75";"10,75";"574,0";"47,0";"51,5";"3,75";"36,5";"5,0";"3,75";"1,25";"25,0";"4461,99";"148,73";"786,3";"218,45";"21,72";"105,39";"5,11";"323,85";"26,83";"39,92";"3,51";"34,49";"4,47";"2,87";"0,0";"12,78";"4810,57";"160,35";"964,19";"454,52";"42,99";"226,22";"12,75";"680,74";"55,74";"61,08";"4,45";"43,29";"5,93";"4,45";"1,48";"29,65";"1,54";"7,38";"43,05"
"Lassana Mané";"L. Mané";"975569";"2000-04-13";"Vaasan Palloseura";"3603";"FIN - Veikkausliiga";"323";"2026/2026";"130";"Midfield";"97,92";"50,92";"22,64";"28,28";"4";"0";"12060,25";"123,16";"2140,25";"771,25";"68,0";"223,75";"11,75";"995,0";"79,75";"29,77";"29,77";"127,75";"7,5";"110,75";"16,5";"5,75";"0,74";"0,85";"1,5";"1,99";"null";"50,25";"2,07";"2,87";"11084,69";"123,16";"1967,12";"708,86";"62,5";"205,65";"10,8";"914,51";"73,3";"117,42";"6,89";"101,79";"15,17";"5,28";"1,38";"46,19";"9976,66";"166,28";"2270,88";"832,76";"72,47";"245,09";"11,78";"1077,85";"84,25";"113,71";"5,6";"81,6";"12,08";"3592,25";"158,69";"713,5";"239,75";"22,0";"88,0";"4,25";"327,75";"26,25";"33,75";"2,25";"24,25";"3,5";"1,75";"0,75";"12,25";"4874,75";"172,35";"1213,75";"467,0";"39,5";"120,0";"5,75";"587,0";"45,25";"62,75";"2,5";"45,0";"6,75";"2,0";"0,25";"33,75";"4760,57";"158,69";"945,55";"317,73";"29,16";"116,62";"5,63";"434,35";"34,79";"44,73";"2,98";"32,14";"4,64";"2,32";"0,99";"16,23";"5170,62";"172,35";"1287,42";"495,34";"41,9";"127,28";"6,1";"622,63";"48,0";"66,56";"2,65";"47,73";"7,16";"2,12";"0,27";"35,8";"1,18";"4,42";"54,2"
"Charlemagne Azongnitode";"C. Azongnitode";"975752";"2001-08-08";"AC Oulu";"5278";"FIN - Veikkausliiga";"323";"2025/2025";"128";"Central Defender";"86,16";"48,57";"24,27";"24,3";"7";"0";"9359,0";"108,62";"1340,0";"489,29";"45,71";"168,29";"10,43";"657,57";"56,14";"29,11";"29,38";"110,43";"7,0";"88,43";"14,0";"5,14";"0,68";"0,69";"1,86";"1,37";"1,41";"26,86";"2,34";"3,01";"9775,63";"108,62";"1399,65";"511,07";"47,75";"175,78";"10,89";"686,84";"58,64";"115,34";"7,31";"92,37";"14,62";"5,37";"1,94";"28,05";"8183,47";"136,39";"1400,29";"531,0";"49,94";"183,0";"11,29";"714,0";"61,24";"95,65";"5,82";"72,71";"9,0";"3068,86";"126,46";"495,57";"136,29";"14,86";"57,43";"3,29";"193,71";"18,14";"32,71";"1,86";"27,14";"2,71";"1,43";"0,43";"6,14";"3555,86";"146,3";"638,0";"293,57";"25,57";"90,71";"5,86";"384,29";"31,43";"44,71";"2,86";"31,71";"4,57";"2,29";"0,57";"18,29";"3793,92";"126,46";"612,66";"168,49";"18,37";"71,0";"4,06";"239,48";"22,43";"40,44";"2,3";"33,56";"3,36";"1,77";"0,53";"7,59";"4389,09";"146,3";"787,5";"362,36";"31,56";"111,97";"7,23";"474,33";"38,79";"55,19";"3,53";"39,15";"5,64";"2,82";"0,71";"22,57";"1,24";"4,59";"30,18"
"Jere Kallinen";"J. Kallinen";"975868";"2002-01-10";"HJK Helsinki";"429";"FIN - Veikkausliiga";"323";"2025/2025";"128";"Midfield";"66,42";"38,18";"21,16";"17,02";"16";"0";"8340,88";"125,57";"1509,62";"474,38";"38,88";"100,69";"5,19";"575,06";"44,06";"27,43";"29,44";"88,25";"3,06";"80,25";"9,44";"2,31";"0,72";"0,72";"0,44";"1,67";"null";"31,12";"1,94";"2,84";"11301,68";"125,57";"2045,5";"642,77";"52,67";"136,43";"7,03";"779,2";"59,7";"119,58";"4,15";"108,74";"12,79";"3,13";"0,59";"42,17";"9823,44";"163,72";"2190,6";"692,32";"54,9";"137,21";"6,48";"829,53";"61,38";"102,05";"3,24";"82,3";"8,15";"3269,88";"154,54";"669,69";"146,94";"11,5";"24,06";"0,94";"171,0";"12,44";"34,25";"1,06";"28,31";"1,88";"0,56";"0,19";"10,06";"2981,31";"175,15";"724,31";"293,62";"23,44";"63,25";"3,19";"356,88";"26,62";"30,69";"1,0";"24,06";"3,31";"0,69";"0,06";"18,94";"4636,07";"154,54";"949,49";"208,33";"16,3";"34,12";"1,33";"242,45";"17,63";"48,56";"1,51";"40,14";"2,66";"0,8";"0,27";"14,27";"5254,38";"175,15";"1276,56";"517,5";"41,31";"111,47";"5,62";"628,97";"46,92";"54,08";"1,76";"42,41";"5,84";"1,21";"0,11";"33,38";"0,39";"1,96";"45,57"
"Jere Kallinen";"J. Kallinen";"975868";"2002-01-10";"HJK Helsinki";"429";"FIN - Veikkausliiga";"323";"2026/2026";"130";"Midfield";"84,97";"50,4";"23,77";"26,63";"4";"0";"10814,5";"127,27";"1930,0";"672,75";"53,5";"148,25";"7,75";"821,0";"61,25";"27,7";"27,7";"114,0";"3,5";"102,75";"15,0";"1,0";"null";"null";"0,0";"null";"null";"40,5";"2,26";"2,9";"11454,02";"127,27";"2044,13";"712,53";"56,66";"157,02";"8,21";"869,55";"64,87";"120,74";"3,71";"108,83";"15,89";"1,06";"0,0";"42,89";"9816,96";"163,62";"2132,44";"753,87";"58,04";"151,49";"7,74";"905,36";"65,77";"101,19";"2,98";"79,76";"12,8";"3799,75";"159,85";"857,75";"215,0";"15,75";"36,25";"1,5";"251,25";"17,25";"37,5";"1,25";"31,75";"3,75";"0,25";"0,0";"11,0";"4446,5";"166,98";"933,5";"418,25";"33,0";"91,0";"5,0";"509,25";"38,0";"47,5";"1,25";"35,25";"7,0";"0,5";"0,0";"27,5";"4795,48";"159,85";"1082,52";"271,34";"19,88";"45,75";"1,89";"317,09";"21,77";"47,33";"1,58";"40,07";"4,73";"0,32";"0,0";"13,88";"5009,36";"166,98";"1051,67";"471,19";"37,18";"102,52";"5,63";"573,71";"42,81";"53,51";"1,41";"39,71";"7,89";"0,56";"0,0";"30,98";"0,0";"0,89";"45,83"
"Samuel Pasanen";"S. Pasanen";"976175";"2006-01-02";"Kuopio PS";"538";"FIN - Veikkausliiga";"323";"2025/2025";"128";"Full Back";"74,45";"48,51";"27,85";"20,67";"4";"0";"9547,75";"128,24";"1571,25";"650,75";"56,75";"191,75";"11,25";"842,5";"68,0";"28,62";"28,62";"108,5";"6,5";"98,75";"12,75";"3,75";"0,68";"0,74";"0,75";"null";"null";"33,25";"2,13";"2,91";"11541,94";"128,24";"1899,43";"786,67";"68,6";"231,8";"13,6";"1018,47";"82,2";"131,16";"7,86";"119,38";"15,41";"4,53";"0,91";"40,19";"9262,97";"154,38";"1769,23";"758,16";"63,69";"222,62";"12,68";"980,78";"76,37";"98,63";"5,87";"80,7";"9,59";"4390,25";"157,66";"792,0";"324,75";"29,5";"117,25";"5,75";"442,0";"35,25";"45,5";"2,75";"41,25";"4,5";"1,0";"0,25";"16,0";"3099,25";"149,96";"638,5";"288,25";"22,0";"62,75";"4,5";"351,0";"26,5";"34,25";"2,0";"24,0";"3,25";"1,25";"0,0";"15,25";"4729,88";"157,66";"853,27";"349,87";"31,78";"126,32";"6,19";"476,19";"37,98";"49,02";"2,96";"44,44";"4,85";"1,08";"0,27";"17,24";"4498,91";"149,96";"926,85";"418,43";"31,94";"91,09";"6,53";"509,52";"38,47";"49,72";"2,9";"34,84";"4,72";"1,81";"0,0";"22,14";"0,31";"2,78";"38,65"
"Samuel Pasanen";"S. Pasanen";"976175";"2006-01-02";"Kuopio PS";"538";"FIN - Veikkausliiga";"323";"2025/2025";"128";"Midfield";"61,36";"37,27";"21,06";"16,21";"5";"0";"8110,2";"132,18";"1572,4";"457,6";"36,2";"72,8";"4,2";"530,4";"40,4";"26,4";"26,4";"85,2";"2,6";"76,0";"7,8";"2,4";"0,78";"null";"0,4";"null";"null";"24,2";"2,1";"2,97";"11896,31";"132,18";"2306,45";"671,22";"53,1";"106,79";"6,16";"778,01";"59,26";"124,97";"3,81";"111,48";"11,44";"3,52";"0,59";"35,5";"10015,6";"166,93";"2329,37";"699,07";"54,42";"109,48";"5,8";"808,55";"60,21";"105,62";"2,25";"82,43";"7,73";"3347,4";"158,97";"633,8";"198,8";"16,4";"37,0";"2,0";"235,8";"18,4";"35,6";"1,0";"27,8";"2,2";"0,8";"0,2";"8,2";"2873,4";"177,26";"813,0";"235,4";"17,4";"31,0";"1,6";"266,4";"19,0";"30,0";"0,4";"23,4";"2,6";"0,2";"0,0";"14,8";"4769,13";"158,97";"902,99";"283,24";"23,37";"52,71";"2,85";"335,95";"26,21";"50,72";"1,42";"39,61";"3,13";"1,14";"0,28";"11,68";"5317,83";"177,26";"1504,63";"435,66";"32,2";"57,37";"2,96";"493,03";"35,16";"55,52";"0,74";"43,31";"4,81";"0,37";"0,0";"27,39";"0,32";"1,61";"37,03"
"Bob Nii Armah";"B. Armah";"976177";"2004-01-20";"Kuopio PS";"538";"FIN - Veikkausliiga";"323";"2025/2025";"128";"Full Back";"73,41";"45,25";"26,12";"19,14";"8";"1";"8791,0";"119,75";"1333,38";"614,75";"62,12";"296,38";"16,38";"911,12";"78,5";"30,8";"31,3";"97,12";"9,38";"82,62";"18,62";"8,0";"0,57";"0,62";"3,25";"1,18";"1,4";"37,5";"1,95";"2,65";"10777,63";"119,75";"1634,7";"753,67";"76,16";"363,35";"20,08";"1117,02";"96,24";"119,07";"11,49";"101,3";"22,83";"9,81";"3,98";"45,97";"8622,03";"143,7";"1537,72";"748,14";"75,08";"363,13";"18,07";"1111,27";"93,14";"94,64";"7,96";"70,11";"13,92";"3628,25";"138,92";"623,5";"280,88";"28,88";"129,12";"7,5";"410,0";"36,38";"38,38";"3,75";"30,5";"6,12";"3,25";"1,25";"18,5";"2874,5";"150,22";"536,25";"283,38";"27,75";"144,75";"6,12";"428,12";"33,88";"33,0";"2,25";"22,38";"4,38";"1,62";"0,75";"16,12";"4167,74";"138,92";"716,21";"322,64";"33,17";"148,32";"8,62";"470,96";"41,78";"44,08";"4,31";"35,04";"7,04";"3,73";"1,44";"21,25";"4506,57";"150,22";"840,72";"444,27";"43,51";"226,94";"9,6";"671,2";"53,11";"51,74";"3,53";"35,08";"6,86";"2,55";"1,18";"25,28";"2,65";"6,46";"45,91"
"Bob Nii Armah";"B. Armah";"976177";"2004-01-20";"Kuopion Palloseura";"5912";"FIN - Veikkausliiga";"323";"2026/2026";"130";"Full Back";"71,67";"46,62";"28,09";"18,52";"3";"0";"8553,67";"119,34";"1317,0";"489,0";"52,33";"193,67";"10,33";"682,67";"62,67";"28,8";"28,8";"94,0";"9,33";"88,67";"13,67";"7,0";"0,68";"0,74";"1,67";"null";"null";"37,67";"2,0";"2,83";"10740,98";"119,34";"1653,78";"614,05";"65,72";"243,19";"12,98";"857,24";"78,69";"118,04";"11,72";"111,34";"17,16";"8,79";"2,09";"47,3";"8408,58";"140,14";"1499,03";"585,2";"60,06";"241,12";"12,01";"826,31";"72,08";"92,24";"8,15";"77,65";"12,44";"3750,0";"133,48";"604,0";"241,67";"27,33";"112,0";"6,33";"353,67";"33,67";"38,0";"4,33";"36,33";"6,0";"3,0";"0,67";"20,67";"2783,0";"150,25";"560,67";"213,0";"19,33";"75,33";"3,0";"288,33";"22,33";"33,67";"2,0";"24,0";"3,67";"1,67";"0,67";"15,0";"4004,35";"133,48";"644,97";"258,06";"29,19";"119,6";"6,76";"377,65";"35,95";"40,58";"4,63";"38,8";"6,41";"3,2";"0,71";"22,07";"4507,56";"150,25";"908,1";"344,99";"31,31";"122,02";"4,86";"467,01";"36,17";"54,53";"3,24";"38,87";"5,94";"2,7";"1,08";"24,3";"1,72";"6,01";"45,91"
"Bob Nii Armah";"B. Armah";"976177";"2004-01-20";"Kuopion Palloseura";"5912";"FIN - Veikkausliiga";"323";"2026/2026";"130";"Wide Attacker";"72,78";"43,49";"23,54";"19,95";"3";"2";"8824,0";"121,24";"1437,67";"591,33";"60,67";"225,33";"12,33";"816,67";"73,0";"29,87";"29,87";"99,67";"12,33";"82,67";"18,33";"9,33";"0,67";"0,71";"3,33";"1,35";"null";"52,33";"2,01";"2,7";"10911,29";"121,24";"1777,74";"731,21";"75,02";"278,64";"15,25";"1009,85";"90,27";"123,24";"15,25";"102,22";"22,67";"11,54";"4,12";"64,71";"9000,0";"150,0";"1799,54";"745,94";"77,26";"283,75";"14,26";"1029,69";"91,52";"105,77";"11,04";"79,56";"14,72";"3423,33";"145,43";"588,33";"300,33";"31,33";"147,0";"7,0";"447,33";"38,33";"44,67";"5,0";"30,67";"5,67";"4,0";"2,33";"32,0";"3100,0";"155,39";"716,0";"240,33";"24,67";"58,67";"3,33";"299,0";"28,0";"32,0";"3,0";"27,0";"5,0";"2,33";"0,33";"18,67";"4362,99";"145,43";"749,82";"382,77";"39,93";"187,35";"8,92";"570,12";"48,86";"56,93";"6,37";"39,08";"7,22";"5,1";"2,97";"40,78";"4661,65";"155,39";"1076,69";"361,4";"37,09";"88,22";"5,01";"449,62";"42,11";"48,12";"4,51";"40,6";"7,52";"3,51";"0,5";"28,07";"3,68";"8,74";"69,9"
"Rasmus Tikkanen";"R. Tikkanen";"976178";"2007-05-10";"Kuopio PS";"538";"FIN - Veikkausliiga";"323";"2025/2025";"128";"Full Back";"68,8";"44,94";"27,27";"17,67";"5";"0";"8323,4";"120,98";"1282,4";"524,0";"45,8";"153,8";"8,2";"677,8";"54,0";"28,62";"28,62";"81,8";"5,6";"74,4";"11,8";"4,4";"0,74";"null";"0,6";"null";"null";"27,2";"2,08";"2,99";"10888,17";"120,98";"1677,56";"685,47";"59,91";"201,19";"10,73";"886,66";"70,64";"107,01";"7,33";"97,33";"15,44";"5,76";"0,78";"35,58";"8370,18";"139,5";"1486,09";"628,08";"54,48";"170,91";"8,55";"798,99";"63,02";"82,25";"6,14";"63,82";"9,08";"3685,0";"135,13";"613,0";"218,2";"19,8";"49,6";"2,6";"267,8";"22,4";"34,4";"2,8";"28,6";"4,2";"2,2";"0,0";"12,2";"2583,8";"146,25";"500,0";"252,2";"21,0";"78,4";"3,8";"330,6";"24,8";"27,2";"1,8";"19,2";"2,6";"1,0";"0,4";"13,0";"4053,91";"135,13";"674,37";"240,04";"21,78";"54,57";"2,86";"294,61";"24,64";"37,84";"3,08";"31,46";"4,62";"2,42";"0,0";"13,42";"4387,58";"146,25";"849,06";"428,26";"35,66";"133,13";"6,45";"561,4";"42,11";"46,19";"3,06";"32,6";"4,42";"1,7";"0,68";"22,08";"0,53";"4,27";"33,65"
"Riku Selander";"R. Selander";"976181";"1994-11-22";"Valkeakosken Haka";"3099";"FIN - Veikkausliiga";"323";"2025/2025";"128";"Midfield";"79,61";"44,98";"20,84";"24,13";"9";"0";"9303,11";"116,85";"1483,44";"515,56";"44,89";"132,89";"7,78";"648,44";"52,67";"28,06";"29,02";"107,67";"5,89";"96,89";"15,22";"3,33";"0,63";"0,78";"0,67";"1,26";"1,44";"26,78";"2,05";"2,86";"10516,88";"116,85";"1676,99";"582,82";"50,75";"150,23";"8,79";"733,05";"59,54";"121,71";"6,66";"109,53";"17,21";"3,77";"0,75";"30,27";"8990,07";"149,83";"1827,12";"660,47";"54,4";"166,3";"8,15";"826,78";"62,55";"104,5";"5,04";"84,34";"13,64";"2932,89";"140,7";"559,56";"128,33";"10,44";"20,33";"0,89";"148,67";"11,33";"29,89";"1,33";"24,56";"2,89";"0,44";"0,0";"6,11";"3806,33";"157,72";"810,11";"366,78";"30,33";"104,33";"5,22";"471,11";"35,56";"48,44";"2,44";"38,67";"7,33";"1,56";"0,22";"19,56";"4221,11";"140,7";"805,33";"184,7";"15,03";"29,26";"1,28";"213,97";"16,31";"43,02";"1,92";"35,34";"4,16";"0,64";"0,0";"8,8";"4731,63";"157,72";"1007,04";"455,94";"37,71";"129,7";"6,49";"585,64";"44,2";"60,22";"3,04";"48,07";"9,12";"1,93";"0,28";"24,31";"0,3";"2,67";"34,24"
"Tobias  Karkulowski";"T. Karkulowski";"976192";"2004-10-09";"Turun Palloseura";"5208";"FIN - Veikkausliiga";"323";"2026/2026";"130";"Full Back";"78,07";"40,38";"18,47";"21,91";"5";"0";"9009,8";"115,4";"1415,2";"588,6";"58,4";"197,2";"12,0";"785,8";"70,4";"28,4";"28,4";"94,2";"7,4";"80,2";"17,2";"6,0";"0,71";"0,73";"0,6";"null";"null";"31,6";"2,06";"3,02";"10386,16";"115,4";"1631,39";"678,52";"67,32";"227,32";"13,83";"905,84";"81,15";"108,59";"8,53";"92,45";"19,83";"6,92";"0,69";"36,43";"8862,84";"147,71";"1757,05";"761,43";"73,41";"262,13";"14,56";"1023,56";"87,97";"98,97";"6,24";"72,22";"11,59";"2740,8";"148,42";"541,0";"235,8";"22,4";"95,2";"5,0";"331,0";"27,4";"26,6";"1,8";"20,4";"3,4";"1,6";"0,2";"9,0";"3223,4";"147,12";"641,4";"276,6";"27,0";"81,2";"4,8";"357,8";"31,8";"40,0";"2,4";"28,2";"4,4";"1,6";"0,2";"20,0";"4452,56";"148,42";"878,88";"383,07";"36,39";"154,66";"8,12";"537,73";"44,51";"43,21";"2,92";"33,14";"5,52";"2,6";"0,32";"14,62";"4413,6";"147,12";"878,23";"378,73";"36,97";"111,18";"6,57";"489,91";"43,54";"54,77";"3,29";"38,61";"6,02";"2,19";"0,27";"27,38";"0,59";"4,76";"43,09"
"Otto Tiitinen";"O. Tiitinen";"976531";"2008-04-25";"Tampereen Ilves";"591";"FIN - Veikkausliiga";"323";"2025/2025";"128";"Midfield";"65,26";"38,09";"23,19";"14,9";"6";"0";"7568,17";"115,96";"1045,67";"292,0";"23,83";"38,67";"1,67";"330,67";"25,5";"26,32";"26,72";"72,0";"2,83";"65,5";"4,17";"1,17";"0,86";"null";"0,0";"null";"null";"22,0";"2,17";"3,11";"10436,63";"115,96";"1441,99";"402,67";"32,87";"53,32";"2,3";"455,99";"35,16";"99,29";"3,91";"90,33";"5,75";"1,61";"0,0";"30,34";"9039,25";"150,65";"1553,88";"435,27";"35,44";"53,56";"1,84";"488,82";"37,28";"86,11";"3,68";"69,83";"4,2";"3313,67";"142,9";"478,67";"112,83";"9,17";"11,0";"0,5";"123,83";"9,67";"29,0";"1,17";"23,17";"0,67";"0,67";"0,0";"8,5";"2425,0";"162,72";"507,83";"163,5";"13,33";"23,0";"0,67";"186,5";"14,0";"25,67";"1,17";"21,17";"2,0";"0,17";"0,0";"11,5";"4286,97";"142,9";"619,26";"145,98";"11,86";"14,23";"0,65";"160,21";"12,51";"37,52";"1,51";"29,97";"0,86";"0,86";"0,0";"11,0";"4881,64";"162,72";"1022,29";"329,13";"26,84";"46,3";"1,34";"375,43";"28,18";"51,67";"2,35";"42,61";"4,03";"0,34";"0,0";"23,15";"0,0";"1,31";"31,5"
"Otto Tiitinen";"O. Tiitinen";"976531";"2008-04-25";"Tampereen Ilves";"591";"FIN - Veikkausliiga";"323";"2026/2026";"130";"Midfield";"60,46";"38,51";"18,94";"19,57";"5";"0";"7163,8";"118,48";"1049,4";"349,8";"29,2";"70,4";"3,0";"420,2";"32,2";"27,32";"27,32";"72,2";"2,6";"62,4";"4,8";"1,8";"0,7";"null";"0,8";"1,62";"null";"20,6";"2,37";"null";"10663,36";"118,48";"1562,04";"520,68";"43,46";"104,79";"4,47";"625,47";"47,93";"107,47";"3,87";"92,88";"7,14";"2,68";"1,19";"30,66";"8926,62";"148,78";"1572,06";"530,98";"43,31";"106,88";"2,8";"637,86";"46,12";"90,37";"3,12";"69,8";"4,36";"2765,0";"146,01";"483,2";"154,2";"12,4";"28,4";"1,2";"182,6";"13,6";"27,0";"1,0";"20,8";"1,2";"0,8";"0,0";"8,2";"2964,4";"151,45";"525,8";"186,6";"15,4";"40,2";"0,6";"226,8";"16,0";"31,0";"1,0";"24,0";"1,6";"0,6";"0,2";"11,6";"4380,39";"146,01";"765,5";"244,29";"19,64";"44,99";"1,9";"289,28";"21,55";"42,77";"1,58";"32,95";"1,9";"1,27";"0,0";"12,99";"4543,53";"151,45";"805,89";"286,0";"23,6";"61,61";"0,92";"347,62";"24,52";"47,51";"1,53";"36,78";"2,45";"0,92";"0,31";"17,78";"0,31";"2,18";"30,85"
"Sami Sipola";"S. Sipola";"979689";"2001-12-25";"FC Inter Turku";"1769";"FIN - Veikkausliiga";"323";"2025/2025";"128";"Full Back";"61,63";"35,73";"18,89";"16,84";"3";"0";"7230,67";"117,33";"1004,67";"483,67";"44,0";"158,0";"10,33";"641,67";"54,33";"28,47";"28,47";"74,0";"6,0";"57,33";"13,0";"4,67";"0,66";"null";"2,33";"1,53";"null";"24,33";"2,62";"3,02";"10559,52";"117,33";"1467,2";"706,34";"64,26";"230,74";"15,09";"937,08";"79,35";"108,07";"8,76";"83,73";"18,98";"6,82";"3,41";"35,54";"8692,16";"144,87";"1455,22";"731,53";"64,93";"235,63";"15,11";"967,16";"80,04";"91,79";"6,16";"58,77";"11,75";"2754,33";"145,82";"466,33";"223,33";"19,33";"80,0";"5,33";"303,33";"24,67";"25,33";"1,67";"17,33";"2,67";"1,33";"0,67";"8,0";"2422,33";"143,81";"400,33";"212,33";"19,33";"60,33";"3,67";"272,67";"23,0";"29,33";"2,0";"17,67";"4,33";"1,0";"0,67";"14,33";"4374,53";"145,82";"740,65";"354,71";"30,71";"127,06";"8,47";"481,76";"39,18";"40,24";"2,65";"27,53";"4,24";"2,12";"1,06";"12,71";"4314,18";"143,81";"712,99";"378,17";"34,43";"107,45";"6,53";"485,62";"40,96";"52,24";"3,56";"31,46";"7,72";"1,78";"1,19";"25,53";"2,24";"3,92";"37,5"
"Sami Sipola";"S. Sipola";"979689";"2001-12-25";"AC Oulu";"5278";"FIN - Veikkausliiga";"323";"2026/2026";"130";"Full Back";"73,25";"36,97";"18,88";"18,08";"3";"0";"8862,67";"120,99";"1397,67";"480,0";"43,0";"178,67";"7,0";"658,67";"50,0";"27,9";"27,9";"81,33";"5,33";"73,0";"10,0";"2,67";"0,87";"0,91";"0,0";"null";"null";"35,33";"2,2";"null";"10889,28";"120,99";"1717,27";"589,76";"52,83";"219,52";"8,6";"809,28";"61,43";"99,93";"6,55";"89,69";"12,29";"3,28";"0,0";"43,41";"9539,4";"158,99";"1906,04";"694,68";"61,68";"256,45";"10,28";"951,13";"71,96";"93,6";"6,49";"71,42";"10,28";"2960,0";"156,75";"548,33";"171,0";"18,0";"82,67";"3,0";"253,67";"21,0";"25,0";"2,0";"20,33";"3,0";"0,33";"0,0";"11,0";"2917,33";"161,33";"626,0";"257,0";"20,0";"75,33";"3,33";"332,33";"23,33";"32,67";"2,0";"23,67";"3,33";"1,33";"0,0";"20,0";"4702,56";"156,75";"871,14";"271,67";"28,6";"131,33";"4,77";"403,0";"33,36";"39,72";"3,18";"32,3";"4,77";"0,53";"0,0";"17,48";"4839,82";"161,33";"1038,53";"426,36";"33,18";"124,98";"5,53";"551,34";"38,71";"54,19";"3,32";"39,26";"5,53";"2,21";"0,0";"33,18";"0,0";"2,71";"50,32"
"Sami Sipola";"S. Sipola";"979689";"2001-12-25";"FF Jaro";"5282";"FIN - Veikkausliiga";"323";"2025/2025";"128";"Full Back";"84,52";"49,34";"24,12";"25,22";"4";"0";"10124,5";"119,79";"1462,25";"529,75";"51,25";"170,5";"9,0";"700,25";"60,25";"28,88";"28,88";"98,75";"4,5";"86,5";"13,75";"2,5";"null";"null";"1,25";"null";"null";"34,5";"2,22";"null";"10780,83";"119,79";"1557,04";"564,09";"54,57";"181,55";"9,58";"745,64";"64,16";"105,15";"4,79";"92,11";"14,64";"2,66";"1,33";"36,74";"8752,06";"145,87";"1595,84";"593,77";"55,03";"182,42";"9,12";"776,18";"64,15";"86,65";"3,34";"66,58";"9,12";"3569,0";"147,96";"650,5";"251,0";"20,75";"75,25";"3,0";"326,25";"23,75";"32,0";"1,5";"23,25";"4,25";"0,5";"0,25";"12,75";"3627,75";"143,86";"661,75";"237,25";"24,5";"74,75";"4,5";"312,0";"29,0";"39,25";"1,25";"31,5";"3,25";"0,0";"0,0";"19,25";"4438,9";"147,96";"809,05";"312,18";"25,81";"93,59";"3,73";"405,77";"29,54";"39,8";"1,87";"28,92";"5,29";"0,62";"0,31";"15,86";"4315,9";"143,86";"787,28";"282,25";"29,15";"88,93";"5,35";"371,18";"34,5";"46,7";"1,49";"37,48";"3,87";"0,0";"0,0";"22,9";"0,3";"0,61";"38,92"
"Joonas Kekarainen";"J. Kekarainen";"979692";"2005-05-03";"FC Inter Turku";"1769";"FIN - Veikkausliiga";"323";"2025/2025";"128";"Midfield";"81,07";"45,44";"24,11";"21,33";"5";"0";"9985,6";"123,17";"1676,6";"550,8";"50,4";"98,6";"5,4";"649,4";"55,8";"27,02";"27,02";"107,8";"4,0";"95,4";"10,4";"3,2";"0,85";"0,91";"1,0";"null";"null";"47,2";"2,0";"2,74";"11085,08";"123,17";"1861,2";"611,45";"55,95";"109,46";"5,99";"720,9";"61,94";"119,67";"4,44";"105,9";"11,55";"3,55";"1,11";"52,4";"9509,32";"158,49";"1992,4";"679,01";"61,54";"125,19";"6,07";"804,2";"67,61";"104,32";"4,23";"81,34";"8,72";"3641,2";"151,02";"766,0";"257,8";"22,4";"55,0";"2,6";"312,8";"25,0";"41,0";"2,0";"29,6";"3,2";"1,4";"0,2";"20,6";"3560,0";"166,93";"742,8";"256,4";"24,2";"39,8";"2,0";"296,2";"26,2";"38,0";"1,2";"32,0";"3,4";"0,8";"0,6";"24,0";"4530,73";"151,02";"953,13";"320,78";"27,87";"68,44";"3,24";"389,22";"31,11";"51,02";"2,49";"36,83";"3,98";"1,74";"0,25";"25,63";"5007,81";"166,93";"1044,89";"360,68";"34,04";"55,99";"2,81";"416,66";"36,86";"53,45";"1,69";"45,01";"4,78";"1,13";"0,84";"33,76";"1,06";"2,91";"58,9"
"Thomas Lahdensuo";"T. Lahdensuo";"979696";"2005-06-08";"Kotkan Työväen Palloilijat";"5279";"FIN - Veikkausliiga";"323";"2025/2025";"128";"Wide Attacker";"83,26";"40,01";"20,07";"19,94";"3";"0";"9442,67";"113,41";"1385,67";"616,33";"62,0";"294,0";"13,0";"910,33";"75,0";"29,7";"29,7";"92,0";"8,0";"74,0";"14,33";"5,67";"0,8";"null";"1,67";"null";"null";"39,33";"2,53";"3,21";"10206,93";"113,41";"1497,82";"666,22";"67,02";"317,8";"14,05";"984,01";"81,07";"99,45";"8,65";"79,99";"15,49";"6,13";"1,8";"42,52";"9226,44";"153,77";"1805,5";"824,77";"82,48";"407,89";"16,5";"1232,66";"98,97";"96,97";"8,0";"66,48";"11,5";"3006,67";"149,79";"538,67";"261,0";"27,0";"159,33";"6,0";"420,33";"33,0";"33,0";"2,33";"20,0";"3,33";"1,67";"0,33";"17,0";"3146,0";"157,78";"665,33";"289,0";"28,0";"112,67";"5,0";"401,67";"33,0";"31,67";"3,0";"24,33";"4,33";"2,67";"0,33";"17,33";"4493,77";"149,79";"805,09";"390,09";"40,35";"238,14";"8,97";"628,23";"49,32";"49,32";"3,49";"29,89";"4,98";"2,49";"0,5";"25,41";"4733,46";"157,78";"1001,06";"434,83";"42,13";"169,52";"7,52";"604,35";"49,65";"47,65";"4,51";"36,61";"6,52";"4,01";"0,5";"26,08";"1,0";"6,5";"51,49"
"Bismark Ampofo";"B. Ampofo";"979697";"2002-08-04";"FC Inter Turku";"1769";"FIN - Veikkausliiga";"323";"2025/2025";"128";"Midfield";"88,35";"50,79";"27,42";"23,37";"23";"0";"11006,52";"124,58";"1865,13";"586,61";"53,13";"148,7";"7,83";"735,3";"60,96";"27,77";"29,28";"118,78";"4,83";"103,83";"14,83";"3,26";"0,63";"0,63";"0,78";"1,22";"1,22";"35,3";"1,96";"2,64";"11212,26";"124,58";"1899,99";"597,57";"54,12";"151,48";"7,97";"749,05";"62,1";"121,0";"4,92";"105,77";"15,1";"3,32";"0,8";"35,96";"9681,51";"161,36";"2032,42";"649,02";"58,14";"162,04";"7,7";"811,06";"65,84";"103,33";"3,65";"82,94";"10,32";"4338,57";"158,22";"859,65";"220,57";"19,3";"52,65";"2,22";"273,22";"21,52";"43,26";"1,52";"35,91";"3,04";"0,96";"0,26";"12,43";"3857,39";"165,05";"860,91";"328,87";"29,91";"84,52";"4,3";"413,39";"34,22";"44,22";"1,57";"34,3";"5,7";"1,04";"0,13";"20,65";"4746,49";"158,22";"940,48";"241,3";"21,12";"57,6";"2,43";"298,91";"23,55";"47,33";"1,66";"39,29";"3,33";"1,05";"0,29";"13,6";"4951,35";"165,05";"1105,07";"422,14";"38,4";"108,49";"5,53";"530,63";"43,92";"56,76";"2,01";"44,03";"7,31";"1,34";"0,17";"26,51";"0,46";"2,36";"39,08"
"Axel Kouame";"A. Kouame";"979699";"2003-10-14";"FC Inter Turku";"1769";"FIN - Veikkausliiga";"323";"2025/2025";"128";"Midfield";"95,61";"54,66";"29,9";"24,77";"18";"1";"11671,22";"122,07";"1826,67";"803,33";"78,67";"316,0";"16,94";"1119,33";"95,61";"29,84";"31,26";"124,17";"6,67";"106,5";"16,44";"4,78";"0,59";"0,59";"1,78";"1,09";"1,09";"49,5";"1,87";"2,92";"10986,7";"122,07";"1719,53";"756,22";"74,05";"297,47";"15,95";"1053,68";"90,0";"116,88";"6,28";"100,25";"15,48";"4,5";"1,67";"46,6";"9379,86";"156,33";"1827,26";"831,0";"79,7";"331,25";"16,77";"1162,25";"96,47";"103,06";"5,31";"77,57";"10,31";"4560,22";"152,54";"850,44";"432,89";"41,06";"201,72";"9,72";"634,61";"50,78";"49,22";"2,83";"37,11";"4,83";"2,11";"0,83";"22,22";"3985,0";"160,91";"814,22";"324,17";"31,56";"100,06";"5,56";"424,22";"37,11";"44,67";"2,0";"33,56";"4,56";"1,28";"0,67";"24,17";"4576,18";"152,54";"853,42";"434,4";"41,2";"202,43";"9,76";"636,83";"50,96";"49,39";"2,84";"37,24";"4,85";"2,12";"0,84";"22,3";"4827,23";"160,91";"986,31";"392,68";"38,22";"121,2";"6,73";"513,88";"44,95";"54,11";"2,42";"40,65";"5,52";"1,55";"0,81";"29,27";"1,65";"3,72";"50,92"
"Salim Giabo Yussif";"S. Yussif";"985307";"2002-06-06";"Seinäjoen Jalkapallokerho";"2507";"FIN - Veikkausliiga";"323";"2025/2025";"128";"Full Back";"83,49";"46,35";"22,34";"24,01";"22";"1";"8673,41";"103,89";"1077,5";"468,18";"49,55";"178,77";"10,18";"646,95";"59,73";"29,47";"32,24";"94,86";"8,36";"83,14";"15,82";"6,0";"0,55";"0,57";"2,5";"1,03";"1,14";"31,77";"1,95";"2,66";"9349,86";"103,89";"1161,54";"504,7";"53,41";"192,72";"10,98";"697,41";"64,39";"102,26";"9,02";"89,62";"17,05";"6,47";"2,69";"34,25";"7920,97";"132,02";"1232,09";"549,2";"54,55";"210,61";"11,06";"759,8";"65,61";"91,8";"7,53";"68,55";"11,71";"2725,82";"122,02";"369,45";"156,91";"16,0";"74,59";"3,55";"231,5";"19,55";"29,59";"3,14";"22,36";"4,05";"1,86";"0,55";"10,95";"3392,73";"141,31";"582,27";"267,32";"26,14";"88,09";"5,0";"355,41";"31,14";"41,32";"2,68";"30,59";"5,0";"1,68";"0,77";"18,95";"3660,68";"122,02";"496,16";"210,72";"21,49";"100,17";"4,76";"310,9";"26,25";"39,74";"4,21";"30,03";"5,43";"2,5";"0,73";"14,71";"4239,44";"141,31";"727,59";"334,03";"32,66";"110,08";"6,25";"444,11";"38,91";"51,63";"3,35";"38,23";"6,25";"2,1";"0,97";"23,68";"1,71";"4,59";"38,72"
"Salim Giabo Yussif";"S. Yussif";"985307";"2002-06-06";"Seinäjoen Jalkapallokerho";"2507";"FIN - Veikkausliiga";"323";"2026/2026";"130";"Full Back";"80,01";"44,55";"23,5";"21,05";"8";"0";"8627,88";"107,83";"1079,88";"507,12";"55,0";"242,12";"13,38";"749,25";"68,38";"30,38";"31,26";"94,12";"8,5";"80,88";"17,0";"5,5";"0,66";"0,72";"2,12";"1,33";"null";"31,62";"2,03";"2,63";"9704,59";"107,83";"1214,64";"570,41";"61,86";"272,34";"15,04";"842,75";"76,91";"105,87";"9,56";"90,97";"19,12";"6,19";"2,39";"35,57";"8214,21";"136,9";"1281,87";"627,72";"63,29";"283,81";"14,81";"911,53";"78,11";"92,08";"7,07";"65,48";"13,3";"2994,25";"127,4";"417,0";"191,88";"19,88";"92,25";"4,0";"284,12";"23,88";"31,5";"2,38";"25,25";"4,62";"1,25";"0,5";"12,12";"3105,38";"147,51";"534,88";"274,25";"27,12";"118,5";"7,0";"392,75";"34,12";"36,88";"2,88";"23,38";"5,25";"1,62";"0,75";"17,0";"3822,11";"127,4";"532,29";"244,93";"25,37";"117,76";"5,11";"362,68";"30,48";"40,21";"3,03";"32,23";"5,9";"1,6";"0,64";"15,48";"4425,27";"147,51";"762,22";"390,82";"38,65";"168,87";"9,98";"559,68";"48,63";"52,55";"4,1";"33,31";"7,48";"2,32";"1,07";"24,23";"1,68";"3,87";"39,22"
"Marius Konkkola";"M. Könkkölä";"985308";"2003-10-31";"Turun Palloseura";"5208";"FIN - Veikkausliiga";"323";"2026/2026";"130";"Wide Attacker";"87,9";"44,18";"19,87";"24,31";"7";"0";"10561,43";"120,16";"1708,29";"516,86";"51,14";"179,29";"9,29";"696,14";"60,43";"30,06";"30,7";"100,0";"6,14";"81,71";"11,0";"4,29";"0,68";"0,7";"1,29";"1,3";"1,4";"43,86";"1,99";"2,74";"10814,34";"120,16";"1749,19";"529,23";"52,37";"183,58";"9,51";"712,81";"61,88";"102,39";"6,29";"83,67";"11,26";"4,39";"1,32";"44,91";"9692,86";"161,55";"2072,66";"662,5";"62,47";"187,59";"11,06";"850,09";"73,52";"98,36";"6,21";"71,58";"9,31";"3293,14";"165,72";"736,43";"278,71";"27,43";"99,86";"5,43";"378,57";"32,86";"38,29";"2,86";"23,14";"3,71";"1,86";"0,71";"20,57";"3844,57";"158,14";"789,86";"209,14";"18,57";"38,29";"2,71";"247,43";"21,29";"34,14";"1,71";"29,57";"3,14";"0,86";"0,29";"19,14";"4971,68";"165,72";"1111,79";"420,78";"41,41";"150,75";"8,2";"571,53";"49,6";"57,8";"4,31";"34,94";"5,61";"2,8";"1,08";"31,06";"4744,06";"158,14";"974,65";"258,07";"22,92";"47,24";"3,35";"305,32";"26,27";"42,13";"2,12";"36,49";"3,88";"1,06";"0,35";"23,62";"1,36";"3,69";"53,93"
"Kasper Paananen";"K. Paananen";"985309";"2003-03-16";"Seinäjoen Jalkapallokerho";"2507";"FIN - Veikkausliiga";"323";"2025/2025";"128";"Center Forward";"91,17";"51,33";"27,87";"23,45";"8";"0";"11291,0";"123,85";"1910,12";"626,88";"53,25";"117,0";"7,25";"743,88";"60,5";"27,01";"27,58";"105,5";"6,12";"88,62";"12,0";"3,38";"0,7";"0,85";"0,12";"null";"null";"49,5";"1,88";"2,78";"11146,25";"123,85";"1885,64";"618,84";"52,57";"115,5";"7,16";"734,34";"59,72";"104,15";"6,05";"87,49";"11,85";"3,33";"0,12";"48,87";"9463,66";"157,73";"1999,9";"684,17";"56,84";"130,78";"6,87";"814,95";"63,71";"91,77";"4,82";"68,1";"8,62";"4355,12";"156,25";"891,62";"360,38";"30,25";"89,62";"4,38";"450,0";"34,62";"44,62";"2,38";"29,62";"4,0";"1,25";"0,12";"22,0";"3740,25";"159,48";"819,12";"224,88";"18,38";"22,25";"1,5";"247,12";"19,88";"33,88";"1,75";"28,62";"3,38";"0,75";"0,0";"23,12";"4687,48";"156,25";"959,67";"387,88";"32,56";"96,46";"4,71";"484,34";"37,27";"48,03";"2,56";"31,89";"4,31";"1,35";"0,13";"23,68";"4784,54";"159,48";"1047,83";"287,66";"23,51";"28,46";"1,92";"316,12";"25,42";"43,33";"2,24";"36,62";"4,32";"0,96";"0,0";"29,58";"0,15";"2,34";"52,75"
"Kasper Paananen";"K. Paananen";"985309";"2003-03-16";"Seinäjoen Jalkapallokerho";"2507";"FIN - Veikkausliiga";"323";"2025/2025";"128";"Midfield";"84,83";"46,87";"22,86";"24,01";"20";"1";"10899,75";"128,49";"2004,1";"739,6";"58,35";"151,1";"8,55";"890,7";"66,9";"27,41";"29,24";"101,75";"4,45";"87,95";"12,05";"2,55";"0,68";"0,74";"0,4";"1,47";"1,76";"48,35";"1,84";"2,61";"11564,04";"128,49";"2126,24";"784,68";"61,91";"160,31";"9,07";"944,98";"70,98";"107,95";"4,72";"93,31";"12,78";"2,71";"0,42";"51,3";"10005,31";"166,76";"2286,8";"884,11";"68,93";"181,46";"9,54";"1065,57";"78,47";"95,88";"3,65";"74,12";"8,96";"3767,5";"164,82";"835,95";"380,55";"28,4";"89,05";"4,15";"469,6";"32,55";"35,45";"1,6";"24,8";"2,85";"0,85";"0,1";"18,6";"4048,45";"168,6";"950,45";"310,1";"25,45";"52,7";"3,3";"362,8";"28,75";"39,45";"1,25";"33,1";"4,15";"0,6";"0,1";"25,6";"4944,59";"164,82";"1097,13";"499,45";"37,27";"116,87";"5,45";"616,32";"42,72";"46,53";"2,1";"32,55";"3,74";"1,12";"0,13";"24,41";"5057,93";"168,6";"1187,44";"387,42";"31,8";"65,84";"4,12";"453,26";"35,92";"49,29";"1,56";"41,35";"5,18";"0,75";"0,12";"31,98";"0,26";"1,86";"56,58"
"Kasper Paananen";"K. Paananen";"985309";"2003-03-16";"Seinäjoen Jalkapallokerho";"2507";"FIN - Veikkausliiga";"323";"2026/2026";"130";"Midfield";"86,24";"47,39";"26,2";"21,19";"7";"0";"11105,71";"128,78";"2147,29";"733,29";"59,14";"111,14";"6,57";"844,43";"65,71";"26,26";"26,64";"107,14";"5,14";"90,43";"13,57";"3,14";"0,67";"0,86";"0,43";"null";"null";"47,57";"2,08";"2,76";"11589,85";"128,78";"2240,89";"765,25";"61,72";"115,99";"6,86";"881,24";"68,58";"111,81";"5,37";"94,37";"14,16";"3,28";"0,45";"49,65";"10025,02";"167,08";"2378,66";"867,4";"69,09";"122,98";"7,42";"990,38";"76,5";"98,03";"4,34";"73,43";"9,22";"4293,0";"163,84";"980,71";"404,57";"31,71";"54,71";"3,57";"459,29";"35,29";"40,14";"2,0";"28,86";"3,71";"1,0";"0,0";"21,29";"3625,57";"171,09";"898,14";"280,57";"22,86";"42,43";"2,29";"323,0";"25,14";"37,29";"1,43";"29,14";"3,57";"0,71";"0,14";"22,57";"4915,2";"163,84";"1122,85";"463,21";"36,31";"62,64";"4,09";"525,85";"40,4";"45,96";"2,29";"33,04";"4,25";"1,14";"0,0";"24,37";"5132,83";"171,09";"1271,53";"397,21";"32,36";"60,07";"3,24";"457,28";"35,6";"52,79";"2,02";"41,26";"5,06";"1,01";"0,2";"31,96";"0,18";"2,17";"55,52"
"Kasper Paananen";"K. Paananen";"985309";"2003-03-16";"Seinäjoen Jalkapallokerho";"2507";"FIN - Veikkausliiga";"323";"2025/2025";"128";"Wide Attacker";"91,98";"52,8";"23,31";"29,49";"3";"0";"11841,67";"128,74";"2173,67";"850,0";"75,0";"186,67";"13,67";"1036,67";"88,67";"27,77";"27,77";"112,33";"8,33";"95,33";"12,67";"4,33";"0,76";"0,85";"0,67";"null";"null";"59,33";"2,12";"null";"11587,04";"128,74";"2126,93";"831,72";"73,39";"182,65";"13,37";"1014,38";"86,76";"109,92";"8,15";"93,28";"12,39";"4,24";"0,65";"58,06";"9837,5";"163,96";"2234,47";"900,38";"79,17";"192,42";"12,88";"1092,8";"92,05";"103,79";"6,44";"73,86";"8,33";"3666,0";"157,26";"723,67";"344,0";"30,0";"80,0";"5,0";"424,0";"35,0";"42,33";"3,67";"24,0";"3,67";"2,0";"0,33";"22,0";"4991,0";"169,25";"1242,67";"448,33";"39,67";"89,33";"6,33";"537,67";"46,0";"49,0";"2,0";"41,0";"3,67";"1,0";"0,33";"34,33";"4717,92";"157,26";"931,32";"442,71";"38,61";"102,96";"6,43";"545,66";"45,04";"54,48";"4,72";"30,89";"4,72";"2,57";"0,43";"28,31";"5077,51";"169,25";"1264,2";"456,1";"40,35";"90,88";"6,44";"546,99";"46,8";"49,85";"2,03";"41,71";"3,73";"1,02";"0,34";"34,93";"0,76";"3,41";"64,02"
"Oskari Väistö";"O. Väistö";"985310";"2005-09-15";"Seinäjoen Jalkapallokerho";"2507";"FIN - Veikkausliiga";"323";"2025/2025";"128";"Central Defender";"86,43";"48,59";"22,1";"26,49";"15";"0";"9225,27";"106,74";"1129,07";"355,13";"33,27";"118,93";"5,4";"474,07";"38,67";"29,03";"31,14";"91,2";"4,53";"75,33";"8,4";"2,8";"0,59";"0,61";"0,8";"1,25";"null";"17,8";"2,14";"3,02";"9606,44";"106,74";"1175,72";"369,81";"34,64";"123,85";"5,62";"493,65";"40,26";"94,97";"4,72";"78,45";"8,75";"2,92";"0,83";"18,54";"8086,69";"134,78";"1183,35";"379,3";"35,81";"127,09";"5,68";"506,4";"41,49";"81,41";"3,95";"62,31";"5,84";"2887,0";"130,63";"384,93";"95,2";"7,93";"26,33";"1,13";"121,53";"9,07";"23,6";"1,33";"19,87";"1,87";"0,33";"0,07";"4,07";"3662,47";"138,24";"573,47";"212,0";"21,07";"76,6";"3,47";"288,6";"24,53";"42,33";"1,87";"30,6";"2,87";"1,2";"0,47";"11,53";"3918,81";"130,63";"522,51";"129,22";"10,77";"35,74";"1,54";"164,97";"12,31";"32,03";"1,81";"26,97";"2,53";"0,45";"0,09";"5,52";"4147,23";"138,24";"649,37";"240,06";"23,86";"86,74";"3,93";"326,8";"27,78";"47,94";"2,11";"34,65";"3,25";"1,36";"0,53";"13,06";"0,66";"1,89";"19,26"
"Oskari Väistö";"O. Väistö";"985310";"2005-09-15";"Seinäjoen Jalkapallokerho";"2507";"FIN - Veikkausliiga";"323";"2025/2025";"128";"Full Back";"79,18";"46,19";"23,94";"22,25";"5";"1";"8508,6";"107,46";"994,4";"348,4";"36,6";"135,8";"6,4";"484,2";"43,0";"29,36";"29,36";"87,2";"4,0";"78,6";"9,4";"2,8";"0,66";"null";"0,8";"null";"null";"19,8";"2,36";"3,22";"9671,71";"107,46";"1130,33";"396,03";"41,6";"154,36";"7,27";"550,39";"48,88";"99,12";"4,55";"89,34";"10,68";"3,18";"0,91";"22,51";"7806,32";"130,11";"1096,52";"399,54";"40,53";"164,44";"6,49";"563,98";"47,02";"81,83";"4,16";"66,5";"9,35";"2941,2";"122,86";"344,0";"97,4";"10,2";"32,0";"1,4";"129,4";"11,6";"29,0";"1,6";"23,4";"3,4";"0,4";"0,4";"5,4";"3068,8";"137,9";"500,2";"210,2";"21,0";"94,6";"3,6";"304,8";"24,6";"34,0";"1,6";"27,8";"3,8";"1,0";"0,0";"13,0";"3685,71";"122,86";"431,08";"122,06";"12,78";"40,1";"1,75";"162,16";"14,54";"36,34";"2,01";"29,32";"4,26";"0,5";"0,5";"6,77";"4137,09";"137,9";"674,33";"283,37";"28,31";"127,53";"4,85";"410,9";"33,16";"45,84";"2,16";"37,48";"5,12";"1,35";"0,0";"17,53";"0,52";"1,82";"23,9"
"Oskari Väistö";"O. Väistö";"985310";"2005-09-15";"Seinäjoen Jalkapallokerho";"2507";"FIN - Veikkausliiga";"323";"2026/2026";"130";"Full Back";"81,66";"46,86";"26,58";"20,28";"3";"0";"9382,0";"114,9";"1315,67";"539,33";"48,0";"142,33";"7,33";"681,67";"55,33";"28,8";"28,8";"94,33";"5,33";"81,67";"10,33";"2,67";"null";"null";"1,0";"null";"null";"28,33";"2,56";"null";"10340,75";"114,9";"1450,12";"594,45";"52,91";"156,88";"8,08";"751,33";"60,99";"103,97";"5,88";"90,01";"11,39";"2,94";"1,1";"31,23";"8480,1";"141,34";"1468,34";"607,4";"52,93";"172,87";"7,68";"780,27";"60,61";"86,65";"5,12";"65,73";"8,54";"3581,0";"134,74";"592,67";"195,0";"18,0";"48,67";"2,0";"243,67";"20,0";"37,67";"2,33";"30,0";"4,33";"1,33";"0,0";"10,33";"3041,33";"149,98";"554,0";"279,33";"23,33";"86,33";"4,0";"365,67";"27,33";"30,0";"1,67";"21,33";"2,33";"0,67";"0,67";"16,0";"4042,1";"134,74";"668,98";"220,11";"20,32";"54,93";"2,26";"275,04";"22,58";"42,52";"2,63";"33,86";"4,89";"1,51";"0,0";"11,66";"4499,51";"149,98";"819,62";"413,26";"34,52";"127,73";"5,92";"540,99";"40,44";"44,38";"2,47";"31,56";"3,45";"0,99";"0,99";"23,67";"0,85";"2,56";"33,72"
"Olatoundji Tessilimi";"O. Tessilimi";"985312";"2004-11-02";"Seinäjoen Jalkapallokerho";"2507";"FIN - Veikkausliiga";"323";"2025/2025";"128";"Center Forward";"59,86";"34,18";"17,99";"16,19";"7";"0";"6644,57";"110,99";"842,86";"453,43";"53,57";"263,71";"13,57";"717,14";"67,14";"31,81";"32,24";"66,86";"7,29";"56,43";"12,29";"6,29";"0,58";"0,65";"2,0";"1,13";"1,49";"36,0";"2,08";"2,71";"9989,45";"110,99";"1267,15";"681,68";"80,54";"396,47";"20,4";"1078,15";"100,94";"100,51";"10,95";"84,83";"18,47";"9,45";"3,01";"54,12";"8324,61";"138,74";"1339,0";"725,67";"84,0";"421,01";"20,56";"1146,67";"104,56";"87,51";"9,28";"66,2";"12,54";"2445,57";"135,92";"352,57";"199,71";"24,14";"154,71";"6,57";"354,43";"30,71";"26,71";"3,29";"18,86";"3,0";"2,71";"1,29";"14,57";"2297,14";"141,88";"410,29";"213,71";"23,71";"85,14";"5,14";"298,86";"28,86";"23,14";"2,0";"18,86";"4,14";"1,57";"0,29";"18,14";"4077,57";"135,92";"587,85";"332,99";"40,25";"257,96";"10,96";"590,95";"51,21";"44,54";"5,48";"31,44";"5,0";"4,53";"2,14";"24,3";"4256,47";"141,88";"760,24";"396,0";"43,94";"157,76";"9,53";"553,76";"53,47";"42,88";"3,71";"34,94";"7,68";"2,91";"0,53";"33,62";"2,76";"7,52";"57,42"
"Olatoundji Tessilimi";"O. Tessilimi";"985312";"2004-11-02";"Seinäjoen Jalkapallokerho";"2507";"FIN - Veikkausliiga";"323";"2026/2026";"130";"Wide Attacker";"64,82";"35,07";"18,92";"16,14";"7";"0";"7477,71";"115,37";"1065,86";"493,0";"54,57";"250,0";"13,14";"743,0";"67,71";"31,24";"31,74";"78,86";"6,29";"63,43";"14,43";"5,43";"0,58";"0,6";"2,29";"1,16";"1,87";"37,29";"1,94";"2,75";"10383,04";"115,37";"1479,98";"684,55";"75,77";"347,13";"18,25";"1031,68";"94,02";"109,5";"8,73";"88,07";"20,03";"7,54";"3,17";"51,77";"8778,3";"146,3";"1590,03";"764,58";"81,15";"383,76";"19,8";"1148,34";"100,95";"94,35";"7,33";"64,77";"14,42";"2722,86";"143,89";"482,14";"257,71";"28,0";"147,29";"7,29";"405,0";"35,29";"31,0";"2,57";"19,14";"4,43";"2,43";"1,14";"18,14";"2407,57";"149,14";"447,14";"189,14";"19,43";"77,0";"4,29";"266,14";"23,71";"24,14";"1,71";"18,71";"4,0";"1,0";"0,43";"15,43";"4316,56";"143,89";"764,34";"408,56";"44,39";"233,49";"11,55";"642,05";"55,94";"49,14";"4,08";"30,35";"7,02";"3,85";"1,81";"28,76";"4474,25";"149,14";"830,97";"351,5";"36,11";"143,1";"7,96";"494,6";"44,07";"44,87";"3,19";"34,78";"7,43";"1,86";"0,8";"28,67";"2,69";"5,87";"57,44"
"Artur Atarah";"A. Atarah";"985313";"2005-02-06";"IF Gnistan";"5281";"FIN - Veikkausliiga";"323";"2025/2025";"128";"Center Forward";"48,09";"25,7";"13,1";"12,6";"4";"1";"5446,75";"113,27";"850,75";"432,0";"41,5";"131,75";"8,25";"563,75";"49,75";"28,6";"28,6";"71,0";"6,0";"56,75";"10,75";"3,75";"0,78";"0,75";"0,75";"null";"2,19";"30,75";"2,1";"2,72";"10194,07";"113,27";"1592,25";"808,53";"77,67";"246,58";"15,44";"1055,11";"93,11";"132,88";"11,23";"106,21";"20,12";"7,02";"1,4";"57,55";"9007,0";"150,12";"1755,64";"922,18";"88,72";"294,75";"16,93";"1216,93";"105,64";"103,31";"7,59";"77,63";"14,01";"1988,75";"151,86";"380,0";"221,75";"21,75";"68,5";"3,75";"290,25";"25,5";"26,0";"2,0";"19,25";"2,75";"1,0";"0,25";"14,0";"1869,25";"148,3";"372,0";"173,25";"16,25";"57,75";"3,5";"231,0";"19,75";"18,25";"1,25";"14,0";"3,25";"0,5";"0,25";"13,5";"4555,84";"151,86";"870,51";"507,99";"49,83";"156,92";"8,59";"664,91";"58,42";"59,56";"4,58";"44,1";"6,3";"2,29";"0,57";"32,07";"4449,12";"148,3";"885,42";"412,36";"38,68";"137,45";"8,33";"549,82";"47,01";"43,44";"2,98";"33,32";"7,74";"1,19";"0,6";"32,13";"1,17";"3,5";"64,2"
"Artur Atarah";"A. Atarah";"985313";"2005-02-06";"IF Gnistan";"5281";"FIN - Veikkausliiga";"323";"2025/2025";"128";"Wide Attacker";"62,67";"31,85";"13,86";"17,99";"3";"1";"7124,67";"113,68";"1081,0";"535,67";"51,67";"198,0";"9,67";"733,67";"61,33";"29,0";"29,0";"78,67";"6,33";"63,0";"16,33";"3,0";"0,76";"null";"1,33";"null";"null";"36,0";"2,4";"2,79";"10231,33";"113,68";"1552,36";"769,24";"74,2";"284,34";"13,88";"1053,58";"88,08";"112,97";"9,09";"90,47";"23,46";"4,31";"1,91";"51,7";"9119,0";"151,98";"1787,76";"945,68";"88,54";"351,02";"15,7";"1296,7";"104,24";"99,22";"6,28";"69,07";"18,84";"2010,67";"145,12";"379,0";"206,33";"21,0";"82,0";"4,33";"288,33";"25,33";"23,33";"2,0";"14,0";"3,0";"1,0";"0,67";"11,67";"2830,0";"157,27";"570,0";"295,67";"26,0";"104,33";"4,0";"400,0";"30,0";"29,33";"1,33";"22,67";"7,0";"0,33";"0,0";"20,0";"4353,49";"145,12";"820,61";"446,75";"45,47";"177,55";"9,38";"624,3";"54,85";"50,52";"4,33";"30,31";"6,5";"2,17";"1,44";"25,26";"4718,12";"157,27";"950,29";"492,93";"43,35";"173,94";"6,67";"666,87";"50,02";"48,9";"2,22";"37,79";"11,67";"0,56";"0,0";"33,34";"1,26";"2,51";"59,65"
"Nathaniel  Tahmbi";"N. Tahmbi";"985314";"2003-07-20";"Kotkan Työväen Palloilijat";"5279";"FIN - Veikkausliiga";"323";"2025/2025";"128";"Midfield";"76,01";"39,18";"20,13";"19,05";"5";"0";"9352,2";"123,04";"1704,2";"540,6";"50,0";"155,0";"7,6";"695,6";"57,6";"28,96";"28,96";"90,0";"5,0";"84,6";"15,2";"2,8";"0,74";"0,88";"0,6";"null";"null";"33,2";"2,15";"2,83";"11074,0";"123,04";"2017,95";"640,13";"59,21";"183,54";"9,0";"823,66";"68,2";"106,57";"5,92";"100,18";"18,0";"3,32";"0,71";"39,31";"9969,3";"166,16";"2356,1";"789,35";"69,84";"226,36";"10,11";"1015,71";"79,95";"97,71";"5,51";"79,95";"12,86";"3316,6";"164,79";"776,4";"202,2";"18,8";"41,4";"2,2";"243,6";"21,0";"31,6";"1,8";"25,0";"3,4";"0,6";"0,2";"14,4";"3192,8";"167,6";"762,0";"313,2";"26,8";"106,4";"4,4";"419,6";"31,2";"32,2";"1,8";"27,2";"5,0";"1,2";"0,0";"17,0";"4943,59";"164,79";"1157,27";"301,39";"28,02";"61,71";"3,28";"363,1";"31,3";"47,1";"2,68";"37,26";"5,07";"0,89";"0,3";"21,46";"5028,03";"167,6";"1200,0";"493,23";"42,2";"167,56";"6,93";"660,79";"49,13";"50,71";"2,83";"42,83";"7,87";"1,89";"0,0";"26,77";"0,31";"2,76";"48,09"
"Valentin Purosalo";"V. Purosalo";"988408";"2005-09-10";"Valkeakosken Haka";"3099";"FIN - Veikkausliiga";"323";"2025/2025";"128";"Full Back";"94,0";"51,5";"24,8";"26,7";"11";"0";"10758,45";"114,46";"1619,18";"715,82";"74,09";"316,82";"17,82";"1032,64";"91,91";"30,65";"31,4";"124,73";"9,64";"103,27";"23,55";"7,91";"0,58";"0,64";"2,91";"1,13";"1,16";"42,91";"1,88";"2,61";"10300,98";"114,46";"1550,33";"685,38";"70,94";"303,35";"17,06";"988,73";"88,0";"119,42";"9,23";"98,88";"22,54";"7,57";"2,79";"41,08";"8773,39";"146,22";"1632,81";"757,62";"76,37";"338,19";"17,9";"1095,81";"94,27";"105,28";"8,16";"75,41";"15,89";"3586,55";"144,61";"653,36";"308,18";"31,64";"141,55";"7,73";"449,73";"39,36";"38,27";"4,0";"28,91";"6,36";"3,27";"1,36";"15,0";"3943,73";"147,72";"748,09";"342,09";"33,91";"148,73";"7,64";"490,82";"41,55";"52,09";"3,0";"35,82";"7,27";"2,64";"1,0";"24,64";"4338,3";"144,61";"790,31";"372,78";"38,27";"171,21";"9,35";"543,99";"47,61";"46,29";"4,84";"34,97";"7,7";"3,96";"1,65";"18,14";"4431,66";"147,72";"840,65";"384,42";"38,1";"167,13";"8,58";"551,54";"46,69";"58,54";"3,37";"40,25";"8,17";"2,96";"1,12";"27,68";"2,75";"6,88";"46,18"
"Iiro Mendolin";"I. Mendolin";"988409";"2006-05-25";"AC Oulu";"5278";"FIN - Veikkausliiga";"323";"2026/2026";"130";"Midfield";"93,22";"52,44";"24,62";"27,82";"10";"0";"12142,3";"130,26";"2315,3";"748,5";"63,6";"142,5";"9,0";"891,0";"72,6";"27,21";"27,8";"132,8";"4,2";"122,2";"14,1";"1,9";"0,69";"0,69";"0,5";"1,37";"1,6";"50,8";"1,95";"2,61";"11723,3";"130,26";"2235,4";"722,67";"61,41";"137,58";"8,69";"860,25";"70,09";"128,22";"4,06";"117,98";"13,61";"1,83";"0,48";"49,05";"10210,45";"170,17";"2423,42";"798,46";"65,9";"141,64";"8,81";"940,1";"74,71";"108,8";"3,09";"89,58";"9,72";"4012,7";"162,97";"881,3";"222,7";"19,2";"38,9";"2,3";"261,6";"21,5";"39,5";"1,5";"32,9";"3,3";"0,3";"0,1";"14,7";"4911,8";"176,55";"1236,9";"475,2";"38,4";"84,9";"5,4";"560,1";"43,8";"55,6";"1,2";"45,4";"5,2";"0,6";"0,1";"32,3";"4889,23";"162,97";"1073,81";"271,35";"23,39";"47,4";"2,8";"318,74";"26,2";"48,13";"1,83";"40,09";"4,02";"0,37";"0,12";"17,91";"5296,38";"176,55";"1333,74";"512,41";"41,41";"91,55";"5,82";"603,95";"47,23";"59,95";"1,29";"48,95";"5,61";"0,65";"0,11";"34,83";"0,23";"1,03";"53,77"
"Kaius Simojoki";"K. Simojoki";"988413";"2006-03-21";"HJK Helsinki";"429";"FIN - Veikkausliiga";"323";"2025/2025";"128";"Full Back";"86,49";"50,1";"28,36";"21,74";"25";"2";"10277,12";"118,82";"1583,96";"654,72";"60,68";"201,84";"11,84";"856,56";"72,52";"28,69";"30,24";"114,48";"7,16";"98,64";"17,88";"4,36";"0,64";"0,71";"1,0";"1,23";"1,28";"39,28";"1,75";"2,58";"10694,03";"118,82";"1648,22";"681,28";"63,14";"210,03";"12,32";"891,31";"75,46";"119,12";"7,45";"102,64";"18,61";"4,54";"1,04";"40,87";"8947,47";"149,12";"1684,57";"722,14";"66,06";"219,94";"12,07";"942,07";"78,13";"102,76";"6,28";"77,42";"12,7";"4234,52";"149,32";"780,64";"309,68";"28,12";"87,24";"4,68";"396,92";"32,8";"47,24";"2,92";"37,04";"6,04";"1,88";"0,4";"15,96";"3236,32";"148,87";"625,92";"293,28";"27,04";"96,4";"5,4";"389,68";"32,44";"38,56";"2,32";"27,6";"4,56";"1,12";"0,24";"20,24";"4479,6";"149,32";"825,82";"327,6";"29,75";"92,29";"4,95";"419,89";"34,7";"49,97";"3,09";"39,18";"6,39";"1,99";"0,42";"16,88";"4466,08";"148,87";"863,76";"404,72";"37,31";"133,03";"7,45";"537,75";"44,77";"53,21";"3,2";"38,09";"6,29";"1,55";"0,33";"27,93";"0,77";"3,59";"43,36"
"Elmer  Vauhkonen";"E. Vauhkonen";"988415";"2006-01-03";"Turun Palloseura";"5208";"FIN - Veikkausliiga";"323";"2026/2026";"130";"Wide Attacker";"67,62";"34,8";"15,33";"19,48";"7";"0";"7873,29";"116,44";"1106,14";"510,29";"54,0";"243,29";"12,0";"753,57";"66,0";"31,73";"32,3";"83,86";"7,14";"64,43";"15,71";"5,43";"0,64";"0,67";"1,86";"1,22";"null";"34,29";"2,08";"2,93";"10479,23";"116,44";"1472,26";"679,18";"71,87";"323,81";"15,97";"1002,99";"87,85";"111,61";"9,51";"85,75";"20,92";"7,23";"2,47";"45,63";"8896,57";"148,28";"1618,01";"784,38";"80,53";"382,21";"17,73";"1166,59";"98,26";"96,78";"8,62";"64,28";"16,01";"2271,57";"148,19";"420,0";"226,86";"24,57";"141,86";"5,86";"368,71";"30,43";"26,57";"2,71";"14,86";"4,29";"1,86";"0,43";"15,29";"2889,14";"148,34";"518,57";"228,14";"22,14";"79,86";"4,43";"308,0";"26,57";"29,57";"2,29";"22,43";"5,0";"1,57";"0,43";"15,71";"4445,76";"148,19";"821,99";"443,99";"48,09";"277,63";"11,46";"721,62";"59,55";"52,0";"5,31";"29,08";"8,39";"3,63";"0,84";"29,92";"4450,27";"148,34";"798,78";"351,42";"34,11";"123,01";"6,82";"474,43";"40,93";"45,55";"3,52";"34,55";"7,7";"2,42";"0,66";"24,21";"1,48";"5,91";"53,44"
"Julius Paananen";"J. Paananen";"988416";"2006-11-26";"AC Oulu";"5278";"FIN - Veikkausliiga";"323";"2025/2025";"128";"Midfield";"76,03";"41,61";"21,32";"20,29";"16";"0";"9596,56";"126,22";"1684,75";"552,38";"46,62";"125,38";"6,0";"677,75";"52,62";"27,32";"29,0";"90,56";"3,25";"83,44";"9,12";"1,44";"0,71";"0,73";"0,19";"null";"null";"36,44";"1,89";"2,71";"11359,84";"126,22";"1994,31";"653,87";"55,19";"148,41";"7,1";"802,28";"62,29";"107,2";"3,85";"98,77";"10,8";"1,7";"0,22";"43,13";"9918,16";"165,3";"2192,8";"731,44";"60,02";"168,15";"6,85";"899,59";"66,86";"94,89";"3,06";"76,51";"8,29";"3407,0";"159,8";"685,56";"200,94";"16,62";"50,38";"1,88";"251,31";"18,5";"30,62";"1,06";"24,19";"2,56";"0,31";"0,06";"12,5";"3472,0";"171,09";"835,31";"306,38";"25,0";"66,25";"2,88";"372,62";"27,88";"35,19";"1,06";"28,88";"3,19";"0,31";"0,0";"20,81";"4793,9";"159,8";"964,64";"282,73";"23,39";"70,88";"2,64";"353,62";"26,03";"43,09";"1,5";"34,03";"3,61";"0,44";"0,09";"17,59";"5132,61";"171,09";"1234,83";"452,91";"36,96";"97,94";"4,25";"550,85";"41,21";"52,02";"1,57";"42,69";"4,71";"0,46";"0,0";"30,77";"0,09";"0,9";"48,03"
"Julius Paananen";"J. Paananen";"988416";"2006-11-26";"AC Oulu";"5278";"FIN - Veikkausliiga";"323";"2026/2026";"130";"Midfield";"81,1";"45,76";"21,29";"24,46";"10";"0";"10504,4";"129,52";"1956,1";"544,6";"44,3";"70,9";"3,9";"615,5";"48,2";"26,03";"26,44";"97,6";"3,1";"94,8";"8,3";"2,0";"0,75";"0,91";"0,3";"null";"null";"36,6";"2,04";"2,68";"11656,68";"129,52";"2170,68";"604,34";"49,16";"78,68";"4,33";"683,02";"53,49";"108,31";"3,44";"105,2";"9,21";"2,22";"0,33";"40,61";"10084,8";"168,08";"2318,04";"652,65";"52,32";"85,24";"4,2";"737,89";"56,52";"90,35";"2,49";"79,99";"7,08";"3461,1";"162,57";"717,5";"144,0";"11,2";"19,7";"0,7";"163,7";"11,9";"27,5";"1,1";"25,7";"1,9";"0,5";"0,1";"11,1";"4229,4";"172,88";"1050,2";"353,7";"28,7";"45,3";"2,5";"399,0";"31,2";"41,4";"0,8";"35,3";"3,5";"0,4";"0,1";"23,0";"4877,08";"162,57";"1011,04";"202,91";"15,78";"27,76";"0,99";"230,67";"16,77";"38,75";"1,55";"36,21";"2,68";"0,7";"0,14";"15,64";"5186,27";"172,88";"1287,8";"433,72";"35,19";"55,55";"3,07";"489,27";"38,26";"50,77";"0,98";"43,29";"4,29";"0,49";"0,12";"28,2";"0,26";"1,18";"44,72"
"Eemil Toivonen";"E. Toivonen";"988420";"2006-12-12";"IFK Mariehamn";"5280";"FIN - Veikkausliiga";"323";"2025/2025";"128";"Full Back";"84,88";"49,71";"19,72";"29,99";"8";"2";"10339,0";"121,81";"1577,75";"706,5";"67,88";"269,0";"15,75";"975,5";"83,62";"29,74";"30,2";"110,25";"6,38";"93,12";"17,88";"4,5";"0,75";"0,78";"3,0";"1,39";"1,48";"35,25";"2,01";"2,68";"10963,3";"121,81";"1673,02";"749,16";"71,97";"285,24";"16,7";"1034,4";"88,67";"116,91";"6,76";"98,75";"18,95";"4,77";"3,18";"37,38";"8961,75";"149,36";"1632,91";"786,66";"71,06";"303,86";"16,14";"1090,52";"87,21";"98,52";"5,43";"71,51";"13,28";"3001,88";"152,23";"542,38";"288,0";"26,25";"119,75";"6,5";"407,75";"32,75";"31,0";"1,75";"22,0";"4,12";"1,12";"0,62";"11,0";"4423,0";"147,47";"810,5";"363,75";"32,62";"132,0";"6,88";"495,75";"39,5";"50,62";"2,75";"37,25";"6,88";"1,88";"1,38";"20,88";"4567,04";"152,23";"825,17";"438,16";"39,94";"182,19";"9,89";"620,35";"49,83";"47,16";"2,66";"33,47";"6,28";"1,71";"0,95";"16,74";"4424,23";"147,47";"810,73";"363,85";"32,63";"132,04";"6,88";"495,89";"39,51";"50,64";"2,75";"37,26";"6,88";"1,88";"1,38";"20,88";"2,41";"3,62";"38,47"
"Maissa Fall El Hadji";"M. Fall";"989678";"1995-03-06";"Vaasan Palloseura";"3603";"FIN - Veikkausliiga";"323";"2025/2025";"128";"Center Forward";"99,49";"49,87";"23,98";"25,89";"15";"3";"11283,4";"113,41";"1755,73";"665,0";"63,73";"172,73";"10,6";"837,73";"74,33";"28,45";"30,34";"118,87";"9,6";"98,33";"18,07";"6,93";"0,63";"0,63";"1,13";"1,3";"1,95";"41,73";"1,87";"2,82";"10206,77";"113,41";"1588,21";"601,55";"57,65";"156,25";"9,59";"757,8";"67,24";"107,52";"8,68";"88,95";"16,34";"6,27";"1,03";"37,75";"9194,53";"153,24";"1881,04";"742,83";"69,29";"195,85";"11,15";"938,68";"80,44";"101,62";"7,14";"75,15";"12,59";"3613,4";"150,68";"697,27";"308,27";"28,93";"101,73";"5,27";"410,0";"34,2";"43,53";"3,33";"27,6";"4,47";"2,4";"0,47";"18,2";"4029,47";"155,62";"866,33";"309,2";"28,67";"61,07";"4,0";"370,27";"32,67";"40,93";"2,6";"34,87";"6,0";"1,8";"0,27";"20,2";"4520,31";"150,68";"872,27";"385,64";"36,2";"127,27";"6,59";"512,9";"42,78";"54,46";"4,17";"34,53";"5,59";"3,0";"0,58";"22,77";"4668,54";"155,62";"1003,73";"358,24";"33,21";"70,75";"4,63";"428,99";"37,85";"47,43";"3,01";"40,4";"6,95";"2,09";"0,31";"23,4";"0,88";"5,05";"46,2"
"Maissa Fall El Hadji";"M. Fall";"989678";"1995-03-06";"Vaasan Palloseura";"3603";"FIN - Veikkausliiga";"323";"2025/2025";"128";"Midfield";"94,91";"52,3";"28,53";"23,78";"5";"0";"11730,4";"123,59";"1994,4";"547,0";"47,4";"87,8";"4,6";"634,8";"52,0";"26,82";"26,82";"118,4";"5,0";"104,6";"12,8";"3,4";"0,78";"null";"0,4";"null";"null";"41,0";"2,13";"2,89";"11123,16";"123,59";"1891,16";"518,68";"44,95";"83,25";"4,36";"601,94";"49,31";"112,27";"4,74";"99,19";"12,14";"3,22";"0,38";"38,88";"9535,84";"158,93";"2052,49";"587,11";"49,79";"93,38";"4,36";"680,49";"54,15";"99,11";"3,9";"79,15";"9,64";"4412,0";"154,66";"879,2";"323,4";"26,6";"59,8";"3,0";"383,2";"29,6";"45,0";"2,2";"35,0";"4,0";"1,4";"0,2";"19,0";"3900,6";"164,05";"910,0";"188,4";"16,8";"21,6";"0,8";"210,0";"17,6";"41,4";"1,2";"34,0";"4,4";"0,8";"0,0";"18,8";"4639,87";"154,66";"924,61";"340,1";"27,97";"62,89";"3,15";"402,99";"31,13";"47,32";"2,31";"36,81";"4,21";"1,47";"0,21";"19,98";"4921,55";"164,05";"1148,18";"237,71";"21,2";"27,25";"1,01";"264,97";"22,21";"52,24";"1,51";"42,9";"5,55";"1,01";"0,0";"23,72";"0,23";"2,52";"43,36"
"Nicolas Gianini Dantas";"Nicolas";"989679";"1998-05-15";"FC Lahti";"539";"FIN - Veikkausliiga";"323";"2026/2026";"130";"Central Defender";"94,44";"50,56";"26,21";"24,36";"6";"0";"9980,67";"105,68";"1180,5";"330,67";"30,67";"112,67";"5,17";"443,33";"35,83";"29,03";"29,82";"99,0";"5,17";"76,17";"7,83";"3,5";"0,69";"null";"0,33";"null";"null";"22,83";"2,12";"null";"9510,99";"105,68";"1124,95";"315,11";"29,22";"107,36";"4,92";"422,47";"34,15";"94,34";"4,92";"72,58";"7,46";"3,34";"0,32";"21,76";"8199,53";"136,66";"1200,86";"342,73";"31,84";"120,44";"4,55";"463,18";"36,39";"79,5";"3,96";"59,92";"5,54";"3555,67";"135,68";"497,5";"103,5";"9,33";"29,83";"1,33";"133,33";"10,67";"27,67";"1,5";"23,17";"2,0";"0,5";"0,0";"6,33";"3354,33";"137,71";"514,5";"185,33";"17,5";"71,67";"2,5";"257,0";"20,0";"39,33";"1,83";"27,33";"2,67";"1,33";"0,17";"14,0";"4070,51";"135,68";"569,54";"118,49";"10,68";"34,15";"1,53";"152,64";"12,21";"31,67";"1,72";"26,52";"2,29";"0,57";"0,0";"7,25";"4131,24";"137,71";"633,66";"228,26";"21,55";"88,27";"3,08";"316,52";"24,63";"48,44";"2,26";"33,66";"3,28";"1,64";"0,21";"17,24";"0,2";"2,18";"24,13"
"Nicolas Gianini Dantas";"Nicolas";"989679";"1998-05-15";"Valkeakosken Haka";"3099";"FIN - Veikkausliiga";"323";"2025/2025";"128";"Central Defender";"71,82";"37,55";"16,51";"21,04";"11";"0";"7431,0";"103,47";"921,27";"296,55";"27,82";"69,55";"4,27";"366,09";"32,09";"28,09";"30,24";"73,55";"4,36";"58,82";"7,82";"2,73";"0,67";"0,69";"1,0";"1,43";"null";"16,36";"2,15";"3,0";"9311,87";"103,47";"1154,46";"371,6";"34,86";"87,15";"5,35";"458,75";"40,21";"92,16";"5,47";"73,71";"9,8";"3,42";"1,25";"20,51";"8068,62";"134,48";"1224,41";"402,42";"38,79";"99,66";"5,38";"502,08";"44,16";"81,94";"4,65";"61,74";"6,97";"2186,45";"132,46";"290,64";"70,0";"6,91";"11,64";"0,91";"81,64";"7,82";"16,82";"1,18";"13,18";"1,36";"0,73";"0,18";"4,09";"2862,55";"136,06";"475,55";"181,82";"17,36";"50,73";"2,45";"232,55";"19,82";"34,45";"1,73";"25,45";"3,0";"1,0";"0,18";"10,27";"3973,91";"132,46";"528,24";"127,23";"12,56";"21,15";"1,65";"148,38";"14,21";"30,57";"2,15";"23,96";"2,48";"1,32";"0,33";"7,44";"4081,69";"136,06";"678,08";"259,25";"24,76";"72,33";"3,5";"331,59";"28,26";"49,13";"2,46";"36,3";"4,28";"1,43";"0,26";"14,65";"0,58";"2,76";"22,95"
"Simon Lindholm";"S. Lindholm";"989680";"2001-12-01";"Valkeakosken Haka";"3099";"FIN - Veikkausliiga";"323";"2025/2025";"128";"Center Forward";"80,55";"42,22";"22,35";"19,87";"9";"0";"9736,22";"120,88";"1533,22";"781,33";"75,78";"336,33";"18,56";"1117,67";"94,33";"29,92";"31,08";"99,89";"9,33";"80,67";"21,67";"6,78";"0,66";"0,74";"1,89";"1,39";"null";"57,56";"1,92";"2,57";"10878,96";"120,88";"1713,18";"873,04";"84,67";"375,81";"20,73";"1248,85";"105,41";"111,61";"10,43";"90,13";"24,21";"7,57";"2,11";"64,31";"9577,0";"159,62";"1901,06";"1015,35";"97,27";"459,04";"23,53";"1474,39";"120,8";"97,9";"6,79";"70,9";"17,21";"3376,22";"151,05";"616,11";"339,44";"30,67";"145,44";"7,33";"484,89";"38,0";"36,78";"2,44";"24,22";"4,44";"2,11";"0,78";"22,78";"3362,56";"169,26";"721,56";"375,0";"37,78";"177,56";"9,22";"552,56";"47,0";"32,11";"2,33";"25,67";"7,67";"1,56";"0,22";"30,44";"4531,47";"151,05";"826,93";"455,59";"41,16";"195,21";"9,84";"650,8";"51,0";"49,36";"3,28";"32,51";"5,97";"2,83";"1,04";"30,57";"5077,68";"169,26";"1089,6";"566,28";"57,05";"268,12";"13,93";"834,4";"70,97";"48,49";"3,52";"38,76";"11,58";"2,35";"0,34";"45,97";"1,42";"5,21";"75,64"
"Simon Lindholm";"S. Lindholm";"989680";"2001-12-01";"Valkeakosken Haka";"3099";"FIN - Veikkausliiga";"323";"2025/2025";"128";"Midfield";"78,58";"42,76";"18,89";"23,87";"11";"0";"9863,82";"125,53";"1757,55";"589,55";"51,55";"164,18";"8,0";"753,73";"59,55";"27,99";"29,64";"97,0";"4,09";"85,55";"11,91";"1,91";"0,72";"0,74";"0,36";"1,66";"null";"38,18";"1,88";"2,74";"11297,5";"125,53";"2013,0";"675,23";"59,04";"188,05";"9,16";"863,28";"68,2";"111,1";"4,69";"97,98";"13,64";"2,19";"0,42";"43,73";"9991,57";"166,53";"2250,02";"776,54";"65,96";"217,13";"9,95";"993,67";"75,91";"97,72";"3,19";"74,63";"9,44";"3163,73";"167,5";"710,27";"198,45";"16,91";"40,82";"2,09";"239,27";"19,0";"27,91";"0,91";"20,55";"2,09";"0,09";"0,0";"12,64";"3956,27";"165,76";"893,09";"354,91";"30,09";"113,91";"5,0";"468,82";"35,09";"41,73";"1,36";"32,64";"4,64";"1,09";"0,09";"22,55";"5025,01";"167,5";"1128,14";"315,21";"26,86";"64,83";"3,32";"380,04";"30,18";"44,33";"1,44";"32,63";"3,32";"0,14";"0,0";"20,07";"4972,65";"165,76";"1122,53";"446,09";"37,82";"143,17";"6,28";"589,26";"44,11";"52,45";"1,71";"41,02";"5,83";"1,37";"0,11";"28,34";"0,13";"1,66";"49,37"
"Simon Lindholm";"S. Lindholm";"989680";"2001-12-01";"Vaasan Palloseura";"3603";"FIN - Veikkausliiga";"323";"2026/2026";"130";"Midfield";"62,09";"32,72";"14,11";"18,6";"6";"0";"8223,67";"132,44";"1745,5";"626,67";"54,5";"145,67";"7,17";"772,33";"61,67";"28,25";"28,48";"83,83";"3,83";"76,33";"12,0";"1,5";"0,77";"0,94";"0,17";"null";"null";"41,83";"1,85";"2,84";"11919,96";"132,44";"2530,05";"908,33";"79,0";"211,14";"10,39";"1119,47";"89,38";"121,51";"5,56";"110,64";"17,39";"2,17";"0,24";"60,64";"10639,23";"177,32";"2850,84";"1035,56";"89,56";"232,3";"11,61";"1267,86";"101,17";"102,39";"5,2";"80,69";"12,84";"2466,67";"174,77";"595,17";"273,33";"22,83";"66,33";"3,5";"339,67";"26,33";"21,33";"1,5";"16,17";"2,33";"0,67";"0,17";"14,83";"3334,67";"179,26";"959,33";"291,33";"26,0";"60,33";"2,83";"351,67";"28,83";"34,5";"1,33";"27,83";"4,67";"0,67";"0,0";"23,5";"5243,06";"174,77";"1265,07";"580,99";"48,53";"141,0";"7,44";"721,98";"55,97";"45,35";"3,19";"34,36";"4,96";"1,42";"0,35";"31,53";"5377,69";"179,26";"1547,08";"469,82";"41,93";"97,3";"4,57";"567,12";"46,5";"55,64";"2,15";"44,89";"7,53";"1,08";"0,0";"37,9";"0,31";"2,45";"70,3"
"Oskari Sallinen";"O. Sallinen";"989681";"2001-06-22";"Valkeakosken Haka";"3099";"FIN - Veikkausliiga";"323";"2025/2025";"128";"Full Back";"87,85";"53,26";"18,59";"34,67";"3";"0";"10287,67";"117,1";"1403,0";"517,67";"50,33";"165,67";"8,67";"683,33";"59,0";"28,53";"28,53";"109,0";"5,67";"92,67";"14,0";"3,0";"null";"null";"0,0";"null";"null";"39,0";"2,33";"null";"10539,44";"117,1";"1437,34";"530,34";"51,57";"169,72";"8,88";"700,06";"60,44";"111,67";"5,81";"94,93";"14,34";"3,07";"0,0";"39,95";"8536,81";"142,28";"1374,74";"534,35";"48,44";"162,22";"7,89";"696,57";"56,33";"90,5";"4,13";"68,34";"8,64";"2895,33";"155,76";"518,67";"155,67";"13,0";"42,0";"2,0";"197,67";"15,0";"26,67";"1,33";"18,0";"3,0";"0,67";"0,0";"8,33";"4682,67";"135,06";"701,67";"318,67";"30,0";"102,0";"5,0";"420,67";"35,0";"53,67";"2,33";"42,67";"4,67";"1,33";"0,0";"28,67";"4672,68";"155,76";"837,06";"251,23";"20,98";"67,78";"3,23";"319,01";"24,21";"43,04";"2,15";"29,05";"4,84";"1,08";"0,0";"13,45";"4051,66";"135,06";"607,11";"275,73";"25,96";"88,26";"4,33";"363,98";"30,28";"46,43";"2,02";"36,92";"4,04";"1,15";"0,0";"24,8";"0,0";"2,25";"41,68"
"Oskari Sallinen";"O. Sallinen";"989681";"2001-06-22";"Valkeakosken Haka";"3099";"FIN - Veikkausliiga";"323";"2025/2025";"128";"Midfield";"73,17";"37,99";"19,39";"18,61";"9";"0";"9047,33";"123,64";"1492,0";"558,67";"48,44";"139,11";"7,89";"697,78";"56,33";"28,19";"29,14";"85,33";"3,33";"74,89";"11,67";"2,0";"0,8";"0,87";"1,11";"1,79";"1,94";"34,78";"2,11";"2,94";"11127,99";"123,64";"1835,12";"687,15";"59,59";"171,1";"9,7";"858,25";"69,29";"104,96";"4,1";"92,11";"14,35";"2,46";"1,37";"42,78";"10039,01";"167,32";"2109,61";"807,66";"67,73";"202,84";"10,18";"1010,5";"77,91";"93,17";"3,68";"72,12";"9,48";"3147,0";"162,34";"627,44";"166,89";"13,33";"24,78";"1,11";"191,67";"14,44";"27,22";"0,89";"21,0";"2,56";"0,22";"0,11";"8,56";"3210,11";"172,5";"708,44";"344,56";"29,56";"103,67";"5,33";"448,22";"34,89";"31,78";"1,44";"24,67";"3,44";"1,11";"0,44";"23,67";"4870,21";"162,34";"971,02";"258,27";"20,63";"38,35";"1,72";"296,62";"22,35";"42,13";"1,38";"32,5";"3,95";"0,34";"0,17";"13,24";"5175,02";"172,5";"1142,08";"555,46";"47,65";"167,12";"8,6";"722,58";"56,24";"51,23";"2,33";"39,77";"5,55";"1,79";"0,72";"38,15";"0,88";"2,11";"50,88"
"Olli Jakonen";"O. Jakonen";"992049";"2000-04-19";"Vaasan Palloseura";"3603";"FIN - Veikkausliiga";"323";"2025/2025";"128";"Center Forward";"80,8";"42,51";"21,11";"21,4";"8";"1";"8994,88";"111,32";"1261,0";"607,0";"61,88";"295,5";"15,62";"902,5";"77,5";"30,14";"30,76";"86,38";"7,88";"76,25";"14,38";"5,75";"0,58";"0,6";"1,88";"1,27";"1,39";"30,5";"1,78";"2,75";"10019,04";"111,32";"1404,58";"676,11";"68,92";"329,15";"17,4";"1005,26";"86,32";"96,21";"8,77";"84,93";"16,01";"6,4";"2,09";"33,97";"8722,92";"145,38";"1551,68";"778,57";"79,22";"382,32";"20,11";"1160,89";"99,33";"86,45";"7,41";"68,98";"12,7";"3047,12";"144,34";"556,0";"295,25";"30,38";"156,0";"8,12";"451,25";"38,5";"34,88";"2,88";"23,38";"4,38";"1,12";"0,62";"12,88";"3133,12";"146,41";"543,38";"256,38";"25,75";"114,88";"6,12";"371,25";"31,88";"26,38";"2,38";"25,5";"4,62";"1,88";"0,5";"15,12";"4330,27";"144,34";"790,13";"419,58";"43,17";"221,69";"11,55";"641,27";"54,71";"49,56";"4,09";"33,22";"6,22";"1,6";"0,89";"18,3";"4392,23";"146,41";"761,74";"359,4";"36,1";"161,04";"8,59";"520,44";"44,68";"36,97";"3,33";"35,75";"6,48";"2,63";"0,7";"21,2";"1,59";"4,23";"39,52"
"Luka Benjamin Smyth";"L. Smyth";"992050";"2004-02-25";"Vaasan Palloseura";"3603";"FIN - Veikkausliiga";"323";"2026/2026";"130";"Center Forward";"87,41";"41,63";"19,94";"21,69";"5";"0";"10008,4";"114,5";"1537,4";"672,8";"64,8";"320,0";"14,8";"992,8";"79,6";"29,36";"29,36";"102,2";"8,6";"83,6";"17,8";"5,4";"0,81";"0,92";"1,0";"null";"null";"49,0";"2,07";"2,78";"10305,35";"114,5";"1583,01";"692,76";"66,72";"329,49";"15,24";"1022,26";"81,96";"105,23";"8,86";"86,08";"18,33";"5,56";"1,03";"50,45";"9395,92";"156,6";"1920,63";"869,37";"85,03";"387,12";"19,02";"1256,5";"104,06";"95,7";"7,49";"70,91";"13,84";"3100,2";"155,45";"620,2";"285,6";"28,2";"148,2";"6,0";"433,8";"34,2";"33,8";"3,0";"22,0";"4,2";"1,4";"0,4";"23,4";"3419,0";"157,65";"712,4";"317,6";"30,8";"120,4";"7,2";"438,0";"38,0";"32,6";"2,2";"27,2";"5,4";"1,4";"0,2";"22,6";"4663,51";"155,45";"932,94";"429,62";"42,42";"222,93";"9,03";"652,55";"51,45";"50,84";"4,51";"33,09";"6,32";"2,11";"0,6";"35,2";"4729,63";"157,65";"985,49";"439,35";"42,61";"166,55";"9,96";"605,9";"52,57";"45,1";"3,04";"37,63";"7,47";"1,94";"0,28";"31,26";"0,86";"4,04";"66,3"
"Caio de Oliveira Araujo";"Caio Araujo";"995893";"2005-06-09";"Seinäjoen Jalkapallokerho";"2507";"FIN - Veikkausliiga";"323";"2026/2026";"130";"Midfield";"70,81";"42,46";"19,12";"23,34";"3";"0";"9498,67";"134,15";"1846,0";"578,67";"55,0";"134,67";"8,67";"713,33";"63,67";"27,83";"27,83";"97,67";"4,0";"84,67";"9,33";"3,33";"0,76";"null";"0,67";"null";"null";"35,0";"2,09";"null";"12073,63";"134,15";"2346,43";"735,54";"69,91";"171,17";"11,02";"906,71";"80,93";"124,14";"5,08";"107,62";"11,86";"4,24";"0,85";"44,49";"10063,8";"167,73";"2330,6";"764,94";"70,18";"180,4";"11,3";"945,34";"81,49";"105,51";"2,36";"77,25";"8,01";"3113,67";"162,88";"682,0";"234,33";"19,0";"37,0";"2,0";"271,33";"21,0";"32,33";"0,67";"23,33";"2,33";"0,67";"0,33";"11,67";"4008,33";"171,7";"967,33";"307,0";"30,67";"90,67";"6,0";"397,67";"36,67";"42,33";"1,0";"31,33";"3,33";"0,67";"0,33";"21,0";"4886,31";"162,88";"1070,27";"367,74";"29,82";"58,06";"3,14";"425,81";"32,96";"50,74";"1,05";"36,62";"3,66";"1,05";"0,52";"18,31";"5151,12";"171,7";"1243,12";"394,53";"39,41";"116,52";"7,71";"511,04";"47,12";"54,4";"1,29";"40,27";"4,28";"0,86";"0,43";"26,99";"0,94";"1,88";"46,16"
"Adam Larsson";"A. Larsson";"1002430";"1999-09-05";"IFK Mariehamn";"5280";"FIN - Veikkausliiga";"323";"2026/2026";"130";"Center Forward";"79,19";"48,11";"23,28";"24,83";"5";"0";"9303,2";"117,48";"1372,4";"590,8";"54,6";"212,6";"10,0";"803,4";"64,6";"29,28";"29,28";"97,0";"7,8";"80,8";"15,2";"5,0";"0,65";"0,8";"1,6";"1,24";"null";"42,4";"1,93";"null";"10573,6";"117,48";"1559,81";"671,48";"62,06";"241,63";"11,37";"913,11";"73,42";"110,25";"8,87";"91,83";"17,28";"5,68";"1,82";"48,19";"8692,73";"144,88";"1546,85";"686,13";"63,1";"242,18";"10,23";"928,31";"73,33";"92,78";"6,48";"72,83";"12,72";"3183,0";"136,71";"496,8";"230,6";"21,4";"75,2";"3,0";"305,8";"24,4";"38,0";"2,6";"26,0";"4,0";"1,8";"0,4";"17,0";"3787,6";"152,54";"743,6";"319,6";"29,2";"119,0";"5,2";"438,6";"34,4";"36,4";"2,6";"32,4";"6,2";"1,6";"0,6";"22,6";"4101,22";"136,71";"640,11";"297,12";"27,57";"96,89";"3,87";"394,02";"31,44";"48,96";"3,35";"33,5";"5,15";"2,32";"0,52";"21,9";"4576,24";"152,54";"898,43";"386,15";"35,28";"143,78";"6,28";"529,92";"41,56";"43,98";"3,14";"39,15";"7,49";"1,93";"0,72";"27,31";"1,25";"4,24";"49,38"
"Brahima Magassa";"B. Magassa";"1014941";"1997-04-17";"Kuopion Palloseura";"5912";"FIN - Veikkausliiga";"323";"2026/2026";"130";"Central Defender";"97,16";"55,86";"32,22";"23,64";"6";"2";"10759,67";"110,75";"1441,67";"444,67";"42,67";"143,33";"7,5";"588,0";"50,17";"29,65";"29,96";"113,83";"7,67";"94,67";"12,33";"5,0";"0,63";"0,64";"0,5";"null";"null";"31,33";"2,3";"3,13";"9967,21";"110,75";"1335,49";"411,92";"39,52";"132,78";"6,95";"544,69";"46,47";"105,45";"7,1";"87,69";"11,42";"4,63";"0,46";"29,03";"8290,67";"138,18";"1298,17";"420,01";"40,64";"145,2";"6,62";"565,21";"47,26";"87,01";"4,83";"69,82";"7,52";"4312,5";"133,86";"607,17";"130,67";"13,0";"41,5";"2,0";"172,17";"15,0";"38,33";"2,0";"34,5";"3,33";"1,17";"0,0";"11,83";"3405,5";"144,06";"601,33";"260,33";"24,83";"93,67";"4,17";"354,0";"29,0";"42,67";"2,5";"30,5";"3,67";"1,5";"0,5";"17,33";"4015,78";"133,86";"565,39";"121,68";"12,11";"38,64";"1,86";"160,32";"13,97";"35,7";"1,86";"32,13";"3,1";"1,09";"0,0";"11,02";"4321,9";"144,06";"763,15";"330,39";"31,52";"118,87";"5,29";"449,26";"36,8";"54,15";"3,17";"38,71";"4,65";"1,9";"0,63";"22,0";"0,54";"2,86";"31,33"
"Mohamed Toure";"M. Toure";"1018016";"2005-11-03";"Kuopio PS";"538";"FIN - Veikkausliiga";"323";"2025/2025";"128";"Center Forward";"72,57";"45,15";"25,23";"19,92";"13";"1";"9616,23";"132,51";"1647,69";"696,77";"70,62";"256,85";"15,38";"953,62";"86,0";"29,73";"30,56";"105,15";"7,31";"82,85";"20,0";"6,0";"0,58";"0,58";"2,0";"1,21";"null";"57,46";"1,97";"2,73";"11925,58";"132,51";"2043,39";"864,1";"87,57";"318,53";"19,08";"1182,63";"106,65";"130,41";"9,06";"102,74";"24,8";"7,44";"2,48";"71,26";"9773,18";"162,89";"1982,69";"849,96";"85,36";"317,94";"17,79";"1167,9";"103,15";"101,82";"5,72";"72,28";"15,33";"3905,46";"154,79";"733,46";"363,0";"38,23";"175,46";"9,54";"538,46";"47,77";"46,0";"2,85";"30,85";"7,08";"2,23";"1,08";"26,46";"3448,23";"173,14";"758,38";"276,54";"26,0";"63,77";"3,85";"340,31";"29,85";"30,62";"1,46";"23,54";"4,46";"1,08";"0,0";"26,85";"4643,69";"154,79";"872,1";"431,62";"45,46";"208,63";"11,34";"640,24";"56,8";"54,7";"3,38";"36,68";"8,41";"2,65";"1,28";"31,46";"5194,32";"173,14";"1142,41";"416,57";"39,17";"96,06";"5,79";"512,63";"44,96";"46,12";"2,2";"35,46";"6,72";"1,62";"0,0";"40,44";"1,43";"4,4";"70,85"
"Mohamed Toure";"M. Toure";"1018016";"2005-11-03";"Kuopio PS";"538";"FIN - Veikkausliiga";"323";"2025/2025";"128";"Midfield";"67,02";"45,86";"28,83";"17,03";"3";"0";"9295,33";"138,69";"1720,67";"650,67";"58,0";"144,0";"9,0";"794,67";"67,0";"27,47";"27,47";"103,67";"7,67";"85,33";"17,33";"5,67";"0,78";"null";"1,67";"null";"null";"63,0";"2,04";"2,84";"12482,13";"138,69";"2310,58";"873,74";"77,88";"193,37";"12,09";"1067,11";"89,97";"139,21";"10,3";"114,59";"23,28";"7,61";"2,24";"84,6";"9769,5";"162,82";"2036,15";"798,5";"71,52";"174,88";"10,47";"973,37";"81,99";"105,54";"6,98";"80,24";"14,39";"4504,67";"156,23";"861,0";"380,33";"34,0";"89,33";"4,33";"469,67";"38,33";"48,67";"3,67";"37,0";"7,67";"2,33";"0,67";"33,67";"2962,67";"173,99";"695,33";"230,0";"20,67";"44,33";"3,67";"274,33";"24,33";"32,0";"1,67";"24,33";"3,33";"1,33";"0,67";"22,67";"4686,94";"156,23";"895,84";"395,72";"35,38";"92,95";"4,51";"488,67";"39,88";"50,64";"3,82";"38,5";"7,98";"2,43";"0,69";"35,03";"5219,71";"173,99";"1225,06";"405,22";"36,41";"78,11";"6,46";"483,33";"42,87";"56,38";"2,94";"42,87";"5,87";"2,35";"1,17";"39,93";"1,74";"4,8";"73,7"
"Mohamed Toure";"M. Toure";"1018016";"2005-11-03";"Kuopio PS";"538";"FIN - Veikkausliiga";"323";"2025/2025";"128";"Wide Attacker";"55,21";"33,91";"15,53";"18,38";"6";"0";"7289,0";"132,02";"1353,17";"490,0";"47,33";"153,83";"10,17";"643,83";"57,5";"28,45";"28,9";"82,0";"5,83";"66,5";"15,17";"4,33";"0,75";"0,81";"1,17";"1,5";"null";"41,0";"1,79";"2,85";"11881,85";"132,02";"2205,81";"798,75";"77,16";"250,76";"16,57";"1049,52";"93,73";"133,67";"9,51";"108,4";"24,72";"7,06";"1,9";"66,83";"9753,65";"162,56";"2161,42";"805,41";"76,68";"250,68";"15,34";"1056,08";"92,01";"110,89";"7,08";"79,92";"17,69";"2459,67";"158,43";"525,33";"243,17";"23,5";"95,33";"5,83";"338,5";"29,33";"32,83";"2,17";"21,17";"4,67";"1,33";"0,5";"14,0";"3052,5";"166,05";"696,17";"212,0";"19,83";"46,33";"2,83";"258,33";"22,67";"29,83";"1,83";"24,0";"5,33";"1,0";"0,33";"23,83";"4752,98";"158,43";"1015,14";"469,89";"45,41";"184,22";"11,27";"654,11";"56,68";"63,45";"4,19";"40,9";"9,02";"2,58";"0,97";"27,05";"4981,41";"166,05";"1136,08";"345,97";"32,37";"75,61";"4,62";"421,58";"36,99";"48,69";"2,99";"39,17";"8,7";"1,63";"0,54";"38,89";"1,47";"4,13";"66,95"
"Ville Kumpu";"V. Kumpu";"1018298";"2008-02-18";"Tampereen Ilves";"591";"FIN - Veikkausliiga";"323";"2026/2026";"130";"Central Defender";"88,66";"54,18";"24,95";"29,23";"6";"1";"10087,0";"113,77";"1353,0";"442,33";"38,67";"131,17";"6,5";"573,5";"45,17";"27,75";"28,14";"108,5";"4,33";"91,0";"8,83";"3,5";"0,76";"0,81";"0,67";"1,51";"null";"28,0";"2,35";"2,89";"10239,65";"113,77";"1373,47";"449,03";"39,25";"133,15";"6,6";"582,18";"45,85";"110,14";"4,4";"92,38";"8,97";"3,55";"0,68";"28,42";"8404,18";"140,07";"1345,75";"444,09";"39,68";"127,36";"5,54";"571,45";"45,22";"89,15";"3,32";"71,99";"5,54";"3376,33";"135,31";"501,33";"123,83";"12,33";"42,33";"1,67";"166,17";"14,0";"32,83";"0,83";"27,17";"1,83";"0,5";"0,17";"7,5";"4212,33";"144,13";"713,83";"277,17";"23,5";"72,67";"3,33";"349,83";"26,83";"47,67";"2,17";"37,83";"3,17";"1,33";"0,33";"17,83";"4059,27";"135,31";"602,74";"148,88";"14,83";"50,9";"2,0";"199,78";"16,83";"39,47";"1,0";"32,66";"2,2";"0,6";"0,2";"9,02";"4324,04";"144,13";"732,76";"284,52";"24,12";"74,59";"3,42";"359,11";"27,54";"48,93";"2,22";"38,84";"3,25";"1,37";"0,34";"18,31";"0,55";"2,03";"28,06"
"Otto Hannula";"O. Hannula";"1021396";"2005-09-29";"IF Gnistan";"5281";"FIN - Veikkausliiga";"323";"2026/2026";"130";"Full Back";"89,74";"45,54";"20,22";"25,32";"5";"0";"10810,6";"120,47";"1819,6";"785,4";"64,4";"235,8";"13,6";"1021,2";"78,0";"28,12";"28,12";"117,2";"6,6";"94,6";"15,6";"3,6";"0,69";"0,7";"0,8";"null";"null";"43,4";"1,99";"2,73";"10842,32";"120,47";"1824,94";"787,7";"64,59";"236,49";"13,64";"1024,2";"78,23";"117,54";"6,62";"94,88";"15,65";"3,61";"0,8";"43,53";"9382,61";"156,38";"1958,89";"917,26";"71,94";"270,36";"14,76";"1187,62";"86,69";"103,29";"6,06";"73,52";"11,59";"3218,6";"159,18";"695,8";"300,4";"22,2";"79,6";"4,2";"380,0";"26,4";"31,6";"2,4";"22,8";"3,2";"1,0";"0,0";"13,2";"3902,8";"154,14";"791,0";"395,8";"32,4";"125,6";"7,0";"521,4";"39,4";"46,8";"2,2";"33,0";"5,6";"1,6";"0,6";"26,6";"4775,37";"159,18";"1032,34";"445,7";"32,94";"118,1";"6,23";"563,8";"39,17";"46,88";"3,56";"33,83";"4,75";"1,48";"0,0";"19,58";"4624,17";"154,14";"937,2";"468,96";"38,39";"148,82";"8,29";"617,77";"46,68";"55,45";"2,61";"39,1";"6,64";"1,9";"0,71";"31,52";"0,79";"3,43";"52,44"
"Oskari Multala";"O. Multala";"1021459";"2007-03-13";"Tampereen Ilves";"591";"FIN - Veikkausliiga";"323";"2026/2026";"130";"Midfield";"78,45";"47,37";"22,97";"24,4";"5";"2";"9815,6";"125,12";"1705,2";"529,0";"43,4";"102,6";"6,8";"631,6";"50,2";"27,12";"27,12";"105,8";"3,0";"100,2";"10,6";"2,2";"0,68";"null";"0,6";"null";"null";"36,4";"2,14";"2,71";"11260,73";"125,12";"1956,25";"606,88";"49,79";"117,71";"7,8";"724,59";"57,59";"121,38";"3,44";"114,95";"12,16";"2,52";"0,69";"41,76";"9458,9";"157,65";"2000,0";"637,37";"51,93";"123,12";"7,85";"760,48";"59,78";"102,34";"2,53";"85,62";"9,88";"3433,0";"149,48";"653,6";"148,0";"14,0";"26,8";"1,6";"174,8";"15,6";"34,8";"0,8";"28,6";"2,8";"0,0";"0,0";"12,2";"4034,8";"165,34";"925,4";"355,2";"27,0";"70,4";"4,6";"425,6";"31,6";"46,0";"1,2";"39,0";"5,0";"0,8";"0,0";"22,6";"4484,33";"149,48";"853,76";"193,32";"18,29";"35,01";"2,09";"228,33";"20,38";"45,46";"1,04";"37,36";"3,66";"0,0";"0,0";"15,94";"4960,14";"165,34";"1137,63";"436,66";"33,19";"86,55";"5,65";"523,21";"38,85";"56,55";"1,48";"47,94";"6,15";"0,98";"0,0";"27,78";"0,0";"1,01";"44,08"
"Prosper  Padera";"P. Padera";"1021678";"2006-10-09";"Seinäjoen Jalkapallokerho";"2507";"FIN - Veikkausliiga";"323";"2025/2025";"128";"Midfield";"46,43";"27,21";"14,89";"12,31";"6";"1";"5841,83";"125,82";"972,83";"302,33";"29,0";"90,17";"5,17";"392,5";"34,17";"29,0";"29,52";"67,17";"3,33";"57,83";"9,67";"1,83";"0,68";"0,64";"1,17";"1,22";"1,27";"20,0";"2,06";"3,04";"11323,69";"125,82";"1885,72";"586,04";"56,21";"174,78";"10,01";"760,81";"66,23";"130,19";"6,46";"112,1";"18,74";"3,55";"2,26";"38,77";"9597,79";"159,96";"1943,15";"626,28";"57,34";"187,44";"8,82";"813,72";"66,16";"108,42";"4,41";"84,17";"12,13";"2269,0";"152,34";"375,33";"106,67";"11,17";"42,67";"1,83";"149,33";"13,0";"24,0";"1,0";"19,33";"2,67";"0,67";"0,33";"7,5";"2083,33";"169,19";"505,83";"177,33";"14,83";"42,33";"2,17";"219,67";"17,0";"25,17";"1,0";"18,83";"2,83";"0,33";"0,17";"11,17";"4570,16";"152,34";"755,99";"214,85";"22,49";"85,94";"3,69";"300,78";"26,18";"48,34";"2,01";"38,94";"5,37";"1,34";"0,67";"15,11";"5075,57";"169,19";"1232,35";"432,03";"36,14";"103,14";"5,28";"535,17";"41,42";"61,31";"2,44";"45,88";"6,9";"0,81";"0,41";"27,21";"1,1";"2,21";"41,16"
"Djair Parfitt-Williams";"D. Parfitt-Williams";"1027291";"1996-10-01";"Valkeakosken Haka";"3099";"FIN - Veikkausliiga";"323";"2025/2025";"128";"Wide Attacker";"52,75";"30,05";"14,85";"15,19";"8";"0";"6629,88";"125,68";"1117,5";"430,12";"41,5";"121,5";"7,25";"551,62";"48,75";"28,38";"29,02";"71,12";"4,75";"60,88";"10,75";"3,62";"0,63";"0,74";"0,25";"null";"null";"34,0";"1,94";"2,83";"11311,19";"125,68";"1906,56";"733,83";"70,8";"207,29";"12,37";"941,12";"83,17";"121,35";"8,1";"103,86";"18,34";"6,18";"0,43";"58,01";"9447,32";"157,46";"1995,95";"816,5";"75,88";"229,15";"12,23";"1045,65";"88,12";"102,09";"6,49";"74,64";"11,98";"2331,88";"157,01";"482,5";"202,38";"19,38";"85,12";"4,38";"287,5";"23,75";"25,38";"1,62";"15,88";"2,75";"1,12";"0,12";"12,5";"2399,0";"157,89";"517,0";"206,5";"18,62";"29,62";"1,75";"236,12";"20,38";"25,75";"1,62";"21,5";"3,25";"0,88";"0,0";"19,12";"4710,2";"157,01";"974,61";"408,78";"39,14";"171,95";"8,84";"580,73";"47,97";"51,26";"3,28";"32,07";"5,55";"2,27";"0,25";"25,25";"4736,82";"157,89";"1020,81";"407,73";"36,77";"58,49";"3,46";"466,23";"40,23";"50,84";"3,21";"42,45";"6,42";"1,73";"0,0";"37,76";"0,25";"3,99";"63,15"
"Toivo Mero";"T. Mero";"1028639";"2007-07-10";"HJK Helsinki";"429";"FIN - Veikkausliiga";"323";"2026/2026";"130";"Wide Attacker";"53,35";"34,14";"16,73";"17,41";"5";"1";"6375,8";"119,5";"1079,2";"429,6";"40,2";"142,4";"7,0";"572,0";"47,2";"29,18";"29,18";"83,4";"5,2";"68,0";"13,2";"3,4";"0,79";"0,9";"0,8";"null";"null";"29,8";"2,1";"null";"10755,13";"119,5";"1820,47";"724,68";"67,81";"240,21";"11,81";"964,89";"79,62";"140,68";"8,77";"114,71";"22,27";"5,74";"1,35";"50,27";"8515,29";"141,92";"1700,88";"688,22";"64,32";"227,42";"11,25";"915,64";"75,57";"106,15";"6,68";"78,38";"14,41";"2299,2";"137,46";"393,4";"180,4";"16,8";"79,8";"3,4";"260,2";"20,2";"26,6";"1,4";"18,0";"3,4";"0,8";"0,2";"11,8";"2546,0";"146,21";"574,4";"211,2";"19,8";"49,6";"3,0";"260,8";"22,8";"33,8";"2,4";"26,6";"4,8";"1,6";"0,2";"15,6";"4123,71";"137,46";"705,58";"323,56";"30,13";"143,12";"6,1";"466,68";"36,23";"47,71";"2,51";"32,28";"6,1";"1,43";"0,36";"21,16";"4386,29";"146,21";"989,59";"363,86";"34,11";"85,45";"5,17";"449,31";"39,28";"58,23";"4,13";"45,83";"8,27";"2,76";"0,34";"26,88";"0,7";"4,22";"48,15"
"Kaius Hardén";"K. Harden";"1028643";"2004-06-10";"FF Jaro";"5282";"FIN - Veikkausliiga";"323";"2026/2026";"130";"Wide Attacker";"65,93";"39,0";"18,64";"20,36";"4";"0";"8255,75";"125,21";"1301,5";"562,5";"53,75";"180,75";"11,0";"743,25";"64,75";"29,1";"29,1";"97,0";"5,75";"85,5";"14,25";"3,25";"0,74";"null";"2,0";"1,41";"null";"41,0";"2,26";"3,0";"11269,22";"125,21";"1776,57";"767,82";"73,37";"246,73";"15,02";"1014,55";"88,38";"132,41";"7,85";"116,71";"19,45";"4,44";"2,73";"55,97";"9335,38";"155,59";"1795,38";"795,38";"76,15";"260,77";"14,62";"1056,15";"90,77";"106,54";"5,0";"89,62";"13,85";"2872,5";"154,09";"504,5";"276,75";"24,75";"112,25";"5,75";"389,0";"30,5";"34,5";"1,75";"27,25";"3,0";"0,75";"0,75";"17,0";"3195,5";"156,96";"662,5";"240,25";"24,75";"57,25";"3,75";"297,5";"28,5";"34,75";"1,5";"31,0";"6,0";"1,0";"0,5";"21,0";"4622,71";"154,09";"811,89";"445,37";"39,83";"180,64";"9,25";"626,02";"49,08";"55,52";"2,82";"43,85";"4,83";"1,21";"1,21";"27,36";"4708,88";"156,96";"976,26";"354,03";"36,47";"84,36";"5,53";"438,4";"42,0";"51,21";"2,21";"45,68";"8,84";"1,47";"0,74";"30,95";"1,92";"2,69";"58,46"
"Ville Vuorinen";"V. Vuorinen";"1028645";"2005-02-21";"FF Jaro";"5282";"FIN - Veikkausliiga";"323";"2026/2026";"130";"Center Forward";"78,26";"45,92";"20,67";"25,24";"3";"0";"9564,67";"122,22";"1545,33";"535,67";"51,67";"174,33";"9,67";"710,0";"61,33";"30,13";"30,13";"106,0";"5,0";"98,67";"11,33";"3,33";"1,53";"null";"0,33";"null";"null";"40,67";"2,21";"null";"11000,11";"122,22";"1777,25";"616,06";"59,42";"200,5";"11,12";"816,56";"70,54";"121,91";"5,75";"113,47";"13,03";"3,83";"0,38";"46,77";"9121,74";"152,03";"1814,16";"646,39";"61,42";"206,03";"11,32";"852,41";"72,74";"98,44";"5,66";"87,55";"9,58";"3097,0";"149,81";"577,0";"330,0";"30,0";"115,33";"6,33";"445,33";"36,33";"39,67";"2,33";"31,0";"3,67";"1,0";"0,33";"19,67";"3883,67";"153,84";"811,33";"164,67";"17,0";"42,33";"2,33";"207,0";"19,33";"35,67";"2,0";"36,0";"3,67";"1,0";"0,0";"16,67";"4494,44";"149,81";"837,36";"478,9";"43,54";"167,37";"9,19";"646,28";"52,73";"57,57";"3,39";"44,99";"5,32";"1,45";"0,48";"28,54";"4615,27";"153,84";"964,17";"195,69";"20,2";"50,31";"2,77";"245,99";"22,98";"42,39";"2,38";"42,78";"4,36";"1,19";"0,0";"19,81";"0,44";"2,61";"47,48"
"Ville Vuorinen";"V. Vuorinen";"1028645";"2005-02-21";"FF Jaro";"5282";"FIN - Veikkausliiga";"323";"2026/2026";"130";"Wide Attacker";"43,13";"25,05";"11,34";"13,72";"4";"0";"5338,0";"123,76";"1010,0";"387,25";"34,5";"128,5";"7,75";"515,75";"42,25";"28,6";"28,6";"61,25";"3,75";"54,5";"7,75";"1,75";"0,86";"null";"0,25";"null";"null";"25,75";"2,24";"3,05";"11138,02";"123,76";"2107,42";"808,02";"71,99";"268,12";"16,17";"1076,14";"88,16";"127,8";"7,82";"113,72";"16,17";"3,65";"0,52";"53,73";"9362,51";"156,04";"2158,32";"856,15";"75,44";"299,35";"15,57";"1155,5";"91,0";"99,38";"5,99";"82,62";"11,38";"1737,75";"153,27";"377,0";"194,25";"18,0";"88,0";"4,0";"282,25";"22,0";"20,75";"1,25";"15,5";"2,0";"0,5";"0,0";"12,25";"2171,75";"158,33";"524,25";"163,25";"13,5";"37,0";"2,5";"200,25";"16,0";"20,75";"1,25";"19,0";"2,75";"0,75";"0,0";"11,5";"4598,24";"153,27";"997,57";"514,0";"47,63";"232,86";"10,58";"746,86";"58,21";"54,91";"3,31";"41,01";"5,29";"1,32";"0,0";"32,41";"4749,88";"158,33";"1146,6";"357,05";"29,53";"80,92";"5,47";"437,97";"34,99";"45,38";"2,73";"41,56";"6,01";"1,64";"0,0";"25,15";"0,0";"2,99";"56,88"
"Aaron  Lindholm";"A. Lindholm";"1028649";"2004-04-26";"FC Lahti";"539";"FIN - Veikkausliiga";"323";"2026/2026";"130";"Center Forward";"76,16";"38,07";"20,73";"17,34";"3";"0";"8542,67";"112,17";"1166,67";"595,67";"54,67";"151,33";"11,0";"747,0";"65,67";"28,43";"28,43";"89,0";"6,33";"74,33";"11,67";"5,0";"0,83";"null";"1,33";"null";"null";"41,0";"2,77";"null";"10095,65";"112,17";"1378,76";"703,95";"64,6";"178,84";"13,0";"882,8";"77,6";"105,18";"7,48";"87,85";"13,79";"5,91";"1,58";"48,45";"8954,56";"149,24";"1551,79";"844,19";"75,12";"214,33";"14,18";"1058,51";"89,3";"90,88";"5,25";"70,39";"10,51";"2988,33";"144,13";"510,33";"283,33";"26,33";"94,0";"5,33";"377,33";"31,67";"33,0";"1,67";"23,33";"3,67";"1,67";"0,0";"20,0";"2693,67";"155,35";"474,33";"252,33";"21,33";"42,0";"3,67";"294,33";"25,0";"24,67";"1,67";"21,33";"3,0";"1,0";"0,33";"17,33";"4323,95";"144,13";"738,42";"409,97";"38,1";"136,01";"7,72";"545,98";"45,82";"47,75";"2,41";"33,76";"5,31";"2,41";"0,0";"28,94";"4660,62";"155,35";"820,7";"436,59";"36,91";"72,67";"6,34";"509,26";"43,26";"42,68";"2,88";"36,91";"5,19";"1,73";"0,58";"29,99";"0,53";"4,2";"58,84"
"Oscar  Häggström";"O. Häggström";"1028855";"2004-04-24";"Turun Palloseura";"5208";"FIN - Veikkausliiga";"323";"2026/2026";"130";"Full Back";"74,58";"37,94";"16,86";"21,08";"6";"0";"8458,83";"113,43";"1190,5";"452,0";"47,0";"180,5";"10,67";"632,5";"57,67";"30,0";"30,52";"93,17";"6,33";"79,83";"11,17";"4,33";"0,61";"0,63";"0,67";"1,1";"1,18";"28,67";"2,04";"2,86";"10208,45";"113,43";"1436,74";"545,49";"56,72";"217,83";"12,87";"763,33";"69,59";"112,44";"7,64";"96,35";"13,48";"5,23";"0,8";"34,6";"8858,07";"147,63";"1603,51";"635,98";"64,05";"222,45";"13,44";"858,42";"77,49";"101,47";"6,06";"76,7";"10,54";"2465,83";"146,24";"438,0";"165,83";"17,5";"76,0";"4,33";"241,83";"21,83";"26,0";"1,67";"18,83";"2,83";"1,0";"0,0";"8,83";"3135,67";"148,75";"576,0";"236,33";"23,0";"64,67";"4,17";"301,0";"27,17";"38,17";"2,17";"29,67";"3,83";"1,83";"0,0";"17,67";"4387,31";"146,24";"779,31";"295,06";"31,14";"135,22";"7,71";"430,28";"38,85";"46,26";"2,97";"33,51";"5,04";"1,78";"0,0";"15,72";"4462,41";"148,75";"819,71";"336,33";"32,73";"92,03";"5,93";"428,36";"38,66";"54,32";"3,08";"42,22";"5,46";"2,61";"0,0";"25,14";"0,0";"4,48";"41,91"
"Aapo Boström";"A. Boström";"1028857";"2006-03-20";"Seinäjoen Jalkapallokerho";"2507";"FIN - Veikkausliiga";"323";"2026/2026";"130";"Midfield";"82,88";"46,35";"25,75";"20,61";"4";"0";"10082,75";"121,66";"1792,75";"551,0";"52,0";"143,75";"7,5";"694,75";"59,5";"29,12";"29,12";"108,5";"5,25";"91,75";"16,0";"3,5";"0,73";"0,82";"1,75";"1,38";"null";"40,0";"2,05";"2,76";"10949,59";"121,66";"1946,88";"598,37";"56,47";"156,11";"8,14";"754,48";"64,62";"117,83";"5,7";"99,64";"17,38";"3,8";"1,9";"43,44";"9654,8";"160,91";"2142,85";"665,31";"60,51";"170,53";"7,77";"835,85";"68,28";"104,2";"5,5";"73,13";"12,62";"3942,25";"153,12";"815,0";"157,0";"14,0";"41,0";"1,75";"198,0";"15,75";"41,5";"2,0";"30,5";"3,75";"0,75";"0,5";"13,25";"3516,75";"170,65";"840,5";"357,0";"32,75";"90,75";"4,25";"447,75";"37,0";"39,0";"2,25";"26,0";"6,0";"1,75";"0,5";"24,0";"4593,66";"153,12";"949,67";"182,94";"16,31";"47,77";"2,04";"230,72";"18,35";"48,36";"2,33";"35,54";"4,37";"0,87";"0,58";"15,44";"5119,41";"170,65";"1223,53";"519,69";"47,67";"132,11";"6,19";"651,8";"53,86";"56,77";"3,28";"37,85";"8,73";"2,55";"0,73";"34,94";"1,29";"3,24";"48,22"
"Elias Kallio";"E. Kallio";"1028910";"2003-10-22";"AC Oulu";"5278";"FIN - Veikkausliiga";"323";"2026/2026";"130";"Wide Attacker";"80,65";"45,33";"21,66";"23,66";"9";"0";"9841,89";"122,03";"1614,33";"563,33";"48,67";"154,89";"7,56";"718,22";"56,22";"27,93";"28,74";"106,56";"5,67";"87,89";"15,22";"3,44";"0,7";"0,79";"0,78";"1,86";"null";"40,33";"2,2";"2,71";"10983,14";"122,03";"1801,53";"628,66";"54,31";"172,85";"8,43";"801,51";"62,74";"118,91";"6,32";"98,08";"16,99";"3,84";"0,87";"45,01";"9247,98";"154,13";"1917,08";"696,73";"56,77";"184,44";"8,53";"881,17";"65,3";"102,08";"4,71";"75,01";"11,18";"3401,89";"157,04";"692,11";"300,67";"23,67";"95,78";"4,22";"396,44";"27,89";"38,89";"1,89";"24,44";"3,67";"1,33";"0,56";"16,33";"3584,33";"151,47";"756,11";"225,67";"19,22";"43,56";"2,22";"269,22";"21,44";"38,22";"1,67";"32,22";"4,78";"1,0";"0,0";"20,89";"4711,11";"157,04";"958,47";"416,38";"32,77";"132,64";"5,85";"549,02";"38,62";"53,86";"2,62";"33,85";"5,08";"1,85";"0,77";"22,62";"4544,23";"151,47";"958,6";"286,1";"24,37";"55,22";"2,82";"341,32";"27,19";"48,46";"2,11";"40,85";"6,06";"1,27";"0,0";"26,48";"0,74";"3,09";"49,27"
"Adam Jouhi";"A. Jouhi";"1028926";"2006-09-20";"IF Gnistan";"5281";"FIN - Veikkausliiga";"323";"2026/2026";"130";"Midfield";"71,69";"35,93";"15,07";"20,86";"6";"0";"8969,83";"125,12";"1912,5";"622,33";"47,33";"106,17";"6,67";"728,5";"54,0";"26,75";"27,14";"94,5";"3,0";"76,83";"11,0";"1,67";"0,94";"1,19";"0,0";"null";"null";"44,17";"1,98";"2,9";"11260,51";"125,12";"2400,91";"781,26";"59,42";"133,28";"8,37";"914,54";"67,79";"118,63";"3,77";"96,45";"13,81";"2,09";"0,0";"55,45";"10490,82";"174,85";"2868,37";"949,26";"73,75";"154,17";"9,46";"1103,43";"83,21";"109,93";"2,78";"79,87";"10,3";"2578,17";"171,02";"731,0";"171,83";"14,33";"31,0";"1,67";"202,83";"16,0";"25,5";"1,17";"18,0";"2,83";"0,17";"0,0";"10,33";"3704,67";"177,61";"986,83";"396,67";"29,83";"61,33";"4,0";"458,0";"33,83";"40,33";"0,5";"29,83";"3,33";"0,17";"0,0";"30,17";"5130,68";"171,02";"1454,73";"341,96";"28,52";"61,69";"3,32";"403,65";"31,84";"50,75";"2,32";"35,82";"5,64";"0,33";"0,0";"20,56";"5328,33";"177,61";"1419,34";"570,52";"42,91";"88,21";"5,75";"658,73";"48,66";"58,01";"0,72";"42,91";"4,79";"0,24";"0,0";"43,39";"0,0";"0,56";"67,63"
"Albijon Muzaci";"A. Muzaci";"1028938";"1996-06-11";"Turun Palloseura";"5208";"FIN - Veikkausliiga";"323";"2026/2026";"130";"Midfield";"99,81";"49,1";"22,04";"27,06";"6";"0";"11533,17";"115,55";"1768,17";"675,83";"63,83";"181,0";"10,5";"856,83";"74,33";"28,77";"29,14";"126,33";"7,5";"108,67";"17,83";"4,67";"0,57";"0,77";"1,17";"1,42";"1,48";"49,0";"1,89";"2,73";"10399,49";"115,55";"1594,36";"609,4";"57,56";"163,21";"9,47";"772,61";"67,03";"113,92";"6,76";"97,99";"16,08";"4,21";"1,05";"44,18";"9379,84";"156,33";"1913,85";"776,17";"70,67";"201,22";"10,79";"977,39";"81,47";"106,72";"6,31";"81,67";"12,83";"3429,17";"155,62";"687,33";"301,5";"28,33";"102,33";"5,17";"403,83";"33,5";"37,83";"2,33";"26,5";"3,33";"2,0";"0,83";"19,33";"4246,67";"156,91";"878,83";"333,67";"29,5";"62,33";"3,67";"396,0";"33,17";"49,5";"2,83";"40,33";"7,17";"1,5";"0,17";"25,67";"4668,47";"155,62";"935,74";"410,46";"38,57";"139,32";"7,03";"549,78";"45,61";"51,51";"3,18";"36,08";"4,54";"2,72";"1,13";"26,32";"4707,38";"156,91";"974,18";"369,87";"32,7";"69,1";"4,06";"438,96";"36,76";"54,87";"3,14";"44,71";"7,94";"1,66";"0,18";"28,45";"1,22";"4,28";"54,99"
"Jordan Iain Houston";"J. Houston";"1032528";"2000-01-28";"Valkeakosken Haka";"3099";"FIN - Veikkausliiga";"323";"2025/2025";"128";"Full Back";"83,35";"45,42";"21,61";"23,81";"16";"0";"9706,06";"116,46";"1429,94";"602,12";"58,75";"206,06";"11,75";"808,19";"70,5";"28,57";"30,26";"102,0";"6,88";"87,75";"16,0";"5,0";"0,57";"0,66";"1,0";"1,31";"1,36";"31,62";"2,0";"2,66";"10480,98";"116,46";"1544,1";"650,2";"63,44";"222,51";"12,69";"872,71";"76,13";"110,14";"7,42";"94,76";"17,28";"5,4";"1,08";"34,15";"8867,6";"147,79";"1630,7";"717,09";"67,21";"245,22";"13,38";"962,32";"80,59";"95,2";"6,28";"71,34";"12,55";"3141,56";"145,36";"547,75";"208,06";"19,06";"78,12";"4,0";"286,19";"23,06";"28,06";"2,12";"21,94";"3,25";"1,5";"0,25";"7,69";"3570,88";"150,0";"686,62";"334,75";"31,81";"107,5";"6,12";"442,25";"37,94";"44,0";"2,62";"32,06";"6,25";"1,56";"0,38";"21,25";"4360,76";"145,36";"760,32";"288,81";"26,46";"108,44";"5,55";"397,25";"32,01";"38,95";"2,95";"30,45";"4,51";"2,08";"0,35";"10,67";"4500,12";"150,0";"865,3";"421,86";"40,09";"135,47";"7,72";"557,34";"47,81";"55,45";"3,31";"40,41";"7,88";"1,97";"0,47";"26,78";"0,83";"4,05";"38,23"
"Oluwaseun Ewerogba Akintunde";"O. Akintunde";"1032529";"1996-03-29";"Valkeakosken Haka";"3099";"FIN - Veikkausliiga";"323";"2025/2025";"128";"Center Forward";"71,9";"40,07";"17,96";"22,11";"15";"0";"8260,0";"114,88";"1225,73";"522,33";"49,93";"158,47";"9,73";"680,8";"59,67";"29,08";"31,18";"82,07";"6,87";"72,33";"13,07";"4,47";"0,63";"0,74";"1,0";"1,39";"1,53";"33,87";"1,89";"2,79";"10339,04";"114,88";"1534,25";"653,8";"62,5";"198,35";"12,18";"852,16";"74,68";"102,72";"8,6";"90,54";"16,36";"5,59";"1,25";"42,39";"8889,1";"148,15";"1643,38";"720,72";"68,18";"217,51";"12,28";"938,23";"80,46";"87,24";"6,79";"69,88";"12,28";"2603,13";"144,96";"455,4";"224,4";"21,67";"90,27";"4,73";"314,67";"26,4";"28,2";"2,73";"19,4";"3,4";"1,8";"0,33";"12,13";"3333,47";"150,74";"642,13";"256,93";"23,87";"55,0";"3,47";"311,93";"27,33";"30,07";"1,8";"27,27";"4,8";"0,87";"0,2";"18,93";"4348,76";"144,96";"760,78";"374,88";"36,2";"150,8";"7,91";"525,68";"44,1";"47,11";"4,57";"32,41";"5,68";"3,01";"0,56";"20,27";"4522,34";"150,74";"871,15";"348,57";"32,38";"74,62";"4,7";"423,18";"37,08";"40,79";"2,44";"36,99";"6,51";"1,18";"0,27";"25,69";"0,8";"3,99";"46,52"
"Yassin Daoussi";"Y. Daoussi";"1032597";"2000-06-02";"Vaasan Palloseura";"3603";"FIN - Veikkausliiga";"323";"2025/2025";"128";"Full Back";"76,45";"38,53";"16,57";"21,96";"4";"0";"9243,25";"120,91";"1673,25";"735,0";"64,25";"274,0";"14,5";"1009,0";"78,75";"28,65";"28,65";"106,5";"6,75";"92,25";"16,0";"3,5";"0,71";"0,72";"1,5";"1,63";"1,65";"35,25";"2,32";"2,91";"10881,52";"120,91";"1969,82";"865,27";"75,64";"322,56";"17,07";"1187,84";"92,71";"125,38";"7,95";"108,6";"18,84";"4,12";"1,77";"41,5";"9897,66";"164,96";"2287,76";"1064,66";"91,09";"407,18";"20,63";"1471,84";"111,72";"114,45";"6,62";"87,2";"15,18";"2711,75";"163,65";"630,75";"270,5";"22,75";"102,25";"4,5";"372,75";"27,25";"27,75";"1,75";"19,25";"4,25";"1,0";"0,75";"8,75";"3644,75";"165,95";"838,5";"413,25";"35,75";"159,25";"8,75";"572,5";"44,5";"45,75";"2,5";"36,75";"5,5";"1,0";"0,25";"23,5";"4909,38";"163,65";"1141,92";"489,72";"41,19";"185,11";"8,15";"674,83";"49,33";"50,24";"3,17";"34,85";"7,69";"1,81";"1,36";"15,84";"4978,6";"165,95";"1145,36";"564,48";"48,83";"217,53";"11,95";"782,01";"60,79";"62,49";"3,41";"50,2";"7,51";"1,37";"0,34";"32,1";"1,56";"3,11";"50,22"
"Yassin Daoussi";"Y. Daoussi";"1032597";"2000-06-02";"Vaasan Palloseura";"3603";"FIN - Veikkausliiga";"323";"2026/2026";"130";"Full Back";"86,59";"45,99";"20,03";"25,96";"4";"0";"10798,5";"124,71";"1893,5";"751,75";"51,25";"142,75";"8,75";"894,5";"60,0";"27,32";"27,32";"118,25";"5,5";"100,75";"17,5";"3,0";"0,7";"null";"0,5";"null";"null";"33,75";"2,19";"2,87";"11223,54";"124,71";"1968,03";"781,34";"53,27";"148,37";"9,09";"929,71";"62,36";"122,9";"5,72";"104,72";"18,19";"3,12";"0,52";"35,08";"9634,03";"160,57";"2150,93";"883,2";"58,71";"151,33";"8,81";"1034,54";"67,51";"109,59";"4,57";"82,51";"13,37";"3238,25";"161,68";"718,75";"263,25";"18,5";"39,0";"3,0";"302,25";"21,5";"31,75";"1,5";"23,75";"3,5";"0,25";"0,0";"9,25";"4146,5";"159,71";"930,0";"413,75";"26,5";"77,0";"3,75";"490,75";"30,25";"52,25";"2,0";"39,5";"6,75";"1,25";"0,25";"22,0";"4850,3";"161,68";"1076,56";"394,3";"27,71";"58,41";"4,49";"452,71";"32,2";"47,56";"2,25";"35,57";"5,24";"0,37";"0,0";"13,85";"4791,33";"159,71";"1074,63";"478,09";"30,62";"88,97";"4,33";"567,07";"34,95";"60,38";"2,31";"45,64";"7,8";"1,44";"0,29";"25,42";"0,33";"1,96";"40,77"
"Yassin Daoussi";"Y. Daoussi";"1032597";"2000-06-02";"Vaasan Palloseura";"3603";"FIN - Veikkausliiga";"323";"2025/2025";"128";"Wide Attacker";"52,4";"25,92";"13,12";"12,79";"3";"0";"6714,33";"128,14";"1235,67";"593,67";"51,33";"182,33";"9,33";"776,0";"60,67";"29,1";"29,1";"70,67";"3,33";"61,67";"12,0";"2,33";"1,01";"null";"0,0";"null";"null";"27,0";"2,69";"2,95";"11532,25";"128,14";"2122,33";"1019,66";"88,17";"313,17";"16,03";"1332,82";"104,2";"121,37";"5,73";"105,92";"20,61";"4,01";"0,0";"46,37";"10422,64";"173,71";"2555,88";"1261,74";"108,81";"361,16";"19,29";"1622,89";"128,1";"109,58";"5,4";"81,03";"15,43";"2261,33";"172,33";"505,67";"290,33";"25,0";"78,33";"4,67";"368,67";"29,67";"24,33";"1,67";"16,67";"3,67";"1,0";"0,0";"12,67";"2240,67";"175,13";"598,33";"254,67";"22,0";"77,67";"3,67";"332,33";"25,67";"23,0";"0,67";"18,33";"3,0";"0,0";"0,0";"12,67";"5169,86";"172,33";"1156,05";"663,76";"57,15";"179,09";"10,67";"842,85";"67,82";"55,63";"3,81";"38,1";"8,38";"2,29";"0,0";"28,96";"5253,84";"175,13";"1402,95";"597,13";"51,58";"182,11";"8,6";"779,24";"60,18";"53,93";"1,56";"42,99";"7,03";"0,0";"0,0";"29,7";"0,0";"2,32";"58,65"
"Daniel John Barrow";"Danny Barrow";"1032946";"1995-11-16";"AC Oulu";"5278";"FIN - Veikkausliiga";"323";"2025/2025";"128";"Wide Attacker";"73,86";"43,22";"20,67";"22,56";"6";"0";"7999,0";"108,31";"906,0";"366,33";"41,0";"199,0";"9,17";"565,33";"50,17";"32,17";"32,46";"77,0";"6,83";"63,83";"14,83";"4,5";"0,61";"0,78";"1,17";"1,43";"null";"27,5";"2,14";"2,96";"9747,54";"108,31";"1104,05";"446,41";"49,96";"242,5";"11,17";"688,91";"61,13";"93,83";"8,33";"77,79";"18,08";"5,48";"1,42";"33,51";"7897,79";"131,63";"1138,53";"473,6";"51,83";"246,63";"10,18";"720,23";"62,01";"81,44";"6,71";"57,38";"11,8";"2654,5";"128,44";"376,17";"199,33";"22,83";"139,83";"5,83";"339,17";"28,67";"30,17";"3,17";"17,83";"4,17";"2,0";"0,17";"14,33";"3034,83";"134,55";"444,0";"141,83";"14,5";"37,83";"1,5";"179,67";"16,0";"28,5";"1,67";"23,5";"4,33";"1,0";"0,33";"11,67";"3853,31";"128,44";"546,05";"289,35";"33,15";"202,98";"8,47";"492,34";"41,61";"43,79";"4,6";"25,89";"6,05";"2,9";"0,24";"20,81";"4036,48";"134,55";"590,54";"188,65";"19,29";"50,32";"2,0";"238,97";"21,28";"37,91";"2,22";"31,26";"5,76";"1,33";"0,44";"15,52";"0,69";"4,16";"36,09"
"Niklas Jokelainen";"N. Jokelainen";"1032947";"2000-03-30";"AC Oulu";"5278";"FIN - Veikkausliiga";"323";"2025/2025";"128";"Center Forward";"93,52";"50,08";"25,77";"24,31";"6";"0";"11170,83";"119,45";"1683,17";"709,5";"66,83";"194,5";"10,67";"904,0";"77,5";"28,88";"29,34";"108,5";"6,0";"88,17";"17,67";"4,67";"0,79";"0,81";"1,33";"1,7";"null";"50,17";"1,92";"2,81";"10750,44";"119,45";"1619,82";"682,8";"64,32";"187,18";"10,27";"869,98";"74,58";"104,42";"5,77";"84,85";"17,0";"4,49";"1,28";"48,28";"9304,69";"155,08";"1786,82";"778,9";"73,08";"221,23";"11,38";"1000,13";"84,46";"93,24";"5,19";"65,09";"11,98";"3965,5";"153,87";"751,67";"354,67";"33,17";"114,67";"6,0";"469,33";"39,17";"42,83";"2,5";"28,0";"5,67";"2,0";"1,17";"23,17";"3801,33";"156,36";"739,83";"295,5";"27,83";"70,0";"3,5";"365,5";"31,33";"35,0";"1,83";"26,33";"4,33";"1,17";"0,0";"23,5";"4616,02";"153,87";"874,97";"412,85";"38,61";"133,48";"6,98";"546,32";"45,59";"49,86";"2,91";"32,59";"6,6";"2,33";"1,36";"26,97";"4690,86";"156,36";"912,96";"364,65";"34,35";"86,38";"4,32";"451,03";"38,67";"43,19";"2,26";"32,5";"5,35";"1,44";"0,0";"29,0";"1,4";"3,79";"55,91"
"Niklas Jokelainen";"N. Jokelainen";"1032947";"2000-03-30";"AC Oulu";"5278";"FIN - Veikkausliiga";"323";"2025/2025";"128";"Midfield";"81,3";"45,63";"23,56";"22,07";"11";"0";"9966,45";"122,58";"1618,91";"552,82";"51,55";"164,18";"9,09";"717,0";"60,64";"28,21";"29,38";"93,0";"3,64";"82,09";"15,0";"2,55";"0,76";"0,88";"0,82";"1,95";"null";"43,45";"2,02";"2,73";"11032,56";"122,58";"1792,08";"611,95";"57,06";"181,74";"10,06";"793,7";"67,12";"102,95";"4,03";"90,87";"16,6";"2,82";"0,91";"48,1";"9429,45";"157,16";"1916,61";"671,59";"62,4";"199,87";"10,52";"871,46";"72,92";"89,3";"3,11";"69,81";"11,24";"3517,0";"149,29";"667,09";"236,45";"22,36";"85,55";"4,18";"322,0";"26,55";"33,45";"1,36";"25,73";"3,45";"1,0";"0,36";"15,27";"3653,91";"165,55";"790,45";"274,27";"25,09";"66,45";"3,82";"340,73";"28,91";"34,45";"1,0";"27,36";"5,09";"0,18";"0,0";"24,82";"4478,81";"149,29";"849,52";"301,12";"28,48";"108,94";"5,33";"410,06";"33,8";"42,6";"1,74";"32,76";"4,4";"1,27";"0,46";"19,45";"4966,53";"165,55";"1074,41";"372,8";"34,1";"90,33";"5,19";"463,13";"39,29";"46,83";"1,36";"37,19";"6,92";"0,25";"0,0";"33,73";"0,48";"1,55";"52,72"
"Niklas Jokelainen";"N. Jokelainen";"1032947";"2000-03-30";"AC Oulu";"5278";"FIN - Veikkausliiga";"323";"2025/2025";"128";"Wide Attacker";"86,76";"47,97";"21,73";"26,24";"7";"0";"10395,0";"119,82";"1595,86";"618,43";"61,29";"220,0";"13,0";"838,43";"74,29";"29,04";"29,2";"105,14";"5,71";"87,14";"17,71";"5,71";"0,72";"0,75";"2,0";"1,55";"1,64";"47,86";"2,06";"2,69";"10783,55";"119,82";"1655,51";"641,54";"63,58";"228,22";"13,49";"869,77";"77,06";"109,07";"5,93";"90,4";"18,38";"5,93";"2,07";"49,65";"9233,61";"153,89";"1790,44";"741,48";"71,65";"265,68";"15,01";"1007,16";"86,65";"98,09";"5,9";"72,72";"13,58";"3394,43";"156,2";"654,29";"296,43";"28,43";"137,43";"7,71";"433,86";"36,14";"37,57";"2,29";"24,86";"4,14";"1,43";"0,71";"19,57";"3988,43";"151,98";"777,29";"296,43";"28,86";"75,0";"4,29";"371,43";"33,14";"40,86";"2,43";"33,29";"6,71";"2,43";"0,71";"25,0";"4686,07";"156,2";"903,25";"409,23";"39,25";"189,72";"10,65";"598,95";"49,9";"51,87";"3,16";"34,32";"5,72";"1,97";"0,99";"27,02";"4559,44";"151,98";"888,57";"338,87";"32,99";"85,74";"4,9";"424,61";"37,89";"46,71";"2,78";"38,05";"7,68";"2,78";"0,82";"28,58";"1,79";"4,82";"55,74"
"Joel Lehtonen";"J. Lehtonen";"1032949";"1999-11-29";"AC Oulu";"5278";"FIN - Veikkausliiga";"323";"2025/2025";"128";"Full Back";"92,84";"50,45";"26,24";"24,21";"11";"0";"11341,64";"122,16";"1947,09";"851,91";"69,64";"234,27";"12,45";"1086,18";"82,09";"28,12";"28,94";"121,64";"6,36";"103,36";"18,64";"4,45";"0,65";"0,66";"0,91";"1,5";"null";"38,73";"2,06";"2,68";"10994,41";"122,16";"1887,48";"825,83";"67,5";"227,1";"12,07";"1052,93";"79,58";"117,91";"6,17";"100,2";"18,07";"4,32";"0,88";"37,54";"9304,32";"155,07";"1966,7";"903,24";"73,73";"253,08";"12,54";"1156,32";"86,27";"101,62";"5,19";"74,38";"12,43";"3966,82";"151,16";"847,09";"386,82";"30,36";"102,73";"5,45";"489,55";"35,82";"41,73";"2,09";"31,73";"4,82";"1,45";"0,27";"12,55";"3857,27";"159,31";"806,73";"372,73";"31,64";"110,09";"5,09";"482,82";"36,73";"43,73";"2,27";"30,82";"5,64";"1,09";"0,09";"22,73";"4534,82";"151,16";"968,38";"442,21";"34,71";"117,44";"6,24";"559,64";"40,95";"47,7";"2,39";"36,27";"5,51";"1,66";"0,31";"14,34";"4779,35";"159,31";"999,57";"461,83";"39,2";"136,41";"6,31";"598,24";"45,51";"54,18";"2,82";"38,19";"6,98";"1,35";"0,11";"28,16";"0,43";"3,03";"41,95"
"Onni Tiihonen";"O. Tiihonen";"1032950";"2000-06-06";"AC Oulu";"5278";"FIN - Veikkausliiga";"323";"2025/2025";"128";"Midfield";"71,4";"38,53";"19,22";"19,31";"14";"0";"8409,07";"117,78";"1218,43";"380,14";"38,64";"112,5";"6,36";"492,64";"45,0";"28,79";"31,02";"79,79";"4,29";"72,07";"10,64";"3,07";"0,61";"0,68";"0,43";"1,41";"null";"26,86";"1,91";"2,8";"10600,2";"117,78";"1535,91";"479,2";"48,71";"141,81";"8,01";"621,01";"56,73";"100,58";"5,4";"90,85";"13,42";"3,87";"0,54";"33,86";"9152,53";"152,54";"1712,42";"545,97";"54,61";"159,26";"8,67";"705,23";"63,28";"89,53";"4,23";"71,62";"9,79";"2708,93";"140,93";"396,07";"74,14";"8,64";"24,64";"1,21";"98,79";"9,86";"23,0";"1,07";"19,43";"1,71";"0,57";"0,07";"6,36";"3169,21";"164,1";"703,71";"276,5";"26,43";"77,64";"4,36";"354,14";"30,79";"34,5";"1,64";"26,57";"4,57";"1,29";"0,14";"18,71";"4227,98";"140,93";"618,17";"115,72";"13,49";"38,46";"1,9";"154,18";"15,38";"35,9";"1,67";"30,32";"2,68";"0,89";"0,11";"9,92";"4922,9";"164,1";"1093,11";"429,5";"41,05";"120,61";"6,77";"550,11";"47,82";"53,59";"2,55";"41,27";"7,1";"2,0";"0,22";"29,07";"0,33";"2,89";"39,04"
"Santeri  Silander";"S. Silander";"1032951";"2004-04-20";"AC Oulu";"5278";"FIN - Veikkausliiga";"323";"2025/2025";"128";"Full Back";"84,81";"47,95";"22,9";"25,05";"15";"0";"9806,8";"115,63";"1338,2";"523,93";"51,93";"178,0";"10,47";"701,93";"62,4";"29,14";"29,92";"100,0";"6,0";"87,87";"15,07";"4,4";"0,63";"0,68";"1,33";"1,25";"1,42";"30,8";"1,96";"2,75";"10406,52";"115,63";"1420,04";"555,97";"55,11";"188,89";"11,11";"744,86";"66,22";"106,12";"6,37";"93,24";"15,99";"4,67";"1,41";"32,68";"8615,14";"143,59";"1465,53";"600,21";"58,23";"210,55";"11,09";"810,76";"69,32";"90,84";"5,51";"69,16";"10,76";"3232,53";"141,19";"528,47";"205,8";"20,2";"74,47";"4,0";"280,27";"24,2";"30,67";"1,87";"23,87";"3,47";"1,4";"0,6";"10,27";"3652,4";"145,78";"642,73";"273,87";"26,33";"93,8";"4,87";"367,67";"31,2";"41,93";"2,53";"31,4";"5,13";"1,4";"0,53";"18,13";"4235,58";"141,19";"692,45";"269,66";"26,47";"97,57";"5,24";"367,23";"31,71";"40,18";"2,45";"31,27";"4,54";"1,83";"0,79";"13,45";"4373,36";"145,78";"769,6";"327,93";"31,53";"112,32";"5,83";"440,24";"37,36";"50,21";"3,03";"37,6";"6,15";"1,68";"0,64";"21,71";"1,42";"3,5";"35,54"
"Musa  Jatta";"M. Jatta";"1032955";"2004-12-20";"AC Oulu";"5278";"FIN - Veikkausliiga";"323";"2025/2025";"128";"Central Defender";"80,82";"45,08";"23,32";"21,76";"10";"0";"9108,5";"112,7";"1277,0";"485,9";"48,0";"220,7";"11,6";"706,6";"59,6";"30,02";"31,12";"99,9";"5,9";"78,0";"11,6";"3,9";"0,62";"0,74";"1,5";"1,31";"1,82";"27,7";"2,07";"2,76";"10142,89";"112,7";"1422,02";"541,08";"53,45";"245,76";"12,92";"786,84";"66,37";"111,24";"6,57";"86,86";"12,92";"4,34";"1,67";"30,85";"8529,1";"142,15";"1414,15";"546,36";"55,63";"258,07";"12,51";"804,44";"68,15";"93,3";"4,66";"68,81";"9,05";"3152,6";"135,17";"482,9";"159,0";"14,6";"66,4";"2,5";"225,4";"17,1";"28,4";"1,3";"23,5";"2,7";"0,6";"0,1";"7,9";"3255,6";"149,64";"579,6";"251,5";"27,2";"127,5";"6,9";"379,0";"34,1";"41,7";"2,2";"28,2";"4,1";"1,5";"0,8";"17,3";"4055,08";"135,17";"621,14";"204,52";"18,78";"85,41";"3,22";"289,92";"22,0";"36,53";"1,67";"30,23";"3,47";"0,77";"0,13";"10,16";"4489,11";"149,64";"799,2";"346,79";"37,51";"175,81";"9,51";"522,6";"47,02";"57,5";"3,03";"38,88";"5,65";"2,07";"1,1";"23,85";"1,2";"2,8";"33,54"
"Julius Körkkö";"J. Körkkö";"1032957";"2006-07-03";"AC Oulu";"5278";"FIN - Veikkausliiga";"323";"2025/2025";"128";"Center Forward";"67,96";"39,44";"19,94";"19,5";"6";"0";"7173,33";"105,55";"892,17";"330,83";"33,67";"105,83";"6,17";"436,67";"39,83";"28,88";"29,22";"69,0";"5,67";"56,83";"10,83";"2,17";"0,82";"0,84";"1,33";"1,57";"1,57";"20,83";"2,4";"null";"9499,55";"105,55";"1181,48";"438,12";"44,58";"140,15";"8,17";"578,27";"52,75";"91,38";"7,5";"75,26";"14,35";"2,87";"1,77";"27,59";"7836,73";"130,61";"1191,8";"459,22";"46,15";"143,52";"7,86";"602,75";"54,01";"77,09";"6,09";"59,84";"10,4";"2465,17";"123,64";"349,5";"167,5";"17,67";"69,0";"3,67";"236,5";"21,33";"26,67";"2,5";"19,5";"3,67";"1,0";"0,67";"9,33";"2685,67";"137,75";"433,83";"134,33";"12,67";"25,33";"1,5";"159,67";"14,17";"24,0";"1,5";"19,83";"3,17";"0,33";"0,17";"9,83";"3709,08";"123,64";"525,86";"252,02";"26,58";"103,82";"5,52";"355,84";"32,1";"40,12";"3,76";"29,34";"5,52";"1,5";"1,0";"14,04";"4132,38";"137,75";"667,53";"206,7";"19,49";"38,98";"2,31";"245,68";"21,8";"36,93";"2,31";"30,52";"4,87";"0,51";"0,26";"15,13";"1,27";"2,03";"29,16"
"Julius Körkkö";"J. Körkkö";"1032957";"2006-07-03";"AC Oulu";"5278";"FIN - Veikkausliiga";"323";"2026/2026";"130";"Center Forward";"89,76";"49,96";"24,49";"25,48";"8";"0";"9417,88";"104,92";"1081,38";"419,88";"45,25";"199,62";"9,75";"619,5";"55,0";"29,79";"30,34";"90,75";"7,25";"75,75";"11,12";"3,88";"0,66";"0,75";"1,5";"1,59";"null";"29,25";"2,02";"null";"9443,01";"104,92";"1084,26";"421,0";"45,37";"200,16";"9,78";"621,15";"55,15";"90,99";"7,27";"75,95";"11,15";"3,89";"1,5";"29,33";"7914,42";"131,91";"1142,7";"467,02";"49,99";"223,23";"9,91";"690,25";"59,9";"74,61";"5,7";"62,15";"8,11";"3316,5";"135,45";"531,88";"251,12";"25,62";"125,75";"5,75";"376,88";"31,38";"36,25";"2,75";"25,38";"3,88";"1,38";"0,75";"14,5";"3273,62";"128,5";"419,62";"137,75";"16,0";"60,12";"2,5";"197,88";"18,5";"25,88";"2,0";"26,38";"2,88";"0,88";"0,12";"11,38";"4063,44";"135,45";"651,66";"307,68";"31,4";"154,07";"7,05";"461,75";"38,44";"44,41";"3,37";"31,09";"4,75";"1,68";"0,92";"17,77";"3855,1";"128,5";"494,16";"162,22";"18,84";"70,8";"2,94";"233,02";"21,79";"30,47";"2,36";"31,06";"3,39";"1,03";"0,15";"13,4";"1,05";"2,7";"31,07"
"Julius Körkkö";"J. Körkkö";"1032957";"2006-07-03";"AC Oulu";"5278";"FIN - Veikkausliiga";"323";"2025/2025";"128";"Wide Attacker";"58,89";"31,19";"15,35";"15,83";"6";"0";"6275,5";"106,56";"770,67";"303,0";"33,33";"141,17";"8,0";"444,17";"41,33";"29,92";"30,24";"60,5";"4,67";"49,0";"9,5";"2,83";"0,7";"0,75";"0,67";"null";"null";"21,17";"2,07";"null";"9589,95";"106,56";"1177,7";"463,03";"50,94";"215,72";"12,23";"678,76";"63,16";"92,45";"7,13";"74,88";"14,52";"4,33";"1,02";"32,35";"8016,07";"133,6";"1260,5";"506,32";"55,47";"247,55";"11,54";"753,86";"67,02";"79,52";"5,77";"57,72";"9,62";"2043,17";"133,08";"306,17";"161,83";"17,17";"82,17";"4,17";"244,0";"21,33";"24,67";"1,67";"15,67";"2,67";"1,33";"0,5";"9,0";"2123,33";"134,11";"349,0";"101,33";"11,67";"46,5";"1,83";"147,83";"13,5";"16,67";"1,33";"14,33";"2,33";"0,5";"0,0";"9,17";"3992,44";"133,08";"598,26";"316,23";"33,54";"160,56";"8,14";"476,79";"41,69";"48,2";"3,26";"30,61";"5,21";"2,61";"0,98";"17,59";"4023,16";"134,11";"661,26";"192,0";"22,11";"88,11";"3,47";"280,11";"25,58";"31,58";"2,53";"27,16";"4,42";"0,95";"0,0";"17,37";"0,96";"3,53";"34,95"
"Chianyindi Spencer Silas";"C. Silas";"1032958";"2003-08-12";"AC Oulu";"5278";"FIN - Veikkausliiga";"323";"2025/2025";"128";"Midfield";"57,6";"35,76";"18,89";"16,86";"3";"0";"7674,0";"133,23";"1572,0";"372,0";"36,67";"43,33";"3,0";"415,33";"39,67";"26,6";"26,6";"75,33";"4,0";"74,0";"9,33";"2,67";"0,73";"0,91";"0,33";"null";"null";"30,33";"2,32";"3,06";"11990,62";"133,23";"2456,25";"581,25";"57,29";"67,71";"4,69";"648,96";"61,98";"117,71";"6,25";"115,62";"14,58";"4,17";"0,52";"47,4";"9952,58";"165,88";"2447,73";"587,88";"57,61";"66,0";"4,47";"653,88";"62,09";"95,09";"5,03";"83,9";"10,07";"2984,33";"157,95";"665,67";"109,0";"11,0";"8,67";"0,67";"117,67";"11,67";"25,33";"1,67";"23,67";"2,0";"1,0";"0,0";"11,0";"2946,67";"174,76";"793,0";"241,33";"23,33";"30,67";"2,0";"272,0";"25,33";"31,33";"1,33";"26,33";"4,0";"1,0";"0,0";"18,33";"4738,43";"157,95";"1056,92";"173,07";"17,47";"13,76";"1,06";"186,83";"18,52";"40,22";"2,65";"37,58";"3,18";"1,59";"0,0";"17,47";"5242,83";"174,76";"1410,94";"429,39";"41,52";"54,56";"3,56";"483,95";"45,07";"55,75";"2,37";"46,85";"7,12";"1,78";"0,0";"32,62";"0,0";"3,36";"49,22"
"Aleksi Tarvonen";"A. Tarvonen";"1032961";"1994-07-19";"Kotkan Työväen Palloilijat";"5279";"FIN - Veikkausliiga";"323";"2025/2025";"128";"Center Forward";"70,81";"36,98";"16,24";"20,74";"7";"0";"7880,0";"111,28";"1001,43";"440,57";"45,57";"191,71";"9,57";"632,29";"55,14";"29,29";"30,0";"74,14";"6,57";"60,0";"12,71";"4,0";"0,69";"null";"2,0";"null";"null";"34,43";"2,04";"2,83";"10015,27";"111,28";"1272,79";"559,95";"57,92";"243,66";"12,17";"803,62";"70,09";"94,23";"8,35";"76,26";"16,16";"5,08";"2,54";"43,76";"8525,69";"142,09";"1372,51";"649,17";"65,36";"293,88";"12,98";"943,05";"78,34";"81,58";"5,56";"62,11";"12,05";"2314,43";"142,51";"423,14";"224,0";"23,0";"123,86";"5,43";"347,86";"28,43";"26,29";"2,14";"17,71";"3,57";"1,29";"0,57";"16,43";"2940,71";"141,77";"422,86";"176,14";"17,29";"57,29";"2,57";"233,43";"19,86";"24,0";"1,29";"20,57";"3,86";"0,29";"0,0";"15,14";"4275,3";"142,51";"781,64";"413,78";"42,49";"228,79";"10,03";"642,57";"52,51";"48,56";"3,96";"32,72";"6,6";"2,38";"1,06";"30,35";"4253,1";"141,77";"611,57";"254,75";"25,0";"82,85";"3,72";"337,6";"28,72";"34,71";"1,86";"29,75";"5,58";"0,41";"0,0";"21,9";"0,93";"2,55";"51,22"
"Joni Mäkelä";"J. Mäkelä";"1032962";"1993-09-28";"Kotkan Työväen Palloilijat";"5279";"FIN - Veikkausliiga";"323";"2025/2025";"128";"Center Forward";"91,6";"49,14";"24,86";"24,28";"3";"0";"11399,33";"124,45";"1960,67";"657,33";"62,67";"146,0";"9,0";"803,33";"71,67";"27,67";"27,67";"108,33";"5,67";"89,0";"17,0";"4,67";"0,93";"null";"0,67";"null";"null";"48,67";"2,21";"null";"11200,22";"124,45";"1926,42";"645,85";"61,57";"143,45";"8,84";"789,3";"70,41";"106,44";"5,57";"87,45";"16,7";"4,59";"0,66";"47,82";"9822,07";"163,7";"2197,2";"761,02";"70,4";"172,96";"9,77";"933,98";"80,17";"98,08";"5,29";"73,25";"13,43";"4034,0";"162,26";"930,0";"315,33";"29,67";"56,0";"3,67";"371,33";"33,33";"44,67";"2,0";"30,67";"5,0";"0,0";"0,0";"21,67";"4011,0";"165,18";"869,67";"308,0";"28,0";"85,67";"4,33";"393,67";"32,33";"35,67";"2,33";"29,33";"6,0";"2,0";"0,33";"24,0";"4867,84";"162,26";"1122,23";"380,51";"35,8";"67,58";"4,42";"448,09";"40,22";"53,9";"2,41";"37,01";"6,03";"0,0";"0,0";"26,15";"4955,25";"165,18";"1074,4";"380,51";"34,59";"105,83";"5,35";"486,34";"39,95";"44,06";"2,88";"36,24";"7,41";"2,47";"0,41";"29,65";"0,41";"2,44";"55,75"
"Joni Mäkelä";"J. Mäkelä";"1032962";"1993-09-28";"Kotkan Työväen Palloilijat";"5279";"FIN - Veikkausliiga";"323";"2025/2025";"128";"Full Back";"96,23";"57,36";"24,56";"32,8";"3";"0";"11327,0";"117,7";"1682,67";"675,33";"57,0";"177,0";"9,33";"852,33";"66,33";"27,5";"27,5";"129,67";"6,0";"110,33";"19,33";"3,67";"0,92";"null";"2,33";"null";"null";"41,0";"2,53";"2,89";"10593,31";"117,7";"1573,68";"631,59";"53,31";"165,54";"8,73";"797,13";"62,04";"121,27";"5,61";"103,19";"18,08";"3,43";"2,18";"38,34";"8559,46";"142,66";"1558,55";"641,55";"55,44";"171,89";"8,02";"813,44";"63,46";"101,46";"4,88";"77,06";"12,55";"3643,33";"148,34";"711,67";"273,67";"23,0";"67,67";"3,0";"341,33";"26,0";"42,0";"2,0";"30,67";"5,33";"0,67";"0,67";"14,67";"4539,67";"138,4";"778,33";"339,67";"30,0";"96,67";"4,67";"436,33";"34,67";"55,0";"2,67";"43,0";"6,67";"1,67";"0,33";"22,67";"4450,12";"148,34";"869,26";"334,27";"28,09";"82,65";"3,66";"416,92";"31,76";"51,3";"2,44";"37,46";"6,51";"0,81";"0,81";"17,91";"4152,13";"138,4";"711,89";"310,67";"27,44";"88,41";"4,27";"399,09";"31,71";"50,3";"2,44";"39,33";"6,1";"1,52";"0,3";"20,73";"1,05";"2,44";"39,05"
"Joni Mäkelä";"J. Mäkelä";"1032962";"1993-09-28";"Kotkan Työväen Palloilijat";"5279";"FIN - Veikkausliiga";"323";"2025/2025";"128";"Midfield";"81,33";"37,49";"17,32";"20,17";"3";"0";"9344,0";"114,89";"1578,0";"499,0";"39,33";"110,67";"6,0";"609,67";"45,33";"27,33";"27,33";"96,0";"3,67";"80,0";"11,33";"2,33";"0,94";"0,94";"0,33";"null";"null";"43,67";"2,18";"2,98";"10339,67";"114,89";"1746,15";"552,17";"43,52";"122,46";"6,64";"674,63";"50,16";"106,23";"4,06";"88,52";"12,54";"2,58";"0,37";"48,32";"9645,16";"160,75";"2138,45";"737,18";"57,61";"156,29";"6,93";"893,47";"64,54";"104,55";"4,27";"74,14";"10,13";"2747,33";"158,6";"572,0";"165,33";"14,0";"36,33";"2,0";"201,67";"16,0";"27,67";"1,0";"21,33";"2,67";"0,33";"0,0";"18,33";"3280,0";"162,6";"764,33";"295,33";"22,0";"61,33";"2,33";"356,67";"24,33";"37,67";"1,67";"25,0";"3,67";"1,0";"0,33";"21,67";"4758,05";"158,6";"990,64";"286,34";"24,25";"62,92";"3,46";"349,26";"27,71";"47,92";"1,73";"36,95";"4,62";"0,58";"0,0";"31,75";"4878,0";"162,6";"1136,71";"439,22";"32,72";"91,21";"3,47";"530,43";"36,19";"56,02";"2,48";"37,18";"5,45";"1,49";"0,5";"32,22";"0,53";"2,13";"64,01"
"Matias Paavola";"M. Paavola";"1032963";"2000-06-30";"Kotkan Työväen Palloilijat";"5279";"FIN - Veikkausliiga";"323";"2025/2025";"128";"Central Defender";"85,8";"42,95";"22,02";"20,93";"5";"0";"9187,8";"107,09";"1222,8";"509,6";"41,8";"150,4";"7,2";"660,0";"49,0";"29,26";"29,26";"91,8";"4,0";"68,0";"12,2";"1,0";"null";"null";"0,0";"null";"null";"22,2";"2,21";"null";"9637,93";"107,09";"1282,71";"534,57";"43,85";"157,77";"7,55";"692,33";"51,4";"96,3";"4,2";"71,33";"12,8";"1,05";"0,0";"23,29";"8398,04";"139,97";"1376,86";"587,57";"50,29";"167,64";"7,54";"755,2";"57,83";"84,38";"3,63";"57,56";"8,94";"2958,6";"134,34";"414,6";"136,0";"12,0";"32,4";"1,8";"168,4";"13,8";"22,8";"1,0";"17,4";"2,4";"0,4";"0,0";"5,8";"3053,0";"145,89";"571,0";"284,6";"24,0";"87,6";"3,6";"372,2";"27,6";"37,6";"1,6";"23,8";"4,0";"0,0";"0,0";"13,4";"4030,18";"134,34";"564,76";"185,26";"16,35";"44,14";"2,45";"229,39";"18,8";"31,06";"1,36";"23,7";"3,27";"0,54";"0,0";"7,9";"4376,71";"145,89";"818,57";"408,0";"34,41";"125,58";"5,16";"533,58";"39,57";"53,9";"2,29";"34,12";"5,73";"0,0";"0,0";"19,21";"0,0";"0,56";"26,82"
"Matias Paavola";"M. Paavola";"1032963";"2000-06-30";"Kotkan Työväen Palloilijat";"5279";"FIN - Veikkausliiga";"323";"2025/2025";"128";"Full Back";"86,82";"45,27";"21,6";"23,67";"9";"0";"9923,89";"114,3";"1509,22";"592,44";"56,78";"234,11";"11,78";"826,56";"68,56";"30,14";"30,94";"111,44";"6,22";"90,22";"17,67";"4,67";"0,64";"0,82";"0,89";"1,39";"null";"32,89";"2,1";"2,76";"10286,89";"114,3";"1564,43";"614,12";"58,85";"242,67";"12,21";"856,79";"71,06";"115,52";"6,45";"93,52";"18,31";"4,84";"0,92";"34,09";"8674,96";"144,58";"1639,18";"690,57";"64,8";"283,65";"13,55";"974,23";"78,35";"101,91";"5,6";"73,34";"12,67";"3064,0";"141,85";"551,44";"203,11";"20,0";"83,56";"4,0";"286,67";"24,0";"33,33";"1,67";"23,89";"3,89";"0,89";"0,22";"11,11";"3480,78";"147,08";"685,22";"317,89";"28,89";"130,44";"6,22";"448,33";"35,11";"43,56";"2,56";"31,44";"5,67";"1,44";"0,22";"19,0";"4255,56";"141,85";"765,9";"282,1";"27,78";"116,05";"5,56";"398,15";"33,33";"46,3";"2,31";"33,18";"5,4";"1,23";"0,31";"15,43";"4412,25";"147,08";"868,59";"402,96";"36,62";"165,35";"7,89";"568,31";"44,51";"55,21";"3,24";"39,86";"7,18";"1,83";"0,28";"24,08";"0,59";"3,09";"39,91"
"Matias Paavola";"M. Paavola";"1032963";"2000-06-30";"Kotkan Työväen Palloilijat";"5279";"FIN - Veikkausliiga";"323";"2025/2025";"128";"Midfield";"84,04";"47,73";"22,01";"25,72";"4";"0";"10127,25";"120,5";"1574,25";"667,25";"59,25";"204,0";"10,25";"871,25";"69,5";"28,93";"28,93";"102,25";"5,75";"89,25";"16,75";"4,0";"0,8";"null";"1,0";"null";"null";"42,75";"2,26";"2,86";"10845,25";"120,5";"1685,86";"714,56";"63,45";"218,46";"10,98";"933,02";"74,43";"109,5";"6,16";"95,58";"17,94";"4,28";"1,07";"45,78";"9059,08";"150,98";"1743,75";"771,79";"65,99";"247,63";"11,0";"1019,41";"76,99";"92,39";"4,71";"70,08";"12,88";"3181,75";"144,54";"569,5";"169,5";"14,25";"43,0";"1,75";"212,5";"16,0";"28,0";"1,75";"23,0";"3,0";"1,0";"0,0";"12,5";"4025,25";"156,5";"817,75";"444,5";"38,25";"154,0";"7,0";"598,5";"45,25";"45,5";"2,0";"32,75";"7,25";"1,25";"0,5";"27,75";"4336,29";"144,54";"776,15";"231,01";"19,42";"58,6";"2,39";"289,61";"21,81";"38,16";"2,39";"31,35";"4,09";"1,36";"0,0";"17,04";"4694,93";"156,5";"953,8";"518,45";"44,61";"179,62";"8,16";"698,07";"52,78";"53,07";"2,33";"38,2";"8,46";"1,46";"0,58";"32,37";"0,63";"2,83";"50,59"
"Albin Linnér";"A. Linnér";"1032964";"1999-02-14";"Kotkan Työväen Palloilijat";"5279";"FIN - Veikkausliiga";"323";"2025/2025";"128";"Central Defender";"97,36";"55,18";"26,09";"29,09";"4";"0";"9496,5";"97,54";"886,25";"329,5";"35,75";"164,5";"8,25";"494,0";"44,0";"30,18";"30,18";"93,75";"3,75";"78,5";"8,0";"1,75";"null";"null";"0,75";"null";"null";"17,25";"2,38";"null";"8778,76";"97,54";"819,27";"304,6";"33,05";"152,07";"7,63";"456,66";"40,67";"86,66";"3,47";"72,57";"7,4";"1,62";"0,69";"15,95";"7254,64";"120,91";"833,74";"319,14";"34,8";"164,74";"7,07";"483,88";"41,86";"74,48";"2,99";"56,81";"4,89";"3002,25";"115,08";"275,75";"98,25";"9,75";"39,5";"1,5";"137,75";"11,25";"23,5";"1,0";"21,0";"1,75";"0,25";"0,0";"4,75";"3669,5";"126,14";"491,0";"195,25";"22,25";"112,0";"5,0";"307,25";"27,25";"45,0";"1,75";"31,25";"2,75";"0,75";"0,5";"10,0";"3452,52";"115,08";"317,11";"112,99";"11,21";"45,42";"1,72";"158,41";"12,94";"27,02";"1,15";"24,15";"2,01";"0,29";"0,0";"5,46";"3784,07";"126,14";"506,33";"201,35";"22,94";"115,5";"5,16";"316,84";"28,1";"46,41";"1,8";"32,23";"2,84";"0,77";"0,52";"10,31";"0,54";"1,09";"16,04"
"Juho Lehtiranta";"J. Lehtiranta";"1032965";"2002-09-27";"Kotkan Työväen Palloilijat";"5279";"FIN - Veikkausliiga";"323";"2025/2025";"128";"Full Back";"88,2";"48,02";"22,44";"25,58";"14";"0";"10317,57";"116,98";"1505,79";"647,93";"56,21";"200,5";"10,14";"848,43";"66,36";"28,98";"30,28";"100,21";"5,86";"87,14";"13,36";"3,36";"0,68";"0,77";"0,79";"1,49";"null";"31,79";"1,95";"2,75";"10528,28";"116,98";"1536,54";"661,16";"57,36";"204,59";"10,35";"865,76";"67,71";"102,26";"5,98";"88,92";"13,63";"3,43";"0,8";"32,43";"8959,08";"149,32";"1638,78";"742,95";"62,47";"229,62";"11,24";"972,58";"73,72";"91,39";"5,44";"66,75";"9,82";"3377,29";"150,49";"606,57";"244,93";"20,29";"75,64";"3,21";"320,57";"23,5";"29,29";"1,93";"21,21";"3,07";"0,86";"0,43";"9,79";"3793,36";"148,29";"705,07";"349,71";"29,71";"108,14";"5,79";"457,86";"35,5";"43,86";"2,43";"32,21";"4,79";"1,36";"0,21";"19,64";"4514,75";"150,49";"810,86";"327,42";"27,12";"101,12";"4,3";"428,54";"31,41";"39,15";"2,58";"28,36";"4,11";"1,15";"0,57";"13,08";"4448,65";"148,29";"826,87";"410,13";"34,85";"126,82";"6,79";"536,95";"41,63";"51,43";"2,85";"37,78";"5,61";"1,59";"0,25";"23,04";"0,8";"2,77";"36,77"
"Luca Weckström";"L. Weckström";"1032967";"2003-06-05";"Kotkan Työväen Palloilijat";"5279";"FIN - Veikkausliiga";"323";"2025/2025";"128";"Wide Attacker";"76,67";"39,88";"19,12";"20,76";"10";"0";"8466,1";"110,43";"1324,8";"596,9";"58,7";"244,5";"12,9";"841,4";"71,6";"29,72";"30,82";"95,7";"6,7";"76,7";"17,2";"4,6";"0,72";"0,82";"1,2";"1,46";"null";"34,1";"1,81";"2,69";"9938,68";"110,43";"1555,23";"700,72";"68,91";"287,03";"15,14";"987,75";"84,05";"112,35";"7,87";"90,04";"20,19";"5,4";"1,41";"40,03";"8648,55";"144,14";"1748,85";"820,26";"81,24";"341,68";"17,3";"1161,94";"98,55";"102,61";"6,77";"69,36";"14,74";"2740,3";"143,3";"516,6";"270,2";"27,3";"146,1";"6,4";"416,3";"33,7";"32,9";"2,7";"20,6";"4,3";"2,2";"0,5";"16,4";"3008,1";"144,92";"645,8";"275,0";"26,7";"81,0";"5,1";"356,0";"31,8";"35,3";"1,8";"25,5";"5,5";"1,0";"0,2";"15,2";"4298,88";"143,3";"810,42";"423,88";"42,83";"229,2";"10,04";"653,08";"52,87";"51,61";"4,24";"32,32";"6,75";"3,45";"0,78";"25,73";"4347,66";"144,92";"933,39";"397,46";"38,59";"117,07";"7,37";"514,53";"45,96";"51,02";"2,6";"36,86";"7,95";"1,45";"0,29";"21,97";"1,05";"4,81";"47,54"
"Muhamed Tehe Olawale";"T. Olawale";"1032970";"1999-02-20";"IFK Mariehamn";"5280";"FIN - Veikkausliiga";"323";"2025/2025";"128";"Center Forward";"77,87";"45,46";"19,23";"26,23";"9";"3";"9089,22";"116,72";"1246,11";"529,22";"54,44";"200,0";"10,33";"729,22";"64,78";"29,6";"31,26";"90,33";"7,78";"81,44";"12,67";"6,0";"0,64";"0,69";"1,11";"1,51";"null";"32,56";"2,02";"2,89";"10504,77";"116,72";"1440,18";"611,64";"62,92";"231,15";"11,94";"842,79";"74,87";"104,4";"8,99";"94,13";"14,64";"6,93";"1,28";"37,63";"8707,05";"145,12";"1472,59";"639,57";"64,68";"228,2";"11,44";"867,77";"76,12";"86,09";"6,45";"73,04";"10,71";"2657,89";"138,21";"452,33";"218,33";"21,67";"90,78";"4,22";"309,11";"25,89";"30,22";"2,33";"22,0";"3,44";"1,33";"0,22";"12,11";"3938,78";"150,19";"663,33";"266,22";"27,33";"82,11";"4,44";"348,33";"31,78";"35,0";"2,56";"33,33";"4,67";"2,0";"0,33";"18,78";"4146,15";"138,21";"705,61";"340,59";"33,8";"141,61";"6,59";"482,2";"40,39";"47,14";"3,64";"34,32";"5,37";"2,08";"0,35";"18,89";"4505,59";"150,19";"758,79";"304,53";"31,27";"93,93";"5,08";"398,46";"36,35";"40,04";"2,92";"38,13";"5,34";"2,29";"0,38";"21,48";"0,73";"4,4";"40,77"
"Muhamed Tehe Olawale";"T. Olawale";"1032970";"1999-02-20";"IFK Mariehamn";"5280";"FIN - Veikkausliiga";"323";"2025/2025";"128";"Wide Attacker";"88,08";"47,58";"19,41";"28,17";"3";"0";"10197,0";"115,77";"1567,67";"681,0";"73,33";"238,67";"12,67";"919,67";"86,0";"29,93";"29,93";"111,67";"10,0";"96,33";"17,33";"5,33";"0,65";"null";"1,33";"null";"null";"43,67";"2,08";"2,9";"10418,88";"115,77";"1601,78";"695,82";"74,93";"243,86";"12,94";"939,68";"87,87";"114,1";"10,22";"98,43";"17,71";"5,45";"1,36";"44,62";"8983,4";"149,72";"1801,47";"806,16";"84,48";"275,73";"15,13";"1081,89";"99,61";"101,3";"7,57";"76,92";"13,03";"2873,33";"148,03";"612,67";"292,67";"30,0";"115,0";"6,0";"407,67";"36,0";"35,0";"3,0";"23,0";"2,67";"2,0";"0,67";"16,67";"4251,0";"150,89";"816,0";"346,67";"37,0";"103,67";"6,0";"450,33";"43,0";"45,33";"3,0";"38,0";"7,67";"1,33";"0,33";"24,0";"4440,76";"148,03";"946,88";"452,32";"46,37";"177,73";"9,27";"630,05";"55,64";"54,09";"4,64";"35,55";"4,12";"3,09";"1,03";"25,76";"4526,8";"150,89";"868,94";"369,16";"39,4";"110,39";"6,39";"479,55";"45,79";"48,27";"3,19";"40,47";"8,16";"1,42";"0,35";"25,56";"1,26";"4,2";"51,28"
"Anttoni  Huttunen";"A. Huttunen";"1032971";"2001-12-17";"IFK Mariehamn";"5280";"FIN - Veikkausliiga";"323";"2025/2025";"128";"Midfield";"62,38";"38,98";"16,5";"22,48";"4";"0";"8292,5";"132,93";"1377,25";"374,0";"31,25";"85,5";"4,0";"459,5";"35,25";"27,38";"27,38";"79,25";"2,75";"69,5";"5,75";"2,0";"0,91";"null";"0,0";"null";"null";"26,5";"2,17";"3,28";"11963,53";"132,93";"1986,95";"539,57";"45,08";"123,35";"5,77";"662,92";"50,85";"114,33";"3,97";"100,27";"8,3";"2,89";"0,0";"38,23";"9689,53";"161,49";"1951,22";"556,78";"44,25";"127,75";"5,0";"684,52";"49,25";"95,04";"1,92";"73,49";"7,31";"2662,25";"161,35";"508,0";"213,25";"18,5";"71,75";"2,5";"285,0";"21,0";"25,5";"1,0";"17,0";"2,5";"0,5";"0,0";"12,0";"3633,25";"161,6";"759,75";"148,5";"10,25";"11,25";"0,75";"159,75";"11,0";"36,25";"0,25";"30,75";"2,25";"0,25";"0,0";"12,5";"4840,45";"161,35";"923,64";"387,73";"33,64";"130,45";"4,55";"518,18";"38,18";"46,36";"1,82";"30,91";"4,55";"0,91";"0,0";"21,82";"4847,92";"161,6";"1013,75";"198,15";"13,68";"15,01";"1,0";"213,16";"14,68";"48,37";"0,33";"41,03";"3,0";"0,33";"0,0";"16,68";"0,0";"1,15";"37,71"
"Anttoni  Huttunen";"A. Huttunen";"1032971";"2001-12-17";"IFK Mariehamn";"5280";"FIN - Veikkausliiga";"323";"2026/2026";"130";"Midfield";"75,63";"44,42";"19,75";"24,66";"4";"0";"10154,5";"134,26";"1938,25";"678,75";"52,5";"117,0";"7,5";"795,75";"60,0";"26,52";"26,52";"100,25";"3,25";"90,5";"9,0";"2,75";"0,81";"null";"0,5";"null";"null";"37,5";"2,01";"3,13";"12083,36";"134,26";"2306,42";"807,68";"62,47";"139,22";"8,92";"946,9";"71,4";"119,29";"3,87";"107,69";"10,71";"3,27";"0,59";"44,62";"10049,27";"167,49";"2311,63";"860,49";"64,17";"138,46";"9,46";"998,95";"73,62";"99,29";"2,36";"82,06";"8,11";"3125,75";"158,23";"645,25";"214,25";"18,0";"42,5";"3,25";"256,75";"21,25";"30,5";"0,75";"23,0";"2,25";"0,75";"0,0";"12,5";"4313,5";"174,9";"1066,0";"422,75";"29,5";"60,0";"3,75";"482,75";"33,25";"43,0";"1,0";"37,75";"3,75";"0,75";"0,0";"22,75";"4746,97";"158,23";"979,92";"325,37";"27,34";"64,54";"4,94";"389,92";"32,27";"46,32";"1,14";"34,93";"3,42";"1,14";"0,0";"18,98";"5247,03";"174,9";"1296,71";"514,24";"35,88";"72,99";"4,56";"587,23";"40,45";"52,31";"1,22";"45,92";"4,56";"0,91";"0,0";"27,67";"0,0";"2,03";"47,62"
"Anttoni  Huttunen";"A. Huttunen";"1032971";"2001-12-17";"IFK Mariehamn";"5280";"FIN - Veikkausliiga";"323";"2025/2025";"128";"Wide Attacker";"90,86";"52,14";"21,21";"30,93";"11";"2";"11250,82";"123,83";"1727,0";"631,0";"57,0";"189,36";"10,36";"820,36";"67,36";"28,57";"29,5";"106,64";"6,36";"89,91";"14,55";"4,27";"0,61";"0,7";"0,91";"1,34";"1,69";"39,36";"1,98";"2,86";"11144,63";"123,83";"1710,7";"625,04";"56,46";"187,58";"10,27";"812,62";"66,73";"105,63";"6,3";"89,06";"14,41";"4,23";"0,9";"38,99";"9195,69";"153,26";"1770,65";"666,52";"58,8";"199,3";"10,46";"865,82";"69,26";"91,65";"5,54";"70,3";"10,04";"3314,91";"156,32";"649,45";"272,73";"24,36";"98,45";"5,36";"371,18";"29,73";"34,55";"2,09";"21,09";"3,18";"1,36";"0,27";"16,45";"4675,82";"151,17";"889,18";"306,45";"26,73";"74,73";"3,73";"381,18";"30,45";"45,09";"2,73";"40,0";"5,55";"1,55";"0,27";"19,73";"4689,57";"156,32";"918,78";"385,82";"34,47";"139,28";"7,59";"525,11";"42,05";"48,87";"2,96";"29,84";"4,5";"1,93";"0,39";"23,28";"4534,96";"151,17";"862,4";"297,22";"25,92";"72,48";"3,61";"369,7";"29,54";"43,73";"2,65";"38,8";"5,38";"1,5";"0,26";"19,13";"0,63";"3,35";"41,64"
"Daniel Enqvist";"D. Enqvist";"1032972";"2001-09-17";"IFK Mariehamn";"5280";"FIN - Veikkausliiga";"323";"2025/2025";"128";"Full Back";"87,95";"50,96";"21,78";"29,18";"19";"2";"10277,53";"116,85";"1464,84";"676,11";"62,11";"272,05";"14,11";"948,16";"76,21";"29,49";"31,1";"112,53";"7,0";"98,0";"15,68";"4,53";"0,56";"0,56";"0,95";"1,36";"1,37";"28,05";"1,99";"2,91";"10516,66";"116,85";"1498,93";"691,84";"63,55";"278,38";"14,43";"970,22";"77,98";"115,14";"7,16";"100,28";"16,05";"4,63";"0,97";"28,71";"8662,6";"144,38";"1501,95";"733,66";"65,06";"302,26";"14,5";"1035,92";"79,56";"97,66";"5,45";"73,99";"10,84";"3239,95";"148,77";"562,58";"304,74";"27,21";"154,53";"7,05";"459,26";"34,26";"33,63";"2,16";"24,63";"4,21";"1,37";"0,37";"9,0";"4117,95";"141,1";"713,16";"318,42";"28,05";"102,21";"5,26";"420,63";"33,32";"49,32";"2,47";"38,21";"5,0";"1,47";"0,26";"16,89";"4462,95";"148,77";"774,94";"419,77";"37,48";"212,86";"9,71";"632,62";"47,2";"46,33";"2,97";"33,93";"5,8";"1,88";"0,51";"12,4";"4233,06";"141,1";"733,09";"327,32";"28,84";"105,07";"5,41";"432,39";"34,25";"50,69";"2,54";"39,28";"5,14";"1,51";"0,27";"17,37";"0,74";"3,35";"30,49"
"Hugo Alexandre Santos Cardoso";"Hugo Cardoso";"1032973";"1999-04-11";"IFK Mariehamn";"5280";"FIN - Veikkausliiga";"323";"2025/2025";"128";"Wide Attacker";"91,43";"54,01";"21,11";"32,9";"9";"3";"10547,33";"115,36";"1433,78";"530,89";"54,22";"193,44";"11,11";"724,33";"65,33";"28,89";"29,54";"107,44";"8,0";"90,56";"20,44";"6,0";"0,67";"0,67";"1,33";"1,23";"1,23";"41,89";"2,11";"2,78";"10382,41";"115,36";"1411,36";"522,59";"53,37";"190,42";"10,94";"713,01";"64,31";"105,76";"7,87";"89,14";"20,12";"5,91";"1,31";"41,23";"8451,51";"140,86";"1442,2";"549,97";"52,7";"192,54";"10,49";"742,51";"63,19";"87,51";"5,92";"66,52";"13,45";"3037,0";"143,83";"536,0";"225,78";"22,78";"92,0";"5,56";"317,78";"28,33";"35,11";"2,67";"22,11";"4,78";"2,33";"0,44";"18,89";"4571,44";"138,95";"762,33";"269,33";"24,67";"81,33";"3,89";"350,67";"28,56";"43,67";"2,67";"37,78";"7,33";"1,67";"0,56";"20,33";"4314,98";"143,83";"761,55";"320,79";"32,36";"130,71";"7,89";"451,5";"40,26";"49,89";"3,79";"31,42";"6,79";"3,32";"0,63";"26,84";"4168,49";"138,95";"695,14";"245,59";"22,49";"74,16";"3,55";"319,76";"26,04";"39,82";"2,43";"34,45";"6,69";"1,52";"0,51";"18,54";"1,11";"4,44";"43,57"
"Michael Fonsell";"M. Fonsell";"1032974";"2003-07-26";"IFK Mariehamn";"5280";"FIN - Veikkausliiga";"323";"2025/2025";"128";"Central Defender";"84,65";"48,7";"19,79";"28,91";"9";"2";"8807,67";"104,05";"1023,22";"288,33";"27,22";"68,56";"3,67";"356,89";"30,89";"27,66";"28,5";"93,33";"4,11";"77,44";"8,11";"1,78";"0,82";"0,87";"0,44";"1,52";"null";"16,0";"2,17";"2,92";"9364,12";"104,05";"1087,87";"306,55";"28,94";"72,89";"3,9";"379,44";"32,84";"99,23";"4,37";"82,34";"8,62";"1,89";"0,47";"17,01";"7751,77";"129,2";"1082,6";"315,92";"28,2";"76,79";"3,29";"392,71";"31,48";"84,18";"3,56";"66,52";"5,06";"2583,11";"130,5";"367,22";"71,0";"5,89";"11,11";"0,44";"82,11";"6,33";"25,89";"1,11";"20,44";"1,78";"0,33";"0,11";"3,78";"3709,22";"128,31";"511,56";"185,44";"17,0";"51,22";"2,22";"236,67";"19,22";"42,44";"1,78";"33,56";"2,33";"0,67";"0,22";"9,89";"3914,9";"130,5";"556,55";"107,61";"8,93";"16,84";"0,67";"124,45";"9,6";"39,24";"1,68";"30,99";"2,69";"0,51";"0,17";"5,73";"3849,17";"128,31";"530,86";"192,44";"17,64";"53,15";"2,31";"245,6";"19,95";"44,05";"1,84";"34,82";"2,42";"0,69";"0,23";"10,26";"0,41";"1,23";"16,84"
"Leo Andersson";"L. Andersson";"1032977";"2004-06-11";"IFK Mariehamn";"5280";"FIN - Veikkausliiga";"323";"2025/2025";"128";"Center Forward";"45,5";"28,22";"13,66";"14,56";"4";"0";"5935,75";"130,46";"1096,5";"428,0";"40,25";"105,25";"6,75";"533,25";"47,0";"28,27";"28,27";"61,25";"3,75";"51,25";"10,25";"2,0";"0,81";"null";"0,25";"null";"null";"25,25";"2,13";"null";"11741,04";"130,46";"2168,9";"846,59";"79,62";"208,19";"13,35";"1054,78";"92,97";"121,15";"7,42";"101,37";"20,27";"3,96";"0,49";"49,95";"9646,6";"160,78";"2133,53";"864,79";"81,32";"198,26";"12,23";"1063,04";"93,55";"102,58";"6,38";"73,88";"16,48";"2152,0";"157,51";"453,25";"194,0";"18,75";"50,75";"3,5";"244,75";"22,25";"25,0";"2,0";"16,25";"3,75";"1,5";"0,0";"10,0";"2385,25";"163,84";"550,25";"212,75";"19,5";"42,5";"2,25";"255,25";"21,75";"23,25";"1,0";"18,5";"4,0";"0,25";"0,25";"14,25";"4725,34";"157,51";"995,24";"425,98";"41,17";"111,44";"7,69";"537,42";"48,86";"54,89";"4,39";"35,68";"8,23";"3,29";"0,0";"21,96";"4915,23";"163,84";"1133,89";"438,41";"40,18";"87,58";"4,64";"525,99";"44,82";"47,91";"2,06";"38,12";"8,24";"0,52";"0,52";"29,36";"0,53";"3,72";"51,56"
"Leo Andersson";"L. Andersson";"1032977";"2004-06-11";"IFK Mariehamn";"5280";"FIN - Veikkausliiga";"323";"2026/2026";"130";"Center Forward";"65,68";"38,55";"16,89";"21,65";"6";"0";"8327,17";"126,78";"1560,67";"539,17";"48,5";"136,67";"7,83";"675,83";"56,33";"28,73";"29,08";"91,17";"6,17";"77,67";"12,5";"3,67";"0,74";"null";"1,17";"1,64";"null";"37,83";"2,05";"null";"11410,45";"126,78";"2138,53";"738,8";"66,46";"187,27";"10,73";"926,07";"77,19";"124,92";"8,45";"106,42";"17,13";"5,02";"1,6";"51,84";"9636,49";"160,61";"2236,22";"787,61";"69,53";"173,81";"10,38";"961,42";"79,9";"101,43";"6,49";"80,16";"12,71";"2579,83";"152,7";"551,83";"230,83";"20,83";"55,5";"3,5";"286,33";"24,33";"30,33";"2,0";"20,33";"2,83";"1,0";"0,17";"16,33";"3611,17";"166,78";"884,83";"275,17";"23,83";"56,17";"3,17";"331,33";"27,0";"34,83";"2,17";"31,17";"5,33";"1,17";"0,33";"19,5";"4581,09";"152,7";"979,91";"409,9";"36,99";"98,55";"6,22";"508,45";"43,21";"53,86";"3,55";"36,11";"5,03";"1,78";"0,3";"29,0";"5003,28";"166,78";"1225,94";"381,24";"33,02";"77,82";"4,39";"459,06";"37,41";"48,26";"3,0";"43,18";"7,39";"1,62";"0,46";"27,02";"0,78";"3,37";"55,78"
"Chukwuemeka Emmanuel Okereke";"E. Okereke";"1032978";"2003-07-30";"Vaasan Palloseura";"3603";"FIN - Veikkausliiga";"323";"2026/2026";"130";"Central Defender";"97,65";"49,85";"23,06";"26,79";"8";"0";"11012,25";"112,77";"1670,5";"542,88";"43,62";"178,38";"7,88";"721,25";"51,5";"28,79";"29,68";"107,88";"5,25";"87,0";"10,88";"1,75";"0,84";"null";"0,38";"null";"null";"27,75";"1,95";"2,74";"10149,32";"112,77";"1539,6";"500,33";"40,21";"164,4";"7,26";"664,73";"47,46";"99,42";"4,84";"80,18";"10,02";"1,61";"0,35";"25,58";"8833,45";"147,22";"1644,43";"553,96";"46,79";"187,76";"7,52";"741,73";"54,31";"90,12";"4,21";"67,85";"6,92";"3289,25";"142,64";"538,88";"144,88";"11,75";"46,5";"2,0";"191,38";"13,75";"26,0";"1,38";"20,75";"2,25";"0,12";"0,0";"5,12";"4049,88";"151,17";"827,38";"315,38";"27,12";"109,5";"4,25";"424,88";"31,38";"48,88";"2,12";"35,62";"3,5";"0,75";"0,25";"19,25";"4279,09";"142,64";"701,04";"188,47";"15,29";"60,49";"2,6";"248,97";"17,89";"33,82";"1,79";"26,99";"2,93";"0,16";"0,0";"6,67";"4535,2";"151,17";"926,53";"353,17";"30,38";"122,62";"4,76";"475,79";"35,13";"54,73";"2,38";"39,89";"3,92";"0,84";"0,28";"21,56";"0,3";"1,05";"29,34"
"Chukwuemeka Emmanuel Okereke";"E. Okereke";"1032978";"2003-07-30";"IFK Mariehamn";"5280";"FIN - Veikkausliiga";"323";"2025/2025";"128";"Central Defender";"92,55";"53,39";"22,35";"31,04";"17";"1";"9662,24";"104,4";"1091,18";"334,41";"32,76";"104,71";"5,35";"439,12";"38,12";"28,69";"30,84";"101,35";"5,0";"83,94";"10,06";"3,29";"0,61";"0,68";"0,59";"1,63";"1,63";"22,29";"2,0";"2,7";"9396,11";"104,4";"1061,12";"325,2";"31,86";"101,82";"5,21";"427,02";"37,07";"98,56";"4,86";"81,63";"9,78";"3,2";"0,57";"21,68";"7798,5";"129,98";"1055,86";"331,48";"31,93";"110,54";"4,76";"442,02";"36,69";"81,85";"3,44";"63,33";"6,02";"2840,12";"127,1";"347,35";"83,53";"8,0";"32,06";"1,12";"115,59";"9,12";"24,06";"1,29";"18,88";"2,0";"0,35";"0,06";"6,06";"4098,76";"132,04";"592,12";"211,41";"20,41";"66,29";"3,12";"277,71";"23,53";"48,76";"1,76";"37,47";"3,35";"1,06";"0,24";"12,94";"3813,07";"127,1";"466,35";"112,14";"10,74";"43,04";"1,5";"155,19";"12,24";"32,3";"1,74";"25,35";"2,69";"0,47";"0,08";"8,13";"3961,28";"132,04";"572,26";"204,32";"19,73";"64,07";"3,01";"268,39";"22,74";"47,13";"1,71";"36,21";"3,24";"1,02";"0,23";"12,51";"0,33";"1,59";"21,35"
"Emir El Kathemi";"E. El Kathemi";"1032983";"2006-07-04";"IFK Mariehamn";"5280";"FIN - Veikkausliiga";"323";"2025/2025";"128";"Full Back";"51,37";"31,8";"14,37";"17,43";"4";"0";"6113,25";"119,0";"855,25";"366,75";"34,25";"160,0";"7,5";"526,75";"41,75";"30,3";"30,3";"72,0";"4,0";"58,25";"11,75";"4,0";"0,78";"0,89";"2,25";"1,42";"1,89";"20,0";"2,24";"2,97";"10710,21";"119,0";"1498,37";"642,53";"60,0";"280,31";"13,14";"922,85";"73,14";"126,14";"7,01";"102,05";"20,59";"7,01";"3,94";"35,04";"8535,38";"142,26";"1414,62";"618,87";"54,25";"259,43";"10,85";"878,3";"65,09";"97,64";"4,72";"69,81";"12,26";"1949,5";"135,66";"296,5";"133,75";"13,0";"95,0";"3,25";"228,75";"16,25";"21,5";"1,25";"16,0";"2,75";"1,25";"0,75";"4,75";"2574,25";"147,7";"453,25";"194,25";"15,75";"42,5";"2,5";"236,75";"18,25";"30,25";"1,25";"21,0";"3,75";"1,0";"0,5";"14,0";"4069,7";"135,66";"618,96";"279,21";"27,14";"198,32";"6,78";"477,53";"33,92";"44,88";"2,61";"33,4";"5,74";"2,61";"1,57";"9,92";"4430,93";"147,7";"780,16";"334,35";"27,11";"73,15";"4,3";"407,51";"31,41";"52,07";"2,15";"36,15";"6,45";"1,72";"0,86";"24,1";"2,36";"4,25";"35,38"
"Armend Kabashi";"A. Kabashi";"1032985";"1995-12-04";"IF Gnistan";"5281";"FIN - Veikkausliiga";"323";"2025/2025";"128";"Midfield";"78,72";"40,26";"16,92";"23,34";"11";"2";"8903,27";"113,11";"1180,09";"285,27";"24,82";"35,27";"2,45";"320,55";"27,27";"25,57";"26,52";"89,36";"2,73";"80,18";"7,09";"1,55";"0,73";"0,92";"0,27";"null";"null";"20,0";"2,01";"3,2";"10179,67";"113,11";"1349,27";"326,17";"28,38";"40,33";"2,81";"366,5";"31,18";"102,18";"3,12";"91,68";"8,11";"1,77";"0,31";"22,87";"9055,41";"150,92";"1606,4";"396,01";"33,33";"50,67";"1,9";"446,68";"35,23";"87,66";"1,76";"73,16";"6,77";"2436,45";"144,01";"339,0";"42,36";"4,82";"5,73";"0,09";"48,09";"4,91";"22,91";"0,91";"17,82";"2,09";"0,0";"0,0";"4,91";"3639,82";"155,93";"738,91";"223,36";"17,55";"28,27";"1,18";"251,64";"18,73";"35,91";"0,27";"31,27";"2,45";"0,18";"0,0";"12,91";"4320,42";"144,01";"601,13";"75,12";"8,54";"10,16";"0,16";"85,28";"8,7";"40,62";"1,61";"31,6";"3,71";"0,0";"0,0";"8,7";"4677,94";"155,93";"949,66";"287,07";"22,55";"36,34";"1,52";"323,41";"24,07";"46,15";"0,35";"40,19";"3,15";"0,23";"0,0";"16,59";"0,0";"0,27";"26,55"
"Saku Heiskanen";"S. Heiskanen";"1032986";"2001-09-29";"IF Gnistan";"5281";"FIN - Veikkausliiga";"323";"2025/2025";"128";"Full Back";"94,17";"49,64";"23,04";"26,59";"9";"0";"10832,67";"115,03";"1573,0";"723,78";"68,78";"253,78";"14,89";"977,56";"83,67";"29,3";"30,24";"122,22";"7,0";"107,56";"16,22";"5,33";"0,66";"0,73";"1,78";"1,24";"1,37";"36,11";"2,12";"2,85";"10353,14";"115,03";"1503,37";"691,74";"65,73";"242,54";"14,23";"934,28";"79,96";"116,81";"6,69";"102,79";"15,5";"5,1";"1,7";"34,51";"8820,24";"147,0";"1622,65";"791,72";"72,52";"277,6";"15,85";"1069,32";"88,37";"103,14";"5,78";"79,91";"11,28";"3407,78";"147,88";"627,33";"307,44";"28,0";"105,89";"7,11";"413,33";"35,11";"36,44";"2,33";"27,11";"3,33";"1,56";"0,78";"12,67";"3889,33";"146,25";"715,11";"347,56";"32,0";"123,78";"6,0";"471,33";"38,0";"48,89";"2,44";"39,0";"6,0";"1,89";"0,67";"20,0";"4436,35";"147,88";"816,68";"400,24";"36,45";"137,85";"9,26";"538,09";"45,71";"47,44";"3,04";"35,29";"4,34";"2,03";"1,01";"16,49";"4387,38";"146,25";"806,68";"392,06";"36,1";"139,63";"6,77";"531,69";"42,87";"55,15";"2,76";"43,99";"6,77";"2,13";"0,75";"22,56";"1,75";"4,16";"39,49"
"Saku Heiskanen";"S. Heiskanen";"1032986";"2001-09-29";"IF Gnistan";"5281";"FIN - Veikkausliiga";"323";"2025/2025";"128";"Midfield";"78,28";"39,04";"17,27";"21,77";"8";"1";"9224,25";"117,84";"1560,5";"502,75";"45,38";"146,75";"8,0";"649,5";"53,38";"28,5";"29,48";"96,62";"4,12";"86,75";"9,62";"2,88";"0,65";"0,65";"0,5";"1,57";"null";"30,38";"2,07";"3,07";"10605,69";"117,84";"1794,2";"578,04";"52,17";"168,73";"9,2";"746,77";"61,37";"111,1";"4,74";"99,74";"11,07";"3,31";"0,57";"34,92";"9681,71";"161,36";"2141,86";"700,25";"64,17";"211,32";"10,37";"911,57";"74,54";"101,63";"4,23";"83,18";"9,8";"2711,5";"157,04";"581,12";"160,62";"14,38";"40,38";"2,38";"201,0";"16,75";"27,62";"1,5";"21,88";"2,25";"0,5";"0,0";"9,88";"3588,0";"164,79";"812,5";"295,0";"27,38";"97,12";"4,38";"392,12";"31,75";"38,5";"1,25";"32,25";"4,12";"0,75";"0,0";"17,5";"4711,1";"157,04";"1009,68";"279,08";"24,98";"70,15";"4,13";"349,23";"29,1";"48,0";"2,61";"38,01";"3,91";"0,87";"0,0";"17,16";"4943,76";"164,79";"1119,51";"406,47";"37,72";"133,82";"6,03";"540,29";"43,75";"53,05";"1,72";"44,44";"5,68";"1,03";"0,0";"24,11";"0,0";"1,92";"42,07"
"Saku Heiskanen";"S. Heiskanen";"1032986";"2001-09-29";"IF Gnistan";"5281";"FIN - Veikkausliiga";"323";"2025/2025";"128";"Wide Attacker";"67,63";"34,88";"12,41";"22,47";"6";"1";"8015,17";"118,51";"1201,33";"453,67";"48,33";"175,33";"10,33";"629,0";"58,67";"29,33";"29,78";"83,33";"6,0";"70,0";"11,67";"4,83";"0,6";"0,64";"1,67";"1,1";"1,14";"27,33";"2,27";"2,78";"10665,82";"118,51";"1598,62";"603,7";"64,32";"233,32";"13,75";"837,01";"78,07";"110,89";"7,98";"93,15";"15,52";"6,43";"2,22";"36,37";"9154,25";"152,57";"1802,01";"711,05";"73,4";"274,1";"14,62";"985,15";"88,02";"106,37";"6,88";"76,84";"12,9";"1877,67";"151,36";"351,0";"162,5";"17,5";"78,33";"3,67";"240,83";"21,17";"24,17";"2,0";"14,33";"2,67";"1,67";"0,5";"10,33";"3443,67";"153,24";"696,5";"250,83";"25,17";"81,0";"4,83";"331,83";"30,0";"37,67";"2,0";"30,33";"4,83";"1,5";"0,5";"14,83";"4540,71";"151,36";"848,81";"392,97";"42,32";"189,43";"8,87";"582,4";"51,19";"58,44";"4,84";"34,66";"6,45";"4,03";"1,21";"24,99";"4597,23";"153,24";"929,81";"334,86";"33,6";"108,13";"6,45";"442,99";"40,05";"50,28";"2,67";"40,49";"6,45";"2,0";"0,67";"19,8";"1,72";"5,45";"43,29"
"Joakim Latonen";"J. Latonen";"1032987";"1998-02-24";"IF Gnistan";"5281";"FIN - Veikkausliiga";"323";"2025/2025";"128";"Center Forward";"78,73";"41,15";"18,28";"22,88";"11";"1";"8856,91";"112,5";"1288,18";"520,73";"50,27";"146,18";"9,45";"666,91";"59,73";"28,1";"28,92";"99,0";"6,09";"79,09";"14,0";"4,55";"0,67";"0,68";"1,45";"1,26";"null";"29,45";"2,03";"2,94";"10124,71";"112,5";"1472,58";"595,27";"57,47";"167,11";"10,81";"762,37";"68,28";"113,17";"6,96";"90,41";"16,0";"5,2";"1,66";"33,67";"8789,46";"146,49";"1674,02";"697,18";"66,01";"196,83";"10,74";"894,0";"76,74";"98,08";"5,43";"73,69";"12,59";"2714,18";"148,51";"539,0";"226,36";"22,82";"67,82";"4,36";"294,18";"27,18";"35,82";"2,09";"23,27";"4,09";"1,55";"0,64";"13,27";"3314,36";"144,88";"609,18";"251,82";"22,45";"67,18";"3,0";"319,0";"25,45";"31,45";"1,64";"27,27";"4,55";"0,91";"0,18";"13,45";"4455,38";"148,51";"884,78";"371,58";"37,46";"111,32";"7,16";"482,9";"44,62";"58,8";"3,43";"38,2";"6,72";"2,54";"1,04";"21,79";"4346,27";"144,88";"798,85";"330,22";"29,45";"88,1";"3,93";"418,32";"33,38";"41,25";"2,15";"35,76";"5,96";"1,19";"0,24";"17,64";"1,19";"3,58";"38,97"
"Joakim Latonen";"J. Latonen";"1032987";"1998-02-24";"IF Gnistan";"5281";"FIN - Veikkausliiga";"323";"2026/2026";"130";"Center Forward";"85,79";"41,13";"17,74";"23,39";"4";"0";"9565,5";"111,5";"1435,0";"582,0";"53,75";"176,5";"8,75";"758,5";"62,5";"28,23";"28,23";"102,25";"8,0";"89,25";"13,0";"5,25";"0,89";"null";"0,75";"null";"null";"38,25";"2,06";"3,11";"10035,2";"111,5";"1505,46";"610,58";"56,39";"185,17";"9,18";"795,75";"65,57";"107,27";"8,39";"93,63";"13,64";"5,51";"0,79";"40,13";"9198,74";"153,31";"1878,4";"781,85";"72,93";"242,87";"10,21";"1024,72";"83,14";"94,45";"6,56";"74,03";"11,67";"2843,25";"160,26";"616,25";"290,0";"25,25";"76,25";"2,25";"366,25";"27,5";"34,25";"2,5";"21,5";"3,5";"1,5";"0,5";"19,25";"3463,0";"148,04";"671,5";"246,0";"24,75";"90,25";"4,75";"336,25";"29,5";"30,5";"2,0";"29,25";"4,5";"0,75";"0,0";"17,25";"4807,75";"160,26";"1042,04";"490,37";"42,7";"128,93";"3,8";"619,3";"46,5";"57,91";"4,23";"36,36";"5,92";"2,54";"0,85";"32,55";"4441,33";"148,04";"861,2";"315,5";"31,74";"115,75";"6,09";"431,24";"37,83";"39,12";"2,57";"37,51";"5,77";"0,96";"0,0";"22,12";"0,73";"3,28";"53,24"
"Joakim Latonen";"J. Latonen";"1032987";"1998-02-24";"IF Gnistan";"5281";"FIN - Veikkausliiga";"323";"2025/2025";"128";"Midfield";"77,59";"40,09";"17,75";"22,34";"4";"0";"8890,0";"114,58";"1302,75";"480,75";"43,0";"103,75";"7,0";"584,5";"50,0";"27,52";"27,52";"90,25";"5,0";"81,75";"10,0";"4,0";"0,8";"null";"0,0";"null";"null";"31,5";"2,23";"null";"10312,23";"114,58";"1511,16";"557,66";"49,88";"120,35";"8,12";"678,01";"58,0";"104,69";"5,8";"94,83";"11,6";"4,64";"0,0";"36,54";"9070,91";"151,18";"1728,72";"683,26";"60,62";"148,18";"8,61";"831,43";"69,22";"93,92";"4,86";"80,45";"8,23";"2667,75";"150,33";"495,25";"195,75";"17,75";"57,25";"2,75";"253,0";"20,5";"29,0";"1,75";"26,0";"2,5";"1,5";"0,0";"10,0";"3392,75";"151,86";"659,75";"260,75";"22,75";"41,75";"3,0";"302,5";"25,75";"33,75";"1,5";"27,75";"3,0";"1,0";"0,0";"18,5";"4509,93";"150,33";"837,24";"330,92";"30,01";"96,78";"4,65";"427,71";"34,66";"49,03";"2,96";"43,95";"4,23";"2,54";"0,0";"16,91";"4555,73";"151,86";"885,9";"350,13";"30,55";"56,06";"4,03";"406,19";"34,58";"45,32";"2,01";"37,26";"4,03";"1,34";"0,0";"24,84";"0,0";"3,74";"42,66"
"Joakim Latonen";"J. Latonen";"1032987";"1998-02-24";"IF Gnistan";"5281";"FIN - Veikkausliiga";"323";"2025/2025";"128";"Wide Attacker";"75,6";"40,32";"17,5";"22,81";"6";"2";"8479,33";"112,16";"1221,33";"490,0";"47,33";"140,67";"8,5";"630,67";"55,83";"29,17";"29,68";"97,83";"7,33";"75,83";"20,5";"5,0";"0,68";"0,65";"0,67";"null";"1,58";"31,67";"1,96";"2,69";"10094,44";"112,16";"1453,97";"583,33";"56,35";"167,46";"10,12";"750,79";"66,47";"116,47";"8,73";"90,28";"24,4";"5,95";"0,79";"37,7";"8765,85";"146,1";"1617,94";"677,64";"63,5";"195,95";"10,91";"873,58";"74,41";"99,96";"6,7";"71,68";"16,37";"2519,67";"143,96";"454,0";"217,17";"22,17";"83,0";"4,67";"300,17";"26,83";"32,5";"2,5";"21,67";"4,67";"2,0";"0,5";"13,0";"3370,5";"147,74";"633,17";"238,17";"20,5";"48,67";"2,67";"286,83";"23,17";"34,67";"2,0";"26,5";"6,33";"1,0";"0,0";"15,17";"4318,74";"143,96";"778,16";"372,23";"37,99";"142,26";"8,0";"514,49";"45,99";"55,71";"4,29";"37,14";"8,0";"3,43";"0,86";"22,28";"4432,17";"147,74";"832,61";"313,19";"26,96";"64,0";"3,51";"377,18";"30,46";"45,59";"2,63";"34,85";"8,33";"1,31";"0,0";"19,94";"0,74";"4,46";"41,92"
"Joakim Latonen";"J. Latonen";"1032987";"1998-02-24";"IF Gnistan";"5281";"FIN - Veikkausliiga";"323";"2026/2026";"130";"Wide Attacker";"84,12";"47,04";"20,58";"26,46";"3";"0";"10235,33";"121,67";"1772,67";"717,33";"63,0";"151,0";"11,33";"868,33";"74,33";"27,37";"27,37";"117,33";"6,67";"96,67";"16,67";"4,67";"0,82";"null";"0,67";"null";"null";"46,33";"2,26";"null";"10950,5";"121,67";"1896,53";"767,45";"67,4";"161,55";"12,13";"929,01";"79,53";"125,53";"7,13";"103,42";"17,83";"4,99";"0,71";"49,57";"9385,43";"156,42";"2060,42";"858,44";"74,83";"184,95";"12,33";"1043,39";"87,16";"102,04";"5,95";"79,08";"12,76";"3193,33";"155,14";"684,33";"333,0";"26,33";"82,67";"5,0";"415,67";"31,33";"39,0";"3,0";"27,67";"4,33";"2,33";"0,33";"20,0";"4164,67";"157,42";"931,0";"340,0";"32,33";"62,33";"4,67";"402,33";"37,0";"41,0";"1,67";"34,33";"5,67";"0,67";"0,33";"21,33";"4654,25";"155,14";"997,41";"485,34";"38,38";"120,49";"7,29";"605,83";"45,67";"56,84";"4,37";"40,32";"6,32";"3,4";"0,49";"29,15";"4722,64";"157,42";"1055,73";"385,55";"36,67";"70,68";"5,29";"456,24";"41,96";"46,49";"1,89";"38,93";"6,43";"0,76";"0,38";"24,19";"0,85";"3,83";"52,72"
"Gabriel Europaeus";"G. Europaeus";"1032990";"2005-05-14";"IF Gnistan";"5281";"FIN - Veikkausliiga";"323";"2025/2025";"128";"Full Back";"80,48";"44,42";"20,15";"24,27";"4";"0";"10091,0";"125,39";"1782,75";"628,0";"58,0";"176,75";"9,0";"804,75";"67,0";"28,62";"28,62";"121,75";"7,5";"102,75";"17,5";"4,25";"0,68";"0,74";"1,25";"1,71";"null";"43,25";"2,18";"3,0";"11284,78";"125,39";"1993,65";"702,29";"64,86";"197,66";"10,06";"899,95";"74,93";"136,15";"8,39";"114,91";"19,57";"4,75";"1,4";"48,37";"9609,12";"160,15";"2127,18";"772,2";"69,56";"225,21";"11,14";"997,41";"80,7";"115,81";"5,74";"86,44";"12,16";"3233,5";"160,47";"742,25";"205,75";"20,5";"56,5";"3,25";"262,25";"23,75";"37,5";"2,0";"28,75";"3,25";"1,25";"0,5";"13,0";"3881,25";"159,89";"832,75";"366,0";"31,0";"110,25";"5,0";"476,25";"36,0";"48,25";"2,25";"35,25";"5,75";"1,75";"0,5";"26,25";"4814,14";"160,47";"1105,09";"306,33";"30,52";"84,12";"4,84";"390,45";"35,36";"55,83";"2,98";"42,8";"4,84";"1,86";"0,74";"19,35";"4796,6";"159,89";"1029,15";"452,32";"38,31";"136,25";"6,18";"588,57";"44,49";"59,63";"2,78";"43,56";"7,11";"2,16";"0,62";"32,44";"1,35";"4,05";"53,01"
"Gabriel Europaeus";"G. Europaeus";"1032990";"2005-05-14";"IF Gnistan";"5281";"FIN - Veikkausliiga";"323";"2025/2025";"128";"Midfield";"78,08";"41,66";"17,74";"23,91";"15";"0";"9672,67";"123,89";"1660,6";"525,73";"48,13";"142,47";"8,0";"668,2";"56,13";"28,77";"30,7";"104,33";"4,47";"92,53";"11,47";"3,2";"0,61";"0,66";"0,87";"1,29";"1,3";"41,27";"1,99";"2,68";"11149,97";"123,89";"1914,22";"606,03";"55,48";"164,23";"9,22";"770,25";"64,71";"120,27";"5,15";"106,67";"13,22";"3,69";"1,0";"47,57";"9915,51";"165,26";"2156,26";"698,3";"63,09";"194,64";"9,89";"892,94";"72,98";"106,11";"4,03";"84,02";"9,31";"2821,73";"159,05";"566,6";"113,93";"11,53";"26,8";"1,67";"140,73";"13,2";"27,07";"1,33";"22,2";"1,8";"0,93";"0,07";"11,4";"4062,2";"169,86";"930,4";"370,87";"32,27";"108,33";"5,2";"479,2";"37,47";"46,6";"1,47";"36,13";"4,67";"0,93";"0,4";"26,4";"4771,52";"159,05";"958,11";"192,66";"19,5";"45,32";"2,82";"237,98";"22,32";"45,77";"2,25";"37,54";"3,04";"1,58";"0,11";"19,28";"5095,92";"169,86";"1167,16";"465,24";"40,48";"135,9";"6,52";"601,14";"47,0";"58,46";"1,84";"45,33";"5,85";"1,17";"0,5";"33,12";"0,67";"2,69";"54,45"
"Gabriel Europaeus";"G. Europaeus";"1032990";"2005-05-14";"IF Gnistan";"5281";"FIN - Veikkausliiga";"323";"2026/2026";"130";"Midfield";"96,94";"51,04";"21,1";"29,94";"9";"0";"12035,44";"124,16";"2201,56";"701,89";"58,0";"134,78";"8,0";"836,67";"66,0";"27,5";"28,38";"124,33";"4,11";"108,22";"12,11";"2,44";"0,67";"0,75";"0,67";"1,49";"null";"48,0";"2,07";"2,65";"11174,37";"124,16";"2044,05";"651,67";"53,85";"125,14";"7,43";"776,81";"61,28";"115,44";"3,82";"100,48";"11,24";"2,27";"0,62";"44,57";"10054,37";"167,57";"2354,58";"757,12";"62,31";"143,82";"8,23";"900,95";"70,54";"101,11";"3,0";"80,86";"7,84";"3447,78";"163,4";"775,78";"174,67";"16,11";"32,0";"2,0";"206,67";"18,11";"32,11";"1,22";"26,22";"2,67";"0,44";"0,33";"14,11";"5104,33";"170,51";"1227,0";"469,33";"36,89";"90,33";"5,0";"559,67";"41,89";"53,89";"1,33";"42,56";"4,0";"0,89";"0,0";"30,67";"4902,05";"163,4";"1103,0";"248,34";"22,91";"45,5";"2,84";"293,84";"25,75";"45,66";"1,74";"37,28";"3,79";"0,63";"0,47";"20,06";"5115,39";"170,51";"1229,66";"470,35";"36,97";"90,53";"5,01";"560,88";"41,98";"54,01";"1,34";"42,65";"4,01";"0,89";"0,0";"30,73";"0,39";"1,57";"52,64"
"Vertti Hänninen";"V. Hänninen";"1032992";"2002-06-01";"IF Gnistan";"5281";"FIN - Veikkausliiga";"323";"2025/2025";"128";"Midfield";"60,9";"31,84";"14,33";"17,51";"7";"0";"7830,14";"128,56";"1503,43";"593,86";"45,57";"108,86";"5,86";"702,71";"51,43";"27,07";"27,54";"80,71";"3,29";"66,0";"10,43";"2,14";"0,79";"1,05";"0,43";"1,84";"null";"34,0";"2,15";"2,77";"11570,73";"128,56";"2221,64";"877,55";"67,34";"160,86";"8,66";"1038,41";"76,0";"119,27";"4,86";"97,53";"15,41";"3,17";"0,63";"50,24";"10212,34";"170,21";"2502,74";"1015,42";"76,99";"184,94";"10,23";"1200,36";"87,22";"101,76";"4,04";"77,26";"11,31";"2406,0";"167,92";"598,29";"214,86";"17,14";"41,0";"2,29";"255,86";"19,43";"21,86";"1,14";"16,14";"2,0";"0,43";"0,0";"13,0";"3013,43";"172,08";"729,86";"324,0";"23,71";"57,14";"3,14";"381,14";"26,86";"32,14";"1,0";"24,86";"4,0";"0,57";"0,0";"17,71";"5037,49";"167,92";"1252,64";"449,85";"35,89";"85,84";"4,79";"535,69";"40,68";"45,76";"2,39";"33,8";"4,19";"0,9";"0,0";"27,22";"5162,37";"172,08";"1250,33";"555,05";"40,63";"97,89";"5,38";"652,94";"46,01";"55,06";"1,71";"42,58";"6,85";"0,98";"0,0";"30,35";"0,0";"1,88";"57,88"
"Vertti Hänninen";"V. Hänninen";"1032992";"2002-06-01";"IF Gnistan";"5281";"FIN - Veikkausliiga";"323";"2025/2025";"128";"Wide Attacker";"57,21";"32,72";"14,2";"18,52";"3";"0";"7472,67";"130,62";"1363,0";"537,0";"46,0";"118,0";"8,33";"655,0";"54,33";"27,1";"27,1";"90,33";"4,33";"78,0";"12,0";"3,67";"0,89";"0,99";"1,67";"null";"null";"38,33";"2,29";"3,05";"11755,41";"130,62";"2144,16";"844,77";"72,36";"185,63";"13,11";"1030,39";"85,47";"142,11";"6,82";"122,7";"18,88";"5,77";"2,62";"60,3";"9922,31";"165,37";"2230,9";"919,25";"74,57";"188,25";"13,45";"1107,5";"88,01";"108,18";"3,67";"88,62";"11,61";"2392,33";"168,47";"525,33";"230,67";"22,0";"59,67";"4,0";"290,33";"26,0";"28,33";"1,67";"19,67";"2,0";"1,0";"0,33";"12,33";"3019,0";"162,99";"691,33";"270,67";"18,67";"43,0";"3,33";"313,67";"22,0";"30,67";"0,33";"28,67";"4,33";"0,0";"0,0";"22,0";"5054,23";"168,47";"1109,86";"487,32";"46,48";"126,06";"8,45";"613,38";"54,93";"59,86";"3,52";"41,55";"4,23";"2,11";"0,7";"26,06";"4889,8";"162,99";"1119,74";"438,39";"30,23";"69,65";"5,4";"508,04";"35,63";"49,67";"0,54";"46,43";"7,02";"0,0";"0,0";"35,63";"0,61";"1,83";"62,95"
"Pakwo Abdoul Rachide Gnanou";"P. Gnanou";"1032994";"2004-11-16";"IF Gnistan";"5281";"FIN - Veikkausliiga";"323";"2025/2025";"128";"Central Defender";"95,99";"49,87";"21,54";"28,34";"21";"3";"10086,57";"105,08";"1258,14";"425,86";"40,14";"123,71";"6,95";"549,57";"47,1";"29,15";"30,8";"104,05";"5,0";"83,43";"9,62";"3,76";"0,61";"0,65";"1,38";"1,27";"1,34";"24,57";"2,03";"2,72";"9457,26";"105,08";"1179,65";"399,29";"37,64";"116,0";"6,52";"515,28";"44,16";"97,56";"4,69";"78,22";"9,02";"3,53";"1,29";"23,04";"8216,55";"136,94";"1270,04";"453,19";"42,11";"136,23";"6,87";"589,42";"48,98";"83,7";"3,84";"62,96";"6,13";"2815,1";"130,72";"367,71";"91,52";"8,71";"23,38";"1,24";"114,9";"9,95";"23,1";"1,33";"18,52";"1,9";"0,48";"0,1";"5,52";"4014,86";"141,67";"688,0";"285,19";"26,29";"89,86";"4,48";"375,05";"30,76";"46,48";"1,86";"33,81";"3,19";"1,43";"0,48";"16,33";"3921,53";"130,72";"512,24";"127,5";"12,14";"32,57";"1,72";"160,07";"13,86";"32,17";"1,86";"25,8";"2,65";"0,66";"0,13";"7,69";"4250,19";"141,67";"728,33";"301,91";"27,83";"95,12";"4,74";"397,03";"32,57";"49,2";"1,97";"35,79";"3,38";"1,51";"0,5";"17,29";"0,69";"2,29";"26,29"
"Pakwo Abdoul Rachide Gnanou";"P. Gnanou";"1032994";"2004-11-16";"IF Gnistan";"5281";"FIN - Veikkausliiga";"323";"2026/2026";"130";"Central Defender";"90,9";"48,36";"19,62";"28,74";"9";"0";"9832,67";"108,17";"1271,11";"417,0";"38,11";"128,44";"6,78";"545,44";"44,89";"29,02";"30,18";"101,67";"4,44";"80,33";"9,78";"4,11";"0,64";"0,74";"1,56";"1,41";"null";"23,44";"2,11";"3,05";"9734,92";"108,17";"1258,47";"412,85";"37,73";"127,17";"6,71";"540,02";"44,44";"100,66";"4,4";"79,53";"9,68";"4,07";"1,54";"23,21";"8441,17";"140,69";"1355,19";"456,74";"40,95";"135,11";"6,48";"591,84";"47,42";"86,85";"3,72";"64,38";"7,17";"2731,22";"139,22";"402,78";"106,89";"9,22";"30,78";"1,67";"137,67";"10,89";"21,22";"1,33";"17,89";"1,67";"0,56";"0,33";"4,67";"4072,0";"141,69";"689,44";"261,22";"23,78";"78,11";"3,56";"339,33";"27,33";"48,78";"1,67";"34,0";"4,11";"1,56";"0,56";"16,11";"4176,5";"139,22";"615,91";"163,45";"14,1";"47,06";"2,55";"210,52";"16,65";"32,45";"2,04";"27,36";"2,55";"0,85";"0,51";"7,14";"4250,69";"141,69";"719,7";"272,69";"24,82";"81,54";"3,71";"354,22";"28,53";"50,92";"1,74";"35,49";"4,29";"1,62";"0,58";"16,82";"1,1";"2,62";"25,78"
"Johan Brunell";"J. Brunell";"1032996";"1991-05-29";"FF Jaro";"5282";"FIN - Veikkausliiga";"323";"2025/2025";"128";"Central Defender";"88,79";"46,54";"21,28";"25,26";"13";"1";"9473,92";"106,71";"1037,08";"345,77";"34,0";"90,0";"5,54";"435,77";"39,54";"27,59";"28,82";"92,69";"3,77";"76,62";"8,54";"2,38";"0,74";"0,8";"0,08";"null";"null";"22,62";"2,2";"2,96";"9603,47";"106,71";"1051,26";"350,5";"34,46";"91,23";"5,61";"441,73";"40,08";"93,96";"3,82";"77,66";"8,66";"2,42";"0,08";"22,92";"8280,53";"138,01";"1116,13";"390,06";"37,09";"106,12";"4,96";"496,18";"42,05";"79,04";"3,07";"61,59";"5,75";"2844,08";"133,66";"322,23";"65,54";"7,54";"13,85";"0,69";"79,38";"8,23";"20,69";"1,08";"16,77";"1,85";"0,54";"0,0";"5,0";"3578,46";"141,67";"543,46";"237,0";"21,23";"68,46";"3,15";"305,46";"24,38";"40,62";"1,31";"31,0";"2,62";"0,54";"0,0";"14,46";"4009,85";"133,66";"454,31";"92,4";"10,63";"19,52";"0,98";"111,92";"11,6";"29,17";"1,52";"23,64";"2,6";"0,76";"0,0";"7,05";"4250,13";"141,67";"645,47";"281,48";"25,22";"81,31";"3,75";"362,8";"28,96";"48,24";"1,55";"36,82";"3,11";"0,64";"0,0";"17,18";"0,0";"1,39";"25,09"
"Sergei Eremenko";"S. Eremenko";"1033000";"1999-01-06";"FF Jaro";"5282";"FIN - Veikkausliiga";"323";"2025/2025";"128";"Center Forward";"85,31";"51,73";"26,66";"25,07";"3";"0";"10369,33";"121,55";"1718,0";"639,33";"56,0";"69,33";"5,33";"708,67";"61,33";"25,53";"25,53";"113,33";"5,0";"103,67";"15,0";"2,33";"0,88";"null";"0,0";"null";"null";"31,67";"2,51";"null";"10939,26";"121,55";"1812,43";"674,47";"59,08";"73,14";"5,63";"747,62";"64,7";"119,56";"5,27";"109,36";"15,82";"2,46";"0,0";"33,41";"8993,23";"149,89";"1805,61";"695,56";"58,77";"75,01";"5,03";"770,57";"63,8";"100,53";"4,25";"80,03";"11,6";"3750,0";"140,65";"654,33";"230,33";"22,33";"31,0";"2,0";"261,33";"24,33";"45,0";"2,33";"33,67";"4,33";"0,67";"0,0";"12,67";"4003,33";"159,71";"902,33";"369,33";"28,33";"33,67";"2,33";"403,0";"30,67";"41,67";"1,33";"35,33";"5,67";"1,0";"0,0";"17,33";"4219,63";"140,65";"736,28";"259,18";"25,13";"34,88";"2,25";"294,06";"27,38";"50,64";"2,63";"37,88";"4,88";"0,75";"0,0";"14,25";"4791,22";"159,71";"1079,92";"442,02";"33,91";"40,29";"2,79";"482,31";"36,7";"49,87";"1,6";"42,29";"6,78";"1,2";"0,0";"20,74";"0,0";"1,93";"34,8"
"Sergei Eremenko";"S. Eremenko";"1033000";"1999-01-06";"IF Gnistan";"5281";"FIN - Veikkausliiga";"323";"2026/2026";"130";"Midfield";"67,05";"37,1";"14,6";"22,5";"6";"0";"8522,5";"127,11";"1644,67";"518,33";"42,5";"112,83";"5,83";"631,17";"48,33";"27,13";"27,52";"96,0";"2,17";"83,5";"8,17";"1,83";"0,8";"0,86";"0,33";"null";"null";"25,67";"2,1";"2,83";"11439,6";"127,11";"2207,61";"695,75";"57,05";"151,45";"7,83";"847,2";"64,88";"128,86";"2,91";"112,08";"10,96";"2,46";"0,45";"34,45";"10032,88";"167,21";"2450,13";"785,71";"61,73";"157,68";"7,55";"943,4";"69,27";"107,82";"2,43";"82,75";"8,63";"2373,33";"162,56";"550,83";"169,83";"12,33";"26,17";"1,17";"196,0";"13,5";"23,17";"0,67";"14,83";"1,67";"0,5";"0,0";"6,83";"3830,33";"170,24";"964,17";"316,0";"25,83";"71,33";"3,5";"387,33";"29,33";"43,5";"0,83";"36,33";"3,67";"0,67";"0,33";"17,17";"4876,71";"162,56";"1131,85";"348,97";"25,34";"53,77";"2,4";"402,74";"27,74";"47,6";"1,37";"30,48";"3,42";"1,03";"0,0";"14,04";"5107,11";"170,24";"1285,56";"421,33";"34,44";"95,11";"4,67";"516,44";"39,11";"58,0";"1,11";"48,44";"4,89";"0,89";"0,44";"22,89";"0,54";"1,89";"38,81"
"Sergei Eremenko";"S. Eremenko";"1033000";"1999-01-06";"FF Jaro";"5282";"FIN - Veikkausliiga";"323";"2025/2025";"128";"Midfield";"92,88";"49,94";"22,32";"27,62";"14";"1";"10956,29";"117,97";"1746,07";"588,71";"50,5";"104,36";"6,14";"693,07";"56,64";"26,83";"27,58";"118,07";"3,57";"106,5";"11,29";"2,0";"0,64";"0,87";"0,14";"null";"null";"31,29";"1,96";"2,83";"10616,99";"117,97";"1692,0";"570,48";"48,94";"101,13";"5,95";"671,61";"54,89";"114,41";"3,46";"103,2";"10,94";"1,94";"0,14";"30,32";"9159,53";"152,66";"1871,83";"654,78";"54,75";"116,2";"6,01";"770,97";"60,76";"98,43";"2,57";"81,53";"7,81";"3270,14";"146,48";"638,36";"196,64";"18,14";"41,07";"1,86";"237,71";"20,0";"34,21";"1,0";"26,57";"2,64";"0,5";"0,07";"9,64";"4353,71";"157,65";"919,64";"348,36";"27,43";"55,64";"3,14";"404,0";"30,57";"47,71";"1,14";"41,29";"3,86";"0,71";"0,0";"18,71";"4394,37";"146,48";"857,81";"264,25";"24,38";"55,19";"2,5";"319,44";"26,88";"45,98";"1,34";"35,71";"3,55";"0,67";"0,1";"12,96";"4729,65";"157,65";"999,05";"378,44";"29,8";"60,45";"3,41";"438,88";"33,21";"51,83";"1,24";"44,85";"4,19";"0,78";"0,0";"20,33";"0,09";"1,46";"34,07"
"Adam Vidjeskog";"A. Vidjeskog";"1033001";"1998-07-07";"FF Jaro";"5282";"FIN - Veikkausliiga";"323";"2025/2025";"128";"Midfield";"74,5";"39,63";"18,2";"21,43";"13";"0";"9439,62";"126,71";"1810,92";"560,85";"45,23";"93,23";"5,38";"654,08";"50,62";"26,81";"27,94";"103,31";"2,77";"89,31";"13,92";"1,92";"0,78";"0,83";"0,23";"null";"null";"39,92";"1,97";"2,76";"11403,95";"126,71";"2187,77";"677,56";"54,64";"112,63";"6,51";"790,19";"61,15";"124,81";"3,35";"107,89";"16,82";"2,32";"0,28";"48,23";"10051,54";"167,53";"2445,81";"778,39";"61,02";"132,18";"6,41";"910,57";"67,43";"107,49";"2,33";"81,52";"11,18";"2943,85";"161,72";"670,92";"183,23";"15,0";"32,92";"1,46";"216,15";"16,46";"29,77";"0,69";"23,62";"2,69";"0,38";"0,15";"12,0";"3695,54";"172,46";"944,62";"330,92";"25,31";"54,38";"2,77";"385,31";"28,08";"41,23";"0,85";"30,23";"4,69";"0,38";"0,0";"24,77";"4851,47";"161,72";"1105,68";"301,96";"24,72";"54,26";"2,41";"356,22";"27,13";"49,06";"1,14";"38,92";"4,44";"0,63";"0,25";"19,78";"5173,84";"172,46";"1322,48";"463,3";"35,43";"76,14";"3,88";"539,44";"39,31";"57,72";"1,18";"42,32";"6,57";"0,54";"0,0";"34,68";"0,23";"1,16";"55,67"
"Adam Vidjeskog";"A. Vidjeskog";"1033001";"1998-07-07";"FF Jaro";"5282";"FIN - Veikkausliiga";"323";"2026/2026";"130";"Midfield";"61,73";"35,8";"17,0";"18,79";"4";"0";"7993,25";"129,5";"1561,0";"468,75";"37,5";"48,25";"3,25";"517,0";"40,75";"25,62";"25,62";"85,0";"1,5";"76,25";"8,25";"0,5";"null";"null";"0,0";"null";"null";"33,0";"2,14";"2,99";"11654,8";"129,5";"2276,06";"683,48";"54,68";"70,35";"4,74";"753,83";"59,42";"123,94";"2,19";"111,18";"12,03";"0,73";"0,0";"48,12";"10060,81";"167,68";"2395,67";"743,8";"57,83";"77,52";"3,35";"821,32";"61,18";"98,06";"0,84";"82,97";"10,48";"2641,0";"155,31";"521,25";"110,5";"10,25";"20,25";"0,75";"130,75";"11,0";"29,5";"0,25";"23,5";"2,75";"0,0";"0,0";"10,0";"3361,25";"178,87";"908,0";"333,25";"24,25";"26,0";"1,25";"359,25";"25,5";"29,0";"0,25";"26,0";"3,5";"0,0";"0,0";"21,0";"4659,45";"155,31";"919,63";"194,95";"18,08";"35,73";"1,32";"230,68";"19,41";"52,05";"0,44";"41,46";"4,85";"0,0";"0,0";"17,64";"5366,08";"178,87";"1449,58";"532,02";"38,71";"41,51";"2,0";"573,53";"40,71";"46,3";"0,4";"41,51";"5,59";"0,0";"0,0";"33,53";"0,0";"0,0";"51,96"
"Jim Myrevik";"J. Myrevik";"1033002";"1996-01-20";"FF Jaro";"5282";"FIN - Veikkausliiga";"323";"2025/2025";"128";"Full Back";"78,85";"42,93";"19,16";"23,77";"15";"1";"9137,13";"115,88";"1290,33";"581,8";"54,27";"203,6";"11,33";"785,4";"65,6";"29,61";"30,48";"100,27";"5,8";"85,4";"14,33";"3,8";"0,61";"0,62";"1,6";"1,28";"1,29";"35,07";"1,94";"2,79";"10429,49";"115,88";"1472,84";"664,09";"61,94";"232,4";"12,94";"896,49";"74,88";"114,45";"6,62";"97,48";"16,36";"4,34";"1,83";"40,03";"8784,98";"146,42";"1544,91";"741,0";"65,88";"260,92";"13,98";"1001,92";"79,86";"97,84";"5,78";"73,43";"11,46";"2791,0";"145,68";"500,33";"243,53";"21,13";"93,87";"4,53";"337,4";"25,67";"29,2";"2,13";"22,27";"3,93";"1,4";"0,6";"11,87";"3494,0";"147,01";"604,93";"286,6";"26,0";"92,8";"5,47";"379,4";"31,47";"40,8";"2,0";"30,27";"4,27";"1,2";"0,33";"19,73";"4370,3";"145,68";"783,45";"381,34";"33,09";"146,98";"7,1";"528,32";"40,19";"45,72";"3,34";"34,87";"6,16";"2,19";"0,94";"18,58";"4410,38";"147,01";"763,59";"361,77";"32,82";"117,14";"6,9";"478,91";"39,72";"51,5";"2,52";"38,2";"5,39";"1,51";"0,42";"24,91";"1,3";"3,63";"44,17"
"Jim Myrevik";"J. Myrevik";"1033002";"1996-01-20";"FF Jaro";"5282";"FIN - Veikkausliiga";"323";"2026/2026";"130";"Full Back";"51,12";"29,92";"13,88";"16,04";"5";"0";"6352,2";"124,27";"1130,6";"480,2";"42,4";"138,6";"8,0";"618,8";"50,4";"28,42";"28,42";"73,0";"3,6";"60,6";"11,4";"3,2";"0,71";"null";"0,8";"null";"null";"28,2";"2,19";"2,74";"11184,18";"124,27";"1990,62";"845,48";"74,65";"244,03";"14,09";"1089,51";"88,74";"128,53";"6,34";"106,7";"20,07";"5,63";"1,41";"49,65";"9314,27";"155,24";"1940,59";"848,36";"74,61";"260,72";"14,04";"1109,08";"88,65";"103,89";"5,21";"73,0";"13,64";"2244,8";"161,77";"524,0";"216,0";"19,0";"63,0";"3,6";"279,0";"22,6";"20,8";"1,2";"16,8";"2,4";"0,4";"0,0";"9,4";"2399,4";"149,59";"443,6";"207,0";"18,2";"67,0";"3,4";"274,0";"21,6";"31,0";"1,4";"19,6";"4,4";"1,0";"0,4";"16,0";"4853,04";"161,77";"1132,84";"466,97";"41,08";"136,2";"7,78";"603,17";"48,86";"44,97";"2,59";"36,32";"5,19";"0,86";"0,0";"20,32";"4487,66";"149,59";"829,68";"387,16";"34,04";"125,31";"6,36";"512,47";"40,4";"57,98";"2,62";"36,66";"8,23";"1,87";"0,75";"29,93";"0,8";"2,81";"50,94"
"Michael Olusoji Ogungbaro";"M. Ogungbaro";"1033003";"1996-07-10";"FF Jaro";"5282";"FIN - Veikkausliiga";"323";"2025/2025";"128";"Central Defender";"97,05";"54,06";"24,77";"29,29";"11";"0";"10024,0";"103,28";"1060,64";"324,0";"28,82";"84,09";"4,55";"408,09";"33,36";"28,35";"30,06";"101,36";"4,09";"85,36";"9,09";"1,55";"0,83";"null";"0,27";"null";"null";"17,91";"2,25";"3,07";"9295,39";"103,28";"983,54";"300,45";"26,72";"77,98";"4,22";"378,43";"30,94";"94,0";"3,79";"79,16";"8,43";"1,43";"0,25";"16,61";"7803,65";"130,06";"1002,58";"319,93";"27,64";"83,04";"3,43";"402,97";"31,08";"79,0";"3,13";"61,95";"5,25";"3047,45";"123,01";"318,18";"55,09";"6,0";"18,45";"0,82";"73,55";"6,82";"25,18";"1,0";"21,45";"1,73";"0,27";"0,0";"3,91";"3983,91";"136,03";"585,18";"233,18";"18,91";"56,36";"2,27";"289,55";"21,18";"46,0";"1,82";"34,36";"3,0";"0,55";"0,09";"12,18";"3690,27";"123,01";"385,3";"66,71";"7,27";"22,35";"0,99";"89,06";"8,26";"30,49";"1,21";"25,98";"2,09";"0,33";"0,0";"4,73";"4080,78";"136,03";"599,41";"238,85";"19,37";"57,73";"2,33";"296,59";"21,7";"47,12";"1,86";"35,2";"3,07";"0,56";"0,09";"12,48";"0,1";"0,91";"17,86"
"Michael Olusoji Ogungbaro";"M. Ogungbaro";"1033003";"1996-07-10";"FF Jaro";"5282";"FIN - Veikkausliiga";"323";"2026/2026";"130";"Central Defender";"96,56";"56,78";"26,14";"30,65";"10";"0";"10473,3";"108,47";"1273,6";"354,2";"30,7";"94,8";"5,1";"449,0";"35,8";"27,98";"29,18";"107,5";"4,0";"87,1";"10,1";"1,6";"0,74";"null";"0,2";"null";"null";"19,6";"2,17";"2,86";"9762,11";"108,47";"1187,12";"330,15";"28,62";"88,36";"4,75";"418,51";"33,37";"100,2";"3,73";"81,19";"9,41";"1,49";"0,19";"18,27";"8126,57";"135,44";"1184,93";"337,18";"28,42";"87,7";"4,02";"424,88";"32,44";"82,21";"2,96";"62,34";"6,23";"3372,5";"129,04";"400,5";"64,3";"5,7";"19,0";"0,4";"83,3";"6,1";"27,1";"0,9";"22,7";"2,1";"0,1";"0,0";"4,7";"4318,4";"140,9";"720,9";"254,8";"21,2";"64,0";"3,4";"318,8";"24,6";"50,7";"1,9";"36,3";"3,8";"0,8";"0,1";"13,3";"3871,25";"129,04";"459,73";"73,81";"6,54";"21,81";"0,46";"95,62";"7,0";"31,11";"1,03";"26,06";"2,41";"0,11";"0,0";"5,4";"4227,05";"140,9";"705,65";"249,41";"20,75";"62,65";"3,33";"312,06";"24,08";"49,63";"1,86";"35,53";"3,72";"0,78";"0,1";"13,02";"0,11";"0,95";"19,02"
"Michael Olusoji Ogungbaro";"M. Ogungbaro";"1033003";"1996-07-10";"FF Jaro";"5282";"FIN - Veikkausliiga";"323";"2025/2025";"128";"Midfield";"75,79";"37,6";"16,96";"20,64";"8";"0";"8350,25";"110,17";"1094,75";"282,12";"24,88";"46,38";"3,0";"328,5";"27,88";"26,35";"27,3";"82,88";"1,88";"74,0";"7,0";"1,38";"0,77";"null";"0,12";"null";"null";"20,38";"2,0";"3,08";"9915,36";"110,17";"1299,94";"335,0";"29,54";"55,07";"3,56";"390,07";"33,1";"98,41";"2,23";"87,87";"8,31";"1,63";"0,15";"24,19";"8760,53";"146,01";"1544,77";"412,12";"34,31";"68,02";"2,79";"480,15";"37,1";"87,77";"0,8";"71,21";"6,18";"2339,88";"137,98";"315,62";"50,5";"5,12";"12,12";"0,25";"62,62";"5,38";"20,0";"0,25";"16,5";"1,88";"0,12";"0,0";"5,25";"3149,75";"152,61";"652,38";"207,75";"16,38";"30,5";"1,5";"238,25";"17,88";"35,0";"0,25";"28,12";"2,0";"0,25";"0,0";"13,88";"4139,34";"137,98";"558,35";"89,34";"9,07";"21,45";"0,44";"110,79";"9,51";"35,38";"0,44";"29,19";"3,32";"0,22";"0,0";"9,29";"4578,22";"152,61";"948,24";"301,97";"23,8";"44,33";"2,18";"346,3";"25,98";"50,87";"0,36";"40,88";"2,91";"0,36";"0,0";"20,17";"0,0";"0,6";"30,52"
"Severi Kähkönen";"S. Kähkönen";"1033005";"2000-03-10";"FF Jaro";"5282";"FIN - Veikkausliiga";"323";"2025/2025";"128";"Center Forward";"75,32";"43,29";"18,3";"24,99";"4";"0";"9492,25";"126,02";"1449,5";"600,0";"58,5";"200,25";"11,75";"800,25";"70,25";"29,52";"29,52";"101,75";"7,25";"83,25";"15,75";"6,0";"0,67";"0,75";"0,5";"null";"null";"45,75";"2,07";"2,75";"11342,18";"126,02";"1731,99";"716,93";"69,9";"239,28";"14,04";"956,21";"83,94";"121,58";"8,66";"99,47";"18,82";"7,17";"0,6";"54,67";"9462,43";"157,71";"1802,95";"743,98";"72,42";"249,84";"11,78";"993,82";"84,2";"108,46";"5,54";"77,62";"14,55";"2794,5";"152,74";"525,25";"253,0";"24,0";"103,5";"4,75";"356,5";"28,75";"34,25";"2,25";"20,25";"3,0";"1,75";"0,25";"15,75";"4032,25";"161,34";"775,5";"283,75";"28,25";"76,75";"3,75";"360,5";"32,0";"44,0";"1,75";"35,75";"7,5";"1,0";"0,0";"27,25";"4582,19";"152,74";"861,26";"414,85";"39,35";"169,71";"7,79";"584,56";"47,14";"56,16";"3,69";"33,2";"4,92";"2,87";"0,41";"25,83";"4840,31";"161,34";"930,91";"340,61";"33,91";"92,13";"4,5";"432,74";"38,41";"52,82";"2,1";"42,91";"9,0";"1,2";"0,0";"32,71";"0,35";"3,81";"59,6"
"Severi Kähkönen";"S. Kähkönen";"1033005";"2000-03-10";"FF Jaro";"5282";"FIN - Veikkausliiga";"323";"2025/2025";"128";"Wide Attacker";"75,78";"41,44";"19,62";"21,82";"15";"1";"9267,73";"122,3";"1416,4";"611,67";"60,93";"196,13";"12,4";"807,8";"73,33";"28,63";"29,8";"101,2";"5,27";"83,8";"15,07";"4,2";"0,68";"0,69";"1,27";"1,37";"1,48";"44,07";"1,94";"2,72";"11007,29";"122,3";"1682,26";"726,48";"72,37";"232,95";"14,73";"959,42";"87,1";"120,2";"6,26";"99,53";"17,89";"4,99";"1,5";"52,34";"9326,18";"155,44";"1818,53";"816,45";"78,77";"263,24";"15,25";"1079,69";"94,02";"102,71";"4,92";"72,69";"13,03";"2932,87";"149,5";"547,4";"258,4";"25,13";"94,73";"5,13";"353,13";"30,27";"32,27";"1,6";"21,13";"3,27";"1,27";"0,67";"16,4";"3508,07";"160,77";"708,53";"305,47";"29,27";"87,07";"5,4";"392,53";"34,67";"38,67";"1,8";"29,07";"5,73";"1,2";"0,2";"24,4";"4485,01";"149,5";"837,1";"395,15";"38,43";"144,87";"7,85";"540,02";"46,28";"49,34";"2,45";"32,32";"5,0";"1,94";"1,02";"25,08";"4823,19";"160,77";"974,15";"419,98";"40,24";"119,71";"7,42";"539,69";"47,66";"53,16";"2,47";"39,96";"7,88";"1,65";"0,27";"33,55";"1,25";"3,57";"59,08"
"Erik Gunnarsson";"E. Gunnarsson";"1033006";"1999-02-08";"FF Jaro";"5282";"FIN - Veikkausliiga";"323";"2025/2025";"128";"Central Defender";"94,99";"51,44";"23,47";"27,98";"17";"1";"9765,24";"102,8";"1070,41";"302,88";"30,47";"73,88";"4,41";"376,76";"34,88";"27,42";"28,7";"106,12";"4,82";"84,24";"10,76";"2,35";"0,72";"0,75";"0,82";"1,54";"null";"23,88";"2,0";"2,84";"9251,85";"102,8";"1014,14";"286,96";"28,87";"70,0";"4,18";"356,96";"33,05";"100,54";"4,57";"79,81";"10,2";"2,23";"0,78";"22,63";"7761,28";"129,35";"1045,65";"315,87";"29,98";"79,17";"3,64";"395,04";"33,62";"84,46";"4,19";"61,47";"6,45";"2886,12";"122,99";"322,06";"70,94";"7,18";"16,12";"0,65";"87,06";"7,82";"25,71";"1,53";"20,12";"2,18";"0,41";"0,06";"5,71";"3768,29";"134,69";"574,47";"199,88";"18,53";"51,76";"2,47";"251,65";"21,0";"46,71";"2,06";"32,59";"3,35";"1,12";"0,29";"15,71";"3689,79";"122,99";"411,74";"90,7";"9,17";"20,61";"0,83";"111,3";"10,0";"32,86";"1,96";"25,72";"2,78";"0,53";"0,08";"7,29";"4040,71";"134,69";"616,0";"214,33";"19,87";"55,51";"2,65";"269,84";"22,52";"50,08";"2,21";"34,94";"3,6";"1,2";"0,32";"16,84";"0,41";"1,78";"24,97"
"Erik Gunnarsson";"E. Gunnarsson";"1033006";"1999-02-08";"FF Jaro";"5282";"FIN - Veikkausliiga";"323";"2026/2026";"130";"Central Defender";"96,08";"56,51";"25,39";"31,12";"9";"0";"10426,89";"108,52";"1265,89";"368,22";"36,11";"111,44";"6,56";"479,67";"42,67";"28,71";"29,76";"120,0";"5,33";"93,56";"13,0";"1,78";"0,75";"null";"0,44";"1,74";"null";"28,0";"2,12";"2,88";"9767,11";"108,52";"1185,79";"344,92";"33,83";"104,39";"6,14";"449,31";"39,97";"112,41";"5,0";"87,64";"12,18";"1,67";"0,42";"26,23";"8087,55";"134,79";"1172,32";"342,45";"31,26";"98,62";"5,9";"441,06";"37,16";"92,13";"3,42";"67,0";"8,02";"3282,78";"129,29";"431,44";"81,11";"6,56";"17,22";"1,22";"98,33";"7,78";"32,56";"1,11";"24,78";"2,56";"0,22";"0,0";"6,44";"4335,0";"139,28";"672,78";"241,44";"22,89";"75,67";"4,33";"317,11";"27,22";"54,22";"2,11";"38,33";"5,0";"0,89";"0,33";"19,33";"3878,71";"129,29";"509,77";"95,84";"7,75";"20,35";"1,44";"116,18";"9,19";"38,47";"1,31";"29,28";"3,02";"0,26";"0,0";"7,61";"4178,44";"139,28";"648,48";"232,72";"22,06";"72,93";"4,18";"305,66";"26,24";"52,26";"2,03";"36,95";"4,82";"0,86";"0,32";"18,64";"0,35";"1,18";"27,37"
"Samouil Izountouemoi";"S. Izountouemoi";"1033007";"1999-01-30";"FF Jaro";"5282";"FIN - Veikkausliiga";"323";"2025/2025";"128";"Wide Attacker";"59,01";"30,9";"13,16";"17,73";"4";"0";"6966,75";"118,06";"1053,25";"574,75";"52,25";"177,5";"11,25";"752,25";"63,5";"29,2";"29,2";"72,5";"6,0";"56,0";"15,5";"3,5";"0,8";"0,81";"0,5";"null";"null";"26,0";"2,23";"null";"10625,74";"118,06";"1606,43";"876,61";"79,69";"270,72";"17,16";"1147,34";"96,85";"110,58";"9,15";"85,41";"23,64";"5,34";"0,76";"39,66";"9198,33";"153,31";"1803,64";"1011,79";"88,85";"310,72";"19,42";"1322,51";"108,27";"101,96";"7,77";"64,57";"17,96";"2000,25";"151,97";"403,0";"263,25";"21,75";"95,75";"5,75";"359,0";"27,5";"24,0";"2,0";"13,0";"3,75";"0,75";"0,25";"10,75";"2736,25";"154,3";"525,75";"257,75";"24,0";"64,25";"4,25";"322,0";"28,25";"28,5";"2,0";"20,25";"5,5";"1,75";"0,25";"13,25";"4558,97";"151,97";"918,52";"600,0";"49,57";"218,23";"13,11";"818,23";"62,68";"54,7";"4,56";"29,63";"8,55";"1,71";"0,57";"24,5";"4628,99";"154,3";"889,43";"436,04";"40,6";"108,69";"7,19";"544,74";"47,79";"48,21";"3,38";"34,26";"9,3";"2,96";"0,42";"22,42";"0,97";"4,86";"46,61"
"Kerfala Cissoko";"K. Cissoko";"1033008";"1999-08-16";"FF Jaro";"5282";"FIN - Veikkausliiga";"323";"2025/2025";"128";"Center Forward";"95,63";"51,61";"23,73";"27,88";"20";"1";"10068,35";"105,28";"1256,95";"476,7";"47,1";"112,9";"7,0";"589,6";"54,1";"28,2";"30,38";"103,65";"6,9";"86,8";"12,75";"3,95";"0,73";"0,79";"0,9";"1,62";"null";"31,7";"1,91";"2,75";"9475,35";"105,28";"1182,92";"448,62";"44,33";"106,25";"6,59";"554,87";"50,91";"97,55";"6,49";"81,69";"12,0";"3,72";"0,85";"29,83";"7902,9";"131,71";"1248,38";"500,96";"48,19";"118,23";"6,92";"619,19";"55,11";"81,61";"5,0";"63,48";"9,3";"3080,65";"129,83";"530,5";"233,1";"22,1";"56,6";"3,15";"289,7";"25,25";"37,9";"2,45";"25,7";"4,0";"1,1";"0,35";"15,2";"3717,05";"133,32";"543,3";"197,8";"19,35";"45,1";"2,8";"242,9";"22,15";"32,3";"1,85";"28,9";"4,0";"1,0";"0,1";"13,15";"3895,04";"129,83";"670,74";"294,72";"27,94";"71,56";"3,98";"366,28";"31,92";"47,92";"3,1";"32,49";"5,06";"1,39";"0,44";"19,22";"3999,46";"133,32";"584,58";"212,83";"20,82";"48,53";"3,01";"261,35";"23,83";"34,75";"1,99";"31,1";"4,3";"1,08";"0,11";"14,15";"0,52";"2,44";"32,96"
"Aron Bjonbäck";"A. Bjonbäck";"1033009";"2002-04-18";"FF Jaro";"5282";"FIN - Veikkausliiga";"323";"2025/2025";"128";"Full Back";"90,56";"48,24";"21,84";"26,4";"15";"0";"10516,27";"116,12";"1494,47";"607,0";"59,73";"240,67";"13,07";"847,67";"72,8";"30,51";"32,14";"109,4";"6,87";"90,67";"17,33";"5,6";"0,62";"0,66";"1,87";"1,15";"1,25";"39,13";"1,9";"2,52";"10450,98";"116,12";"1485,19";"603,23";"59,36";"239,17";"12,99";"842,4";"72,35";"108,72";"6,82";"90,1";"17,23";"5,57";"1,86";"38,89";"8940,63";"149,01";"1607,3";"685,82";"65,26";"273,71";"13,68";"959,54";"78,94";"96,35";"5,8";"67,83";"12,02";"3187,47";"145,98";"545,87";"230,27";"22,73";"109,47";"5,33";"339,73";"28,07";"31,2";"2,4";"21,27";"4,53";"1,87";"0,73";"12,6";"4000,8";"151,52";"746,4";"321,13";"29,73";"110,6";"5,67";"431,73";"35,4";"46,27";"2,27";"33,27";"5,13";"2,07";"0,87";"23,4";"4379,28";"145,98";"749,97";"316,36";"31,23";"150,4";"7,33";"466,76";"38,56";"42,87";"3,3";"29,22";"6,23";"2,56";"1,01";"17,31";"4545,6";"151,52";"848,04";"364,86";"33,78";"125,66";"6,44";"490,52";"40,22";"52,57";"2,58";"37,8";"5,83";"2,35";"0,98";"26,59";"1,99";"4,89";"44,78"
"Aron Bjonbäck";"A. Bjonbäck";"1033009";"2002-04-18";"FF Jaro";"5282";"FIN - Veikkausliiga";"323";"2026/2026";"130";"Full Back";"75,24";"44,43";"20,09";"24,35";"8";"0";"9676,38";"128,61";"1549,88";"628,25";"59,88";"287,25";"14,25";"915,5";"74,12";"30,8";"31,48";"100,38";"6,88";"84,5";"16,12";"3,62";"0,67";"0,71";"0,75";"1,45";"null";"40,88";"2,12";"2,49";"11574,68";"128,61";"1853,93";"751,5";"71,62";"343,6";"17,05";"1095,1";"88,67";"120,07";"8,22";"101,08";"19,29";"4,34";"0,9";"48,89";"9539,8";"159,0";"1828,53";"779,31";"71,91";"373,71";"17,05";"1153,02";"88,95";"100,77";"6,25";"73,42";"13,17";"3236,75";"161,15";"630,12";"265,88";"25,0";"150,38";"6,75";"416,25";"31,75";"29,5";"2,38";"22,0";"4,0";"1,5";"0,38";"14,25";"3828,0";"157,22";"724,0";"311,25";"28,25";"126,38";"5,88";"437,62";"34,12";"45,12";"2,25";"32,38";"5,75";"0,88";"0,25";"23,62";"4834,48";"161,15";"941,17";"397,12";"37,34";"224,6";"10,08";"621,72";"47,42";"44,06";"3,55";"32,86";"5,97";"2,24";"0,56";"21,28";"4716,63";"157,22";"892,07";"383,5";"34,81";"155,71";"7,24";"539,21";"42,05";"55,6";"2,77";"39,89";"7,08";"1,08";"0,31";"29,11";"0,84";"3,21";"51,14"
"Albin  Björkskog";"A. Björkskog";"1033011";"2004-11-16";"FF Jaro";"5282";"FIN - Veikkausliiga";"323";"2025/2025";"128";"Wide Attacker";"74,74";"38,84";"18,18";"20,66";"16";"1";"8678,31";"116,12";"1272,38";"572,19";"56,12";"232,81";"12,81";"805,0";"68,94";"29,89";"31,86";"90,94";"5,56";"70,62";"17,0";"4,75";"0,65";"0,66";"1,5";"1,39";"1,62";"40,06";"1,85";"2,59";"10450,7";"116,12";"1532,23";"689,05";"67,59";"280,36";"15,43";"969,41";"83,02";"109,51";"6,7";"85,05";"20,47";"5,72";"1,81";"48,24";"8941,39";"149,02";"1704,02";"795,43";"77,24";"327,9";"16,8";"1123,33";"94,05";"93,27";"5,21";"64,31";"13,52";"2627,62";"144,55";"490,06";"272,31";"25,5";"127,31";"6,12";"399,62";"31,62";"30,44";"1,81";"19,56";"4,0";"1,5";"0,5";"15,81";"3160,06";"152,96";"612,94";"242,56";"24,5";"84,94";"4,75";"327,5";"29,25";"29,94";"1,56";"22,06";"4,75";"1,31";"0,19";"19,94";"4336,46";"144,55";"808,77";"449,41";"42,08";"210,11";"10,11";"659,52";"52,19";"50,23";"2,99";"32,28";"6,6";"2,48";"0,83";"26,1";"4588,81";"152,96";"890,06";"352,23";"35,58";"123,34";"6,9";"475,57";"42,47";"43,47";"2,27";"32,04";"6,9";"1,91";"0,27";"28,95";"1,06";"4,35";"55,23"
"Rudi Vikström";"R. Vikström";"1033017";"2007-07-18";"FF Jaro";"5282";"FIN - Veikkausliiga";"323";"2025/2025";"128";"Center Forward";"47,91";"26,24";"11,46";"14,78";"4";"0";"5644,25";"117,81";"927,25";"342,5";"32,25";"78,25";"4,75";"420,75";"37,0";"26,4";"26,4";"59,25";"3,5";"49,75";"8,5";"1,75";"null";"null";"1,0";"null";"null";"24,0";"2,17";"null";"10603,22";"117,81";"1741,92";"643,42";"60,58";"147,0";"8,92";"790,42";"69,51";"111,31";"6,58";"93,46";"15,97";"3,29";"1,88";"45,09";"9136,04";"152,27";"1909,18";"724,8";"65,74";"160,05";"8,57";"884,85";"74,31";"92,6";"5,14";"72,02";"10,29";"1670,0";"145,75";"323,75";"138,75";"13,25";"45,5";"2,5";"184,25";"15,75";"17,75";"1,25";"13,0";"2,0";"0,75";"0,5";"9,0";"2325,75";"157,32";"511,25";"178,25";"15,5";"24,5";"1,25";"202,75";"16,75";"22,75";"1,0";"18,5";"2,5";"0,0";"0,0";"13,5";"4372,36";"145,75";"847,64";"363,27";"34,69";"119,13";"6,55";"482,4";"41,24";"46,47";"3,27";"34,04";"5,24";"1,96";"1,31";"23,56";"4719,67";"157,32";"1037,49";"361,72";"31,45";"49,72";"2,54";"411,44";"33,99";"46,17";"2,03";"37,54";"5,07";"0,0";"0,0";"27,4";"1,14";"1,71";"51,44"
"Rudi Vikström";"R. Vikström";"1033017";"2007-07-18";"FF Jaro";"5282";"FIN - Veikkausliiga";"323";"2026/2026";"130";"Center Forward";"65,39";"38,8";"18,78";"20,02";"6";"0";"8055,33";"123,18";"1314,17";"427,0";"36,17";"66,0";"4,0";"493,0";"40,17";"26,15";"26,4";"78,83";"4,5";"64,67";"8,0";"3,33";"0,77";"0,84";"0,0";"null";"null";"28,17";"2,23";"null";"11086,26";"123,18";"1808,64";"587,66";"49,77";"90,83";"5,51";"678,5";"55,28";"108,5";"6,19";"89,0";"11,01";"4,59";"0,0";"38,76";"9256,85";"154,28";"1842,92";"606,49";"51,29";"94,08";"4,9";"700,57";"56,19";"88,41";"4,38";"67,02";"7,47";"2758,67";"146,91";"490,67";"192,17";"16,33";"39,17";"2,0";"231,33";"18,33";"30,33";"1,83";"20,5";"2,5";"1,5";"0,0";"11,5";"3227,0";"161,19";"701,0";"200,0";"16,83";"21,67";"1,17";"221,67";"18,0";"26,83";"1,0";"22,83";"2,33";"0,17";"0,0";"13,67";"4407,34";"146,91";"783,91";"307,01";"26,09";"62,57";"3,2";"369,59";"29,29";"48,46";"2,93";"32,75";"3,99";"2,4";"0,0";"18,37";"4835,8";"161,19";"1050,48";"299,71";"25,23";"32,47";"1,75";"332,18";"26,97";"40,21";"1,5";"34,22";"3,5";"0,25";"0,0";"20,48";"0,0";"2,58";"38,92"
"Marius Bustgaard Larsen";"M. Larsen";"1033049";"2000-05-14";"Kotkan Työväen Palloilijat";"5279";"FIN - Veikkausliiga";"323";"2025/2025";"128";"Wide Attacker";"67,97";"37,0";"16,94";"20,06";"6";"0";"8093,0";"119,07";"1225,83";"502,5";"50,83";"232,83";"11,67";"735,33";"62,5";"30,1";"30,84";"86,0";"5,17";"73,33";"10,33";"3,83";"0,76";"0,91";"1,0";"1,47";"null";"27,67";"2,16";"2,93";"10716,14";"119,07";"1623,16";"665,37";"67,31";"308,3";"15,45";"973,67";"82,76";"113,87";"6,84";"97,1";"13,68";"5,08";"1,32";"36,63";"8953,78";"149,23";"1724,32";"740,54";"73,51";"352,7";"15,95";"1093,24";"89,46";"93,51";"6,49";"71,35";"9,73";"2518,0";"148,65";"480,83";"271,33";"27,17";"145,0";"7,17";"416,33";"34,33";"29,17";"2,33";"19,5";"2,83";"1,5";"0,33";"13,5";"3003,5";"149,72";"582,5";"185,33";"18,17";"72,5";"2,67";"257,83";"20,83";"28,5";"1,67";"24,5";"3,17";"0,67";"0,17";"11,33";"4459,56";"148,65";"851,59";"480,55";"48,11";"256,81";"12,69";"737,36";"60,81";"51,66";"4,13";"34,54";"5,02";"2,66";"0,59";"23,91";"4491,53";"149,72";"871,09";"277,15";"27,17";"108,42";"3,99";"385,57";"31,15";"42,62";"2,49";"36,64";"4,74";"1,0";"0,25";"16,95";"0,81";"3,51";"40,27"
"Marcelo Costa Amaral";"Marcelo Costa";"1057972";"2001-09-02";"IF Gnistan";"5281";"FIN - Veikkausliiga";"323";"2026/2026";"130";"Central Defender";"89,71";"45,7";"19,21";"26,49";"7";"0";"9660,86";"107,68";"1247,14";"468,71";"49,86";"242,43";"11,86";"711,14";"61,71";"29,86";"30,5";"100,14";"5,71";"76,43";"11,57";"4,29";"0,62";"0,66";"1,71";"1,26";"null";"30,71";"2,06";"2,68";"9691,62";"107,68";"1251,11";"470,21";"50,02";"243,2";"11,89";"713,41";"61,91";"100,46";"5,73";"76,67";"11,61";"4,3";"1,72";"30,81";"8491,66";"141,53";"1415,65";"541,35";"56,27";"277,99";"12,94";"819,34";"69,22";"87,6";"4,88";"63,59";"7,32";"2604,14";"135,58";"370,0";"132,0";"13,14";"69,86";"3,0";"201,86";"16,14";"21,14";"1,71";"16,29";"1,57";"1,29";"0,57";"6,29";"3863,0";"145,84";"708,14";"280,29";"29,71";"141,86";"6,86";"422,14";"36,57";"45,57";"2,0";"32,14";"4,0";"1,57";"0,43";"20,86";"4067,46";"135,58";"577,91";"206,17";"20,53";"109,11";"4,69";"315,28";"25,21";"33,02";"2,68";"25,44";"2,45";"2,01";"0,89";"9,82";"4375,17";"145,84";"802,03";"317,45";"33,65";"160,67";"7,77";"478,11";"41,42";"51,61";"2,27";"36,4";"4,53";"1,78";"0,49";"23,62";"1,31";"3,75";"35,64"
"Samson Ngulube";"S. Ngulube";"1066062";"2005-12-01";"IFK Mariehamn";"5280";"FIN - Veikkausliiga";"323";"2026/2026";"130";"Full Back";"80,53";"47,09";"20,81";"26,28";"6";"0";"9346,17";"116,06";"1482,67";"589,33";"52,83";"158,33";"9,83";"747,67";"62,67";"28,12";"28,24";"114,83";"5,83";"98,5";"17,0";"4,0";"0,58";"0,63";"1,0";"1,66";"null";"35,83";"2,1";"2,79";"10445,53";"116,06";"1657,07";"658,65";"59,05";"176,96";"10,99";"835,61";"70,04";"128,34";"6,52";"110,09";"19,0";"4,47";"1,12";"40,05";"8708,73";"145,15";"1648,89";"701,69";"61,16";"188,38";"10,41";"890,07";"71,57";"106,19";"5,73";"81,34";"14,02";"2904,83";"139,6";"516,17";"197,5";"17,83";"61,0";"3,5";"258,5";"21,33";"30,83";"1,83";"24,83";"3,67";"0,67";"0,5";"10,33";"3929,5";"149,54";"777,83";"353,17";"30,17";"86,83";"4,67";"440,0";"34,83";"52,5";"2,67";"39,0";"7,33";"1,33";"0,0";"23,33";"4187,99";"139,6";"744,17";"284,74";"25,71";"87,95";"5,05";"372,69";"30,76";"44,45";"2,64";"35,8";"5,29";"0,96";"0,72";"14,9";"4486,11";"149,54";"888,01";"403,19";"34,44";"99,13";"5,33";"502,33";"39,77";"59,94";"3,04";"44,52";"8,37";"1,52";"0,0";"26,64";"0,64";"2,55";"42,9"
"Eetu Turkki";"E. Turkki";"1066063";"2007-01-31";"Turun Palloseura";"5208";"FIN - Veikkausliiga";"323";"2026/2026";"130";"Central Defender";"95,64";"49,09";"21,27";"27,83";"3";"0";"9692,33";"101,34";"1230,67";"399,67";"38,33";"143,33";"7,67";"543,0";"46,0";"28,93";"28,93";"104,67";"6,0";"79,67";"12,0";"5,0";"0,79";"null";"0,67";"null";"null";"26,67";"2,45";"null";"9120,87";"101,34";"1158,11";"376,1";"36,07";"134,88";"7,21";"510,98";"43,29";"98,5";"5,65";"74,97";"11,29";"4,71";"0,63";"25,09";"7978,5";"132,97";"1266,54";"429,38";"40,74";"165,4";"8,15";"594,77";"48,89";"91,25";"4,48";"62,33";"7,33";"2715,33";"127,68";"364,33";"105,0";"7,0";"19,0";"0,67";"124,0";"7,67";"27,0";"1,67";"18,0";"2,0";"1,0";"0,0";"6,33";"3813,0";"137,02";"672,0";"246,33";"26,33";"116,33";"6,0";"362,67";"32,33";"47,67";"2,0";"33,0";"4,0";"1,67";"0,33";"16,33";"3830,41";"127,68";"513,95";"148,12";"9,87";"26,8";"0,94";"174,92";"10,82";"38,09";"2,35";"25,39";"2,82";"1,41";"0,0";"8,93";"4110,64";"137,02";"724,46";"265,56";"28,39";"125,41";"6,47";"390,98";"34,86";"51,39";"2,16";"35,58";"4,31";"1,8";"0,36";"17,61";"0,41";"3,26";"27,7"
"Eetu Turkki";"E. Turkki";"1066063";"2007-01-31";"Turun Palloseura";"5208";"FIN - Veikkausliiga";"323";"2026/2026";"130";"Full Back";"88,32";"44,51";"20,17";"24,35";"4";"0";"9215,25";"104,34";"1194,0";"381,0";"39,5";"78,25";"6,75";"459,25";"46,25";"27,82";"27,82";"98,0";"7,25";"82,5";"13,25";"4,0";"0,76";"null";"1,0";"null";"null";"29,25";"2,38";"2,81";"9390,89";"104,34";"1216,76";"388,26";"40,25";"79,74";"6,88";"468,0";"47,13";"99,87";"7,39";"84,07";"13,5";"4,08";"1,02";"29,81";"8164,79";"136,08";"1404,89";"472,79";"45,49";"103,45";"7,41";"576,24";"52,91";"88,96";"6,4";"69,42";"10,11";"2655,0";"131,65";"409,5";"113,5";"12,0";"24,0";"1,5";"137,5";"13,5";"27,75";"2,25";"21,75";"2,75";"1,0";"0,0";"8,75";"3402,25";"139,75";"632,75";"237,25";"21,75";"52,75";"4,0";"290,0";"25,75";"38,25";"2,5";"29,75";"4,75";"1,0";"0,5";"18,25";"3949,59";"131,65";"609,17";"168,84";"17,85";"35,7";"2,23";"204,55";"20,08";"41,28";"3,35";"32,36";"4,09";"1,49";"0,0";"13,02";"4192,4";"139,75";"779,7";"292,35";"26,8";"65,0";"4,93";"357,35";"31,73";"47,13";"3,08";"36,66";"5,85";"1,23";"0,62";"22,49";"0,67";"2,7";"36,39"
"Eeli Kiiskilä";"E. Kiiskilä";"1066064";"2025-11-05";"FC Inter Turku";"1769";"FIN - Veikkausliiga";"323";"2026/2026";"130";"Midfield";"82,39";"50,77";"30,46";"20,31";"5";"0";"11564,8";"140,37";"2319,6";"576,2";"46,2";"88,2";"5,2";"664,4";"51,4";"26,16";"26,16";"102,2";"2,8";"88,0";"8,0";"1,6";"0,89";"0,89";"0,0";"null";"null";"49,6";"1,85";"2,71";"12632,99";"140,37";"2533,85";"629,42";"50,47";"96,35";"5,68";"725,77";"56,15";"111,64";"3,06";"96,13";"8,74";"1,75";"0,0";"54,18";"10399,13";"173,32";"2513,69";"636,75";"52,24";"95,96";"4,49";"732,72";"56,73";"93,36";"1,18";"70,44";"6,38";"5144,0";"168,9";"1167,0";"218,4";"19,8";"37,0";"1,4";"255,4";"21,2";"40,8";"0,6";"34,0";"2,2";"0,2";"0,0";"20,6";"3655,4";"179,95";"960,0";"320,4";"24,4";"44,2";"2,4";"364,6";"26,8";"38,2";"0,4";"25,6";"3,2";"0,2";"0,0";"26,0";"5066,87";"168,9";"1149,5";"215,13";"19,5";"36,45";"1,38";"251,57";"20,88";"40,19";"0,59";"33,49";"2,17";"0,2";"0,0";"20,29";"5398,52";"179,95";"1417,79";"473,19";"36,04";"65,28";"3,54";"538,46";"39,58";"56,42";"0,59";"37,81";"4,73";"0,3";"0,0";"38,4";"0,0";"0,47";"55,07"
"Henrik linus Zetterstrom";"H. Zetterstrom";"1066150";"1997-04-30";"FF Jaro";"5282";"FIN - Veikkausliiga";"323";"2026/2026";"130";"Center Forward";"69,2";"41,49";"18,24";"23,25";"5";"0";"7871,6";"113,75";"1069,4";"456,4";"45,8";"156,6";"9,0";"613,0";"54,8";"29,4";"29,4";"81,4";"6,4";"67,8";"14,0";"5,2";"0,7";"0,78";"0,8";"1,66";"null";"34,2";"2,0";"2,89";"10237,63";"113,75";"1390,84";"593,58";"59,57";"203,67";"11,71";"797,25";"71,27";"105,87";"8,32";"88,18";"18,21";"6,76";"1,04";"44,48";"8341,58";"139,03";"1375,85";"591,47";"59,58";"196,38";"10,7";"787,85";"70,28";"89,66";"5,21";"66,81";"12,73";"2428,0";"133,09";"380,8";"207,2";"19,0";"62,6";"3,6";"269,8";"22,6";"27,6";"1,8";"18,2";"2,8";"1,2";"0,2";"12,6";"3340,2";"143,69";"570,6";"201,8";"22,2";"73,2";"3,8";"275,0";"26,0";"34,4";"1,8";"28,0";"6,0";"1,4";"0,4";"19,4";"3992,69";"133,09";"626,2";"340,73";"31,24";"102,94";"5,92";"443,67";"37,16";"45,39";"2,96";"29,93";"4,6";"1,97";"0,33";"20,72";"4310,55";"143,69";"736,36";"260,42";"28,65";"94,47";"4,9";"354,89";"33,55";"44,39";"2,32";"36,13";"7,74";"1,81";"0,52";"25,04";"0,87";"3,76";"46,28"
"Clinton degol Jephta";"C. Jephta";"1066893";"2004-10-21";"FC Inter Turku";"1769";"FIN - Veikkausliiga";"323";"2026/2026";"130";"Wide Attacker";"80,94";"45,66";"25,5";"20,16";"5";"1";"9409,8";"116,26";"1367,2";"706,2";"77,6";"353,6";"18,8";"1059,8";"96,4";"31,28";"31,28";"106,8";"15,4";"86,2";"26,0";"12,4";"0,66";"0,68";"3,6";"1,21";"1,21";"47,2";"1,89";"2,64";"10463,08";"116,26";"1520,24";"785,25";"86,29";"393,18";"20,9";"1178,43";"107,19";"118,75";"17,12";"95,85";"28,91";"13,79";"4,0";"52,48";"8808,94";"146,82";"1600,79";"845,47";"91,46";"429,7";"22,08";"1275,16";"113,53";"102,23";"13,67";"68,59";"20,5";"3554,4";"139,41";"596,4";"352,2";"37,8";"215,8";"10,0";"568,0";"47,8";"42,2";"6,4";"26,0";"8,6";"5,4";"1,8";"23,6";"3149,2";"156,18";"621,8";"291,2";"31,8";"111,2";"6,8";"402,4";"38,6";"35,6";"4,0";"26,2";"7,0";"2,6";"1,0";"19,6";"4182,19";"139,41";"701,74";"414,41";"44,48";"253,92";"11,77";"668,32";"56,24";"49,65";"7,53";"30,59";"10,12";"6,35";"2,12";"27,77";"4685,53";"156,18";"925,14";"433,26";"47,31";"165,45";"10,12";"598,71";"57,43";"52,97";"5,95";"38,98";"10,41";"3,87";"1,49";"29,16";"3,68";"10,51";"56,77"
